CV_GROUP_V4,n_samples,n_labels,labels,databases,years
PAPER|GEOROC|CITATION_ID|1001,16,1,OIB,GEOROC,1988
PAPER|GEOROC|CITATION_ID|10020,9,1,CAB,GEOROC,2007
PAPER|GEOROC|CITATION_ID|10024,9,1,CFB,GEOROC,2007
PAPER|GEOROC|CITATION_ID|1006,7,1,OIB,GEOROC,1994
PAPER|GEOROC|CITATION_ID|10062,6,1,OIB,GEOROC,1990
PAPER|GEOROC|CITATION_ID|1007,11,1,OIB,GEOROC,1994
PAPER|GEOROC|CITATION_ID|1008,6,1,OIB,GEOROC,1993
PAPER|GEOROC|CITATION_ID|1013,18,1,OPB,GEOROC,1991
PAPER|GEOROC|CITATION_ID|10133,15,1,OIB,GEOROC,1995
PAPER|GEOROC|CITATION_ID|10155,13,1,CFB,GEOROC,2007
PAPER|GEOROC|CITATION_ID|10156,17,1,OPB,GEOROC,2007
PAPER|GEOROC|CITATION_ID|10164,10,1,OIB,GEOROC,2007
PAPER|GEOROC|CITATION_ID|10193,43,1,IAB,GEOROC,1994
PAPER|GEOROC|CITATION_ID|10205,5,1,CAB,GEOROC,1981
PAPER|GEOROC|CITATION_ID|1021,6,1,OIB,GEOROC,1997
PAPER|GEOROC|CITATION_ID|10228,9,1,CAB,GEOROC,1991
PAPER|GEOROC|CITATION_ID|10281,62,1,OIB,GEOROC,2007
PAPER|GEOROC|CITATION_ID|10282,58,1,OIB,GEOROC,2007
PAPER|GEOROC|CITATION_ID|10315,32,1,OIB,GEOROC,1990
PAPER|GEOROC|CITATION_ID|1033,5,1,OIB,GEOROC,1973
PAPER|GEOROC|CITATION_ID|10354,1,1,IAB,GEOROC,1965
PAPER|GEOROC|CITATION_ID|1036,1,1,OIB,GEOROC,1970
PAPER|GEOROC|CITATION_ID|1037,2,1,OIB,GEOROC,1969
PAPER|GEOROC|CITATION_ID|10372,4,1,CFB,GEOROC,2001
PAPER|GEOROC|CITATION_ID|10373,3,1,CFB,GEOROC,1995
PAPER|GEOROC|CITATION_ID|1038,32,1,OIB,GEOROC,1969
PAPER|GEOROC|CITATION_ID|10384,8,1,CFB,GEOROC,1993
PAPER|GEOROC|CITATION_ID|1040,4,1,OIB,GEOROC,1966
PAPER|GEOROC|CITATION_ID|10402,3,1,CAB,GEOROC,1984
PAPER|GEOROC|CITATION_ID|10406,26,1,IAB,GEOROC,2006
PAPER|GEOROC|CITATION_ID|10418,13,1,CFB,GEOROC,2007
PAPER|GEOROC|CITATION_ID|1042,1,1,OIB,GEOROC,1984
PAPER|GEOROC|CITATION_ID|1043,2,1,OIB,GEOROC,1984
PAPER|GEOROC|CITATION_ID|10437,10,1,OIB,GEOROC,1989
PAPER|GEOROC|CITATION_ID|1044,3,1,OIB,GEOROC,1984
PAPER|GEOROC|CITATION_ID|1046,17,1,OIB,GEOROC,1983
PAPER|GEOROC|CITATION_ID|10485,3,1,IAB,GEOROC,1986
PAPER|GEOROC|CITATION_ID|10488,12,1,IAB,GEOROC,1990
PAPER|GEOROC|CITATION_ID|1052,3,1,OIB,GEOROC,1983
PAPER|GEOROC|CITATION_ID|10529,54,1,CFB,GEOROC,2002
PAPER|GEOROC|CITATION_ID|10546,88,1,OPB,GEOROC,2004
PAPER|GEOROC|CITATION_ID|10548,58,1,OPB,GEOROC,2004
PAPER|GEOROC|CITATION_ID|10552,14,1,OPB,GEOROC,2004
PAPER|GEOROC|CITATION_ID|1056,305,1,OIB,GEOROC,1982
PAPER|GEOROC|CITATION_ID|10562,25,1,IAB,GEOROC,2007
PAPER|GEOROC|CITATION_ID|10567,33,1,OIB,GEOROC,2007
PAPER|GEOROC|CITATION_ID|10578,31,1,OIB,GEOROC,2007
PAPER|GEOROC|CITATION_ID|10583,2,1,OPB,GEOROC,2007
PAPER|GEOROC|CITATION_ID|1060,5,1,OIB,GEOROC,1982
PAPER|GEOROC|CITATION_ID|10608,5,2,BABB|OIB,GEOROC,2007
PAPER|GEOROC|CITATION_ID|1061,18,1,OIB,GEOROC,1982
PAPER|GEOROC|CITATION_ID|10621,6,1,OIB,GEOROC,2007
PAPER|GEOROC|CITATION_ID|10626,58,1,CFB,GEOROC,2007
PAPER|GEOROC|CITATION_ID|1064,4,1,OIB,GEOROC,1981
PAPER|GEOROC|CITATION_ID|10641,10,1,CFB,GEOROC,2007
PAPER|GEOROC|CITATION_ID|10644,4,1,CAB,GEOROC,1976
PAPER|GEOROC|CITATION_ID|10645,1,1,CAB,GEOROC,1979
PAPER|GEOROC|CITATION_ID|10675,4,1,BABB,GEOROC,2007
PAPER|GEOROC|CITATION_ID|10692,102,1,OIB,GEOROC,2007
PAPER|GEOROC|CITATION_ID|10693,8,1,OIB,GEOROC,2007
PAPER|GEOROC|CITATION_ID|1071,27,1,OIB,GEOROC,1979
PAPER|GEOROC|CITATION_ID|1073,1,1,OIB,GEOROC,1978
PAPER|GEOROC|CITATION_ID|1074,1,1,OIB,GEOROC,1978
PAPER|GEOROC|CITATION_ID|1075,25,1,OIB,GEOROC,1978
PAPER|GEOROC|CITATION_ID|1077,2,1,OIB,GEOROC,1978
PAPER|GEOROC|CITATION_ID|10784,68,1,OIB,GEOROC,2007
PAPER|GEOROC|CITATION_ID|1086,3,1,OIB,GEOROC,1976
PAPER|GEOROC|CITATION_ID|1087,33,1,OIB,GEOROC,1976
PAPER|GEOROC|CITATION_ID|10874,6,1,OPB,GEOROC,2007
PAPER|GEOROC|CITATION_ID|1088,3,1,OIB,GEOROC,1976
PAPER|GEOROC|CITATION_ID|109,6,1,OIB,GEOROC,1983
PAPER|GEOROC|CITATION_ID|1094,1,1,OIB,GEOROC,1976
PAPER|GEOROC|CITATION_ID|1096,1,1,OIB,GEOROC,1975
PAPER|GEOROC|CITATION_ID|1105,22,1,OIB,GEOROC,1992
PAPER|GEOROC|CITATION_ID|11073,5,1,OIB,GEOROC,2008
PAPER|GEOROC|CITATION_ID|1112,9,1,OIB,GEOROC,1990
PAPER|GEOROC|CITATION_ID|11165,23,1,IAB,GEOROC,1996
PAPER|GEOROC|CITATION_ID|11184,4,1,CFB,GEOROC,2008
PAPER|GEOROC|CITATION_ID|11185,10,1,CFB,GEOROC,2008
PAPER|GEOROC|CITATION_ID|1119,19,1,OIB,GEOROC,1988
PAPER|GEOROC|CITATION_ID|1126,80,1,OIB,GEOROC,1995
PAPER|GEOROC|CITATION_ID|1127,5,1,OIB,GEOROC,1995
PAPER|GEOROC|CITATION_ID|113,4,1,OIB,GEOROC,1985
PAPER|GEOROC|CITATION_ID|1132,1,1,OIB,GEOROC,1994
PAPER|GEOROC|CITATION_ID|1133,23,1,OIB,GEOROC,1993
PAPER|GEOROC|CITATION_ID|11340,20,1,CFB,GEOROC,2008
PAPER|GEOROC|CITATION_ID|11342,17,1,IAB,GEOROC,2008
PAPER|GEOROC|CITATION_ID|11343,8,1,CFB,GEOROC,2008
PAPER|GEOROC|CITATION_ID|11361,12,1,CFB,GEOROC,1980
PAPER|GEOROC|CITATION_ID|1137,36,1,OIB,GEOROC,1974
PAPER|GEOROC|CITATION_ID|11370,2,1,OIB,GEOROC,1983
PAPER|GEOROC|CITATION_ID|1138,25,1,OIB,GEOROC,1984
PAPER|GEOROC|CITATION_ID|1139,24,1,OIB,GEOROC,1983
PAPER|GEOROC|CITATION_ID|11395,11,1,OIB,GEOROC,2002
PAPER|GEOROC|CITATION_ID|1143,1,1,OIB,GEOROC,1979
PAPER|GEOROC|CITATION_ID|1145,22,1,OIB,GEOROC,1978
PAPER|GEOROC|CITATION_ID|11453,18,1,CFB,GEOROC,1990
PAPER|GEOROC|CITATION_ID|1146,2,1,OIB,GEOROC,1978
PAPER|GEOROC|CITATION_ID|11464,20,1,CFB,GEOROC,1977
PAPER|GEOROC|CITATION_ID|1147,31,1,OIB,GEOROC,1978
PAPER|GEOROC|CITATION_ID|11470,30,1,CFB,GEOROC,2002
PAPER|GEOROC|CITATION_ID|11472,46,1,CFB,GEOROC,2002
PAPER|GEOROC|CITATION_ID|11473,21,1,CFB,GEOROC,2002
PAPER|GEOROC|CITATION_ID|11474,9,1,CFB,GEOROC,2002
PAPER|GEOROC|CITATION_ID|11475,63,1,CFB,GEOROC,2008
PAPER|GEOROC|CITATION_ID|11482,1,1,IOAB,GEOROC,2008
PAPER|GEOROC|CITATION_ID|11484,5,1,CFB,GEOROC,2008
PAPER|GEOROC|CITATION_ID|11486,16,1,CFB,GEOROC,2008
PAPER|GEOROC|CITATION_ID|11489,111,1,OIB,GEOROC,2008
PAPER|GEOROC|CITATION_ID|11492,2,1,IAB,GEOROC,2001
PAPER|GEOROC|CITATION_ID|1151,2,1,OIB,GEOROC,1993
PAPER|GEOROC|CITATION_ID|11548,17,1,OPB,GEOROC,2008
PAPER|GEOROC|CITATION_ID|1155,1,1,OIB,GEOROC,1991
PAPER|GEOROC|CITATION_ID|1157,2,1,OIB,GEOROC,1969
PAPER|GEOROC|CITATION_ID|1159,7,1,OIB,GEOROC,1972
PAPER|GEOROC|CITATION_ID|11599,8,1,CFB,GEOROC,1992
PAPER|GEOROC|CITATION_ID|1162,8,1,OIB,GEOROC,1980
PAPER|GEOROC|CITATION_ID|11626,14,1,CFB,GEOROC,1996
PAPER|GEOROC|CITATION_ID|11644,23,1,CFB,GEOROC,2007
PAPER|GEOROC|CITATION_ID|11652,7,1,OIB,GEOROC,2008
PAPER|GEOROC|CITATION_ID|11707,1,1,CFB,GEOROC,2008
PAPER|GEOROC|CITATION_ID|11711,3,1,OIB,GEOROC,2008
PAPER|GEOROC|CITATION_ID|11716,17,1,IAB,GEOROC,2008
PAPER|GEOROC|CITATION_ID|11753,1,1,IAB,GEOROC,2007
PAPER|GEOROC|CITATION_ID|1176,8,1,OIB,GEOROC,1992
PAPER|GEOROC|CITATION_ID|11773,8,1,CAB,GEOROC,2005
PAPER|GEOROC|CITATION_ID|1178,8,1,OIB,GEOROC,1991
PAPER|GEOROC|CITATION_ID|11780,3,1,CFB,GEOROC,1999
PAPER|GEOROC|CITATION_ID|118,52,1,OIB,GEOROC,1983
PAPER|GEOROC|CITATION_ID|1180,13,1,OIB,GEOROC,1996
PAPER|GEOROC|CITATION_ID|11803,2,1,IOAB,GEOROC,2007
PAPER|GEOROC|CITATION_ID|1182,19,1,OIB,GEOROC,1993
PAPER|GEOROC|CITATION_ID|11821,22,1,OIB,GEOROC,1989
PAPER|GEOROC|CITATION_ID|11847,1,1,OIB,GEOROC,2008
PAPER|GEOROC|CITATION_ID|1185,2,1,OIB,GEOROC,1992
PAPER|GEOROC|CITATION_ID|11858,40,1,CFB,GEOROC,2008
PAPER|GEOROC|CITATION_ID|11859,44,1,CFB,GEOROC,2008
PAPER|GEOROC|CITATION_ID|1186,6,1,OIB,GEOROC,1993
PAPER|GEOROC|CITATION_ID|11897,5,1,CFB,GEOROC,2008
PAPER|GEOROC|CITATION_ID|119,11,1,OIB,GEOROC,1984
PAPER|GEOROC|CITATION_ID|1191,34,1,OIB,GEOROC,1989
PAPER|GEOROC|CITATION_ID|11910,12,1,CFB,GEOROC,2005
PAPER|GEOROC|CITATION_ID|1192,40,1,OIB,GEOROC,1988
PAPER|GEOROC|CITATION_ID|11928,2,1,OIB,GEOROC,1982
PAPER|GEOROC|CITATION_ID|11940,15,1,CFB,GEOROC,2008
PAPER|GEOROC|CITATION_ID|11951,11,1,CAB,GEOROC,2008
PAPER|GEOROC|CITATION_ID|1199,9,1,OIB,GEOROC,1996
PAPER|GEOROC|CITATION_ID|12004,42,1,CFB,GEOROC,2008
PAPER|GEOROC|CITATION_ID|12036,17,1,CFB,GEOROC,2004
PAPER|GEOROC|CITATION_ID|12039,6,1,CFB,GEOROC,2004
PAPER|GEOROC|CITATION_ID|1209,24,1,OIB,GEOROC,1998
PAPER|GEOROC|CITATION_ID|12107,2,1,IAB,GEOROC,1990
PAPER|GEOROC|CITATION_ID|12114,1,1,IAB,GEOROC,1992
PAPER|GEOROC|CITATION_ID|1212,3,1,OIB,GEOROC,1990
PAPER|GEOROC|CITATION_ID|1213,7,1,OIB,GEOROC,1992
PAPER|GEOROC|CITATION_ID|12150,80,1,OIB,GEOROC,2008
PAPER|GEOROC|CITATION_ID|1216,5,1,OIB,GEOROC,1991
PAPER|GEOROC|CITATION_ID|1220,13,1,OIB,GEOROC,1986
PAPER|GEOROC|CITATION_ID|1223,12,1,OIB,GEOROC,1983
PAPER|GEOROC|CITATION_ID|1224,3,1,OIB,GEOROC,1992
PAPER|GEOROC|CITATION_ID|12241,6,1,OIB,GEOROC,2007
PAPER|GEOROC|CITATION_ID|1225,11,1,OIB,GEOROC,1985
PAPER|GEOROC|CITATION_ID|1226,8,1,OIB,GEOROC,1969
PAPER|GEOROC|CITATION_ID|12261,7,1,CFB,GEOROC,2008
PAPER|GEOROC|CITATION_ID|12274,19,1,CFB,GEOROC,2008
PAPER|GEOROC|CITATION_ID|1229,24,1,OIB,GEOROC,1988
PAPER|GEOROC|CITATION_ID|1230,78,1,OIB,GEOROC,1997
PAPER|GEOROC|CITATION_ID|1231,12,1,OIB,GEOROC,1972
PAPER|GEOROC|CITATION_ID|1233,1,1,OIB,GEOROC,1987
PAPER|GEOROC|CITATION_ID|12334,14,1,CFB,GEOROC,2008
PAPER|GEOROC|CITATION_ID|1238,3,1,OIB,GEOROC,1987
PAPER|GEOROC|CITATION_ID|12388,13,1,OIB,GEOROC,2008
PAPER|GEOROC|CITATION_ID|1240,4,1,OIB,GEOROC,1994
PAPER|GEOROC|CITATION_ID|1241,14,1,OIB,GEOROC,1997
PAPER|GEOROC|CITATION_ID|12427,7,1,IAB,GEOROC,2002
PAPER|GEOROC|CITATION_ID|1243,28,1,OIB,GEOROC,1992
PAPER|GEOROC|CITATION_ID|12458,9,1,OIB,GEOROC,2008
PAPER|GEOROC|CITATION_ID|12461,3,1,IAB,GEOROC,1994
PAPER|GEOROC|CITATION_ID|12462,1,1,IAB,GEOROC,1983
PAPER|GEOROC|CITATION_ID|12464,7,1,IAB,GEOROC,1982
PAPER|GEOROC|CITATION_ID|1247,7,1,OIB,GEOROC,1979
PAPER|GEOROC|CITATION_ID|1248,4,1,OIB,GEOROC,1993
PAPER|GEOROC|CITATION_ID|1249,10,1,OIB,GEOROC,1990
PAPER|GEOROC|CITATION_ID|12504,94,1,OIB,GEOROC,2008
PAPER|GEOROC|CITATION_ID|1253,19,1,MORB,GEOROC,1983
PAPER|GEOROC|CITATION_ID|12535,3,1,BABB,GEOROC,2008
PAPER|GEOROC|CITATION_ID|1254,59,1,OIB,GEOROC,1990
PAPER|GEOROC|CITATION_ID|12555,30,1,CFB,GEOROC,1999
PAPER|GEOROC|CITATION_ID|12578,28,1,OIB,GEOROC,2002
PAPER|GEOROC|CITATION_ID|12587,6,1,OIB,GEOROC,2008
PAPER|GEOROC|CITATION_ID|1259,15,1,OIB,GEOROC,1971
PAPER|GEOROC|CITATION_ID|126,5,1,OIB,GEOROC,1985
PAPER|GEOROC|CITATION_ID|1260,11,1,OIB,GEOROC,1971
PAPER|GEOROC|CITATION_ID|12638,46,1,CFB,GEOROC,2008
PAPER|GEOROC|CITATION_ID|12649,3,1,CFB,GEOROC,2008
PAPER|GEOROC|CITATION_ID|1265,2,1,OIB,GEOROC,1989
PAPER|GEOROC|CITATION_ID|12651,3,1,OIB,GEOROC,1975
PAPER|GEOROC|CITATION_ID|12655,39,1,OPB,GEOROC,2003
PAPER|GEOROC|CITATION_ID|12656,8,1,OPB,GEOROC,2004
PAPER|GEOROC|CITATION_ID|12663,1,1,OIB,GEOROC,1964
PAPER|GEOROC|CITATION_ID|1267,2,1,OIB,GEOROC,1999
PAPER|GEOROC|CITATION_ID|127,1,1,OIB,GEOROC,1984
PAPER|GEOROC|CITATION_ID|12700,34,1,CFB,GEOROC,1994
PAPER|GEOROC|CITATION_ID|1271,2,1,OIB,GEOROC,1989
PAPER|GEOROC|CITATION_ID|1275,24,1,OIB,GEOROC,1999
PAPER|GEOROC|CITATION_ID|12757,36,1,CFB,GEOROC,2008
PAPER|GEOROC|CITATION_ID|12765,12,1,OPB,GEOROC,2008
PAPER|GEOROC|CITATION_ID|12770,3,1,CFB,GEOROC,1999
PAPER|GEOROC|CITATION_ID|12771,4,1,CFB,GEOROC,1999
PAPER|GEOROC|CITATION_ID|12773,20,1,CFB,GEOROC,1999
PAPER|GEOROC|CITATION_ID|12774,20,1,CFB,GEOROC,1999
PAPER|GEOROC|CITATION_ID|1278,2,1,OIB,GEOROC,1971
PAPER|GEOROC|CITATION_ID|1279,4,1,OIB,GEOROC,1973
PAPER|GEOROC|CITATION_ID|128,1,1,OIB,GEOROC,1976
PAPER|GEOROC|CITATION_ID|1280,3,1,OIB,GEOROC,1976
PAPER|GEOROC|CITATION_ID|12816,8,1,CFB,GEOROC,1994
PAPER|GEOROC|CITATION_ID|12823,2,1,CAB,GEOROC,2008
PAPER|GEOROC|CITATION_ID|1285,19,1,OIB,GEOROC,1999
PAPER|GEOROC|CITATION_ID|12899,22,1,CFB,GEOROC,2009
PAPER|GEOROC|CITATION_ID|1291,24,1,OIB,GEOROC,1964
PAPER|GEOROC|CITATION_ID|12918,1,1,OIB,GEOROC,2009
PAPER|GEOROC|CITATION_ID|12925,1,1,CAB,GEOROC,1998
PAPER|GEOROC|CITATION_ID|12927,22,1,OIB,GEOROC,2003
PAPER|GEOROC|CITATION_ID|12930,29,1,OIB,GEOROC,2001
PAPER|GEOROC|CITATION_ID|12942,57,1,CFB,GEOROC,2008
PAPER|GEOROC|CITATION_ID|12957,2,1,CFB,GEOROC,1981
PAPER|GEOROC|CITATION_ID|12959,13,1,CFB,GEOROC,2009
PAPER|GEOROC|CITATION_ID|12969,8,1,OIB,GEOROC,2009
PAPER|GEOROC|CITATION_ID|1297,1,1,OIB,GEOROC,1972
PAPER|GEOROC|CITATION_ID|12971,8,1,OIB,GEOROC,2009
PAPER|GEOROC|CITATION_ID|12975,27,1,BABB,GEOROC,2008
PAPER|GEOROC|CITATION_ID|1298,21,1,OIB,GEOROC,1998
PAPER|GEOROC|CITATION_ID|12982,13,1,CAB,GEOROC,2005
PAPER|GEOROC|CITATION_ID|13025,4,1,CFB,GEOROC,2004
PAPER|GEOROC|CITATION_ID|1303,14,1,OIB,GEOROC,1996
PAPER|GEOROC|CITATION_ID|13057,22,1,CFB,GEOROC,1988
PAPER|GEOROC|CITATION_ID|1306,8,1,OIB,GEOROC,1969
PAPER|GEOROC|CITATION_ID|13076,4,1,CFB,GEOROC,1988
PAPER|GEOROC|CITATION_ID|13086,14,1,OIB,GEOROC,2009
PAPER|GEOROC|CITATION_ID|13093,5,1,CAB,GEOROC,1993
PAPER|GEOROC|CITATION_ID|13105,10,1,IAB,GEOROC,1976
PAPER|GEOROC|CITATION_ID|13106,3,1,IAB,GEOROC,1992
PAPER|GEOROC|CITATION_ID|13124,4,1,OIB,GEOROC,2009
PAPER|GEOROC|CITATION_ID|13128,21,1,OIB,GEOROC,2009
PAPER|GEOROC|CITATION_ID|1313,2,1,OIB,GEOROC,1986
PAPER|GEOROC|CITATION_ID|13143,6,1,IAB,GEOROC,2007
PAPER|GEOROC|CITATION_ID|1315,2,1,OIB,GEOROC,1977
PAPER|GEOROC|CITATION_ID|13154,16,1,OIB,GEOROC,2009
PAPER|GEOROC|CITATION_ID|13159,2,1,OIB,GEOROC,2009
PAPER|GEOROC|CITATION_ID|13171,7,1,OIB,GEOROC,2000
PAPER|GEOROC|CITATION_ID|13172,1,1,OIB,GEOROC,2004
PAPER|GEOROC|CITATION_ID|13177,1,1,IAB,GEOROC,2002
PAPER|GEOROC|CITATION_ID|1319,43,1,OIB,GEOROC,1936
PAPER|GEOROC|CITATION_ID|1320,10,1,OIB,GEOROC,1930
PAPER|GEOROC|CITATION_ID|1321,56,1,OIB,GEOROC,1984
PAPER|GEOROC|CITATION_ID|1322,4,1,OIB,GEOROC,1953
PAPER|GEOROC|CITATION_ID|13222,2,1,CAB,GEOROC,2009
PAPER|GEOROC|CITATION_ID|13234,40,1,CFB,GEOROC,2009
PAPER|GEOROC|CITATION_ID|13239,2,1,CFB,GEOROC,2009
PAPER|GEOROC|CITATION_ID|13243,2,1,OIB,GEOROC,2009
PAPER|GEOROC|CITATION_ID|13259,4,1,IAB,GEOROC,1999
PAPER|GEOROC|CITATION_ID|1326,1,1,OIB,GEOROC,1988
PAPER|GEOROC|CITATION_ID|13284,63,1,CFB,GEOROC,2009
PAPER|GEOROC|CITATION_ID|13291,21,1,OIB,GEOROC,2009
PAPER|GEOROC|CITATION_ID|13293,18,1,CFB,GEOROC,2009
PAPER|GEOROC|CITATION_ID|13305,32,1,IAB,GEOROC,2009
PAPER|GEOROC|CITATION_ID|1331,15,1,OIB,GEOROC,1998
PAPER|GEOROC|CITATION_ID|13310,10,1,BABB,GEOROC,2009
PAPER|GEOROC|CITATION_ID|13316,74,1,OIB,GEOROC,2004
PAPER|GEOROC|CITATION_ID|13348,10,1,CFB,GEOROC,1983
PAPER|GEOROC|CITATION_ID|1335,5,1,OIB,GEOROC,1973
PAPER|GEOROC|CITATION_ID|1337,7,1,OIB,GEOROC,1976
PAPER|GEOROC|CITATION_ID|1338,6,1,OIB,GEOROC,1975
PAPER|GEOROC|CITATION_ID|13384,62,1,OIB,GEOROC,2009
PAPER|GEOROC|CITATION_ID|1343,9,1,OIB,GEOROC,1985
PAPER|GEOROC|CITATION_ID|13431,4,1,OIB,GEOROC,2009
PAPER|GEOROC|CITATION_ID|13438,14,1,OIB,GEOROC,2009
PAPER|GEOROC|CITATION_ID|13439,26,1,OIB,GEOROC,2009
PAPER|GEOROC|CITATION_ID|13440,110,1,OIB,GEOROC,2009
PAPER|GEOROC|CITATION_ID|13460,16,1,IOAB,GEOROC,2009
PAPER|GEOROC|CITATION_ID|13463,52,1,BABB,GEOROC,2009
PAPER|GEOROC|CITATION_ID|13465,30,1,IAB,GEOROC,2009
PAPER|GEOROC|CITATION_ID|1348,8,1,OIB,GEOROC,1974
PAPER|GEOROC|CITATION_ID|1350,66,1,OIB,GEOROC,1997
PAPER|GEOROC|CITATION_ID|13519,18,1,CFB,GEOROC,2009
PAPER|GEOROC|CITATION_ID|13521,22,1,OIB,GEOROC,2009
PAPER|GEOROC|CITATION_ID|13527,81,1,CFB,GEOROC,1989
PAPER|GEOROC|CITATION_ID|13537,5,1,OIB,GEOROC,2009
PAPER|GEOROC|CITATION_ID|13569,20,1,CFB,GEOROC,2009
PAPER|GEOROC|CITATION_ID|13575,15,1,IAB,GEOROC,1995
PAPER|GEOROC|CITATION_ID|13596,11,1,IAB,GEOROC,2009
PAPER|GEOROC|CITATION_ID|1360,1,1,OIB,GEOROC,1983
PAPER|GEOROC|CITATION_ID|13608,33,1,CFB,GEOROC,2009
PAPER|GEOROC|CITATION_ID|13611,7,1,IAB,GEOROC,2009
PAPER|GEOROC|CITATION_ID|1362,5,1,OIB,GEOROC,1976
PAPER|GEOROC|CITATION_ID|1364,6,1,OIB,GEOROC,1969
PAPER|GEOROC|CITATION_ID|13646,23,1,CAB,GEOROC,2009
PAPER|GEOROC|CITATION_ID|13647,5,1,IAB,GEOROC,2009
PAPER|GEOROC|CITATION_ID|1365,3,1,OIB,GEOROC,1971
PAPER|GEOROC|CITATION_ID|13655,20,1,CFB,GEOROC,2009
PAPER|GEOROC|CITATION_ID|13663,11,1,IAB,GEOROC,2009
PAPER|GEOROC|CITATION_ID|13665,7,1,CFB,GEOROC,2009
PAPER|GEOROC|CITATION_ID|13668,16,1,IAB,GEOROC,2009
PAPER|GEOROC|CITATION_ID|1367,9,1,OIB,GEOROC,1966
PAPER|GEOROC|CITATION_ID|13695,4,1,CAB,GEOROC,2010
PAPER|GEOROC|CITATION_ID|1370,5,1,OIB,GEOROC,1981
PAPER|GEOROC|CITATION_ID|13757,22,1,IAB,GEOROC,2009
PAPER|GEOROC|CITATION_ID|13762,20,1,IAB,GEOROC,2005
PAPER|GEOROC|CITATION_ID|13768,2,1,CAB,GEOROC,1996
PAPER|GEOROC|CITATION_ID|1377,11,1,OIB,GEOROC,1986
PAPER|GEOROC|CITATION_ID|13779,11,1,CFB,GEOROC,2009
PAPER|GEOROC|CITATION_ID|13788,43,1,OIB,GEOROC,2009
PAPER|GEOROC|CITATION_ID|1379,3,1,OIB,GEOROC,1970
PAPER|GEOROC|CITATION_ID|1381,23,1,OIB,GEOROC,1972
PAPER|GEOROC|CITATION_ID|1382,22,1,OIB,GEOROC,1966
PAPER|GEOROC|CITATION_ID|13822,10,1,OIB,GEOROC,2009
PAPER|GEOROC|CITATION_ID|13824,22,1,OIB,GEOROC,2009
PAPER|GEOROC|CITATION_ID|13861,13,1,CAB,GEOROC,2009
PAPER|GEOROC|CITATION_ID|13866,3,1,CFB,GEOROC,2009
PAPER|GEOROC|CITATION_ID|13869,2,1,CFB,GEOROC,2009
PAPER|GEOROC|CITATION_ID|1387,2,1,OIB,GEOROC,1977
PAPER|GEOROC|CITATION_ID|13870,7,1,CFB,GEOROC,2009
PAPER|GEOROC|CITATION_ID|13871,10,1,CFB,GEOROC,2009
PAPER|GEOROC|CITATION_ID|13872,11,1,CFB,GEOROC,2009
PAPER|GEOROC|CITATION_ID|1389,2,1,OIB,GEOROC,1978
PAPER|GEOROC|CITATION_ID|13901,19,1,CAB,GEOROC,2008
PAPER|GEOROC|CITATION_ID|1393,13,1,OIB,GEOROC,1972
PAPER|GEOROC|CITATION_ID|1394,3,1,OIB,GEOROC,1968
PAPER|GEOROC|CITATION_ID|1396,28,1,OIB,GEOROC,1974
PAPER|GEOROC|CITATION_ID|13962,17,1,CFB,GEOROC,2009
PAPER|GEOROC|CITATION_ID|1398,1,1,OIB,GEOROC,1966
PAPER|GEOROC|CITATION_ID|13980,8,1,CFB,GEOROC,2009
PAPER|GEOROC|CITATION_ID|13990,2,1,CAB,GEOROC,2010
PAPER|GEOROC|CITATION_ID|1400,1,1,OIB,GEOROC,1964
PAPER|GEOROC|CITATION_ID|14011,22,1,CFB,GEOROC,2001
PAPER|GEOROC|CITATION_ID|1403,15,1,OIB,GEOROC,1962
PAPER|GEOROC|CITATION_ID|14038,3,1,IAB,GEOROC,2001
PAPER|GEOROC|CITATION_ID|14039,2,1,IAB,GEOROC,1989
PAPER|GEOROC|CITATION_ID|1404,2,1,OIB,GEOROC,1957
PAPER|GEOROC|CITATION_ID|14040,1,1,IAB,GEOROC,1983
PAPER|GEOROC|CITATION_ID|14049,20,1,IOAB,GEOROC,2009
PAPER|GEOROC|CITATION_ID|14053,30,1,OIB,GEOROC,2010
PAPER|GEOROC|CITATION_ID|14060,74,1,CFB,GEOROC,1992
PAPER|GEOROC|CITATION_ID|1407,22,1,OIB,GEOROC,1995
PAPER|GEOROC|CITATION_ID|14073,28,1,CFB,GEOROC,2010
PAPER|GEOROC|CITATION_ID|14079,1,1,CFB,GEOROC,2010
PAPER|GEOROC|CITATION_ID|14085,6,1,OIB,GEOROC,2010
PAPER|GEOROC|CITATION_ID|14091,2,1,CFB,GEOROC,2009
PAPER|GEOROC|CITATION_ID|14094,9,1,OIB,GEOROC,2009
PAPER|GEOROC|CITATION_ID|14107,8,1,OIB,GEOROC,2010
PAPER|GEOROC|CITATION_ID|14131,80,1,IOAB,GEOROC,2010
PAPER|GEOROC|CITATION_ID|14135,23,1,OIB,GEOROC,2010
PAPER|GEOROC|CITATION_ID|14146,25,1,CFB,GEOROC,2007
PAPER|GEOROC|CITATION_ID|1415,4,1,OIB,GEOROC,1990
PAPER|GEOROC|CITATION_ID|14154,1,1,CFB,GEOROC,1996
PAPER|GEOROC|CITATION_ID|14165,78,1,OIB,GEOROC,1988
PAPER|GEOROC|CITATION_ID|14166,11,1,OIB,GEOROC,1997
PAPER|GEOROC|CITATION_ID|1417,3,1,OIB,GEOROC,1987
PAPER|GEOROC|CITATION_ID|1418,1,1,OIB,GEOROC,1971
PAPER|GEOROC|CITATION_ID|14184,35,1,CFB,GEOROC,2009
PAPER|GEOROC|CITATION_ID|14185,13,1,IAB,GEOROC,2009
PAPER|GEOROC|CITATION_ID|1420,3,1,OIB,GEOROC,1972
PAPER|GEOROC|CITATION_ID|1422,3,1,OIB,GEOROC,1962
PAPER|GEOROC|CITATION_ID|14223,7,1,IAB,GEOROC,1979
PAPER|GEOROC|CITATION_ID|1423,7,1,OIB,GEOROC,1972
PAPER|GEOROC|CITATION_ID|14234,6,1,OIB,GEOROC,2005
PAPER|GEOROC|CITATION_ID|1424,7,1,OIB,GEOROC,1981
PAPER|GEOROC|CITATION_ID|14263,29,1,CFB,GEOROC,1990
PAPER|GEOROC|CITATION_ID|1429,3,1,OIB,GEOROC,1962
PAPER|GEOROC|CITATION_ID|14290,25,1,CFB,GEOROC,1990
PAPER|GEOROC|CITATION_ID|1431,7,1,OIB,GEOROC,1955
PAPER|GEOROC|CITATION_ID|14314,1,1,OIB,GEOROC,2010
PAPER|GEOROC|CITATION_ID|1433,8,1,OIB,GEOROC,1931
PAPER|GEOROC|CITATION_ID|14348,30,1,CFB,GEOROC,2005
PAPER|GEOROC|CITATION_ID|1435,10,1,OIB,GEOROC,1938
PAPER|GEOROC|CITATION_ID|1436,1,1,CFB,GEOROC,1950
PAPER|GEOROC|CITATION_ID|1437,15,1,OIB,GEOROC,1923
PAPER|GEOROC|CITATION_ID|1438,16,1,OIB,GEOROC,1923
PAPER|GEOROC|CITATION_ID|14390,3,1,CAB,GEOROC,2010
PAPER|GEOROC|CITATION_ID|14391,13,1,CAB,GEOROC,2010
PAPER|GEOROC|CITATION_ID|1440,11,1,OIB,GEOROC,1928
PAPER|GEOROC|CITATION_ID|14404,42,1,MORB,GEOROC,2010
PAPER|GEOROC|CITATION_ID|1441,9,1,OIB,GEOROC,1947
PAPER|GEOROC|CITATION_ID|1442,15,1,OIB,GEOROC,1964
PAPER|GEOROC|CITATION_ID|14432,119,1,CFB,GEOROC,2000
PAPER|GEOROC|CITATION_ID|1444,2,1,OIB,GEOROC,1972
PAPER|GEOROC|CITATION_ID|1445,7,1,OIB,GEOROC,1976
PAPER|GEOROC|CITATION_ID|14457,7,1,CFB,GEOROC,2010
PAPER|GEOROC|CITATION_ID|14474,11,1,OIB,GEOROC,2010
PAPER|GEOROC|CITATION_ID|1448,36,1,OIB,GEOROC,1990
PAPER|GEOROC|CITATION_ID|14499,29,1,OIB,GEOROC,2010
PAPER|GEOROC|CITATION_ID|1454,5,1,OIB,GEOROC,1982
PAPER|GEOROC|CITATION_ID|1455,7,1,OIB,GEOROC,1999
PAPER|GEOROC|CITATION_ID|1457,8,1,OIB,GEOROC,1990
PAPER|GEOROC|CITATION_ID|14573,2,1,CFB,GEOROC,2010
PAPER|GEOROC|CITATION_ID|1460,6,1,OIB,GEOROC,1937
PAPER|GEOROC|CITATION_ID|14604,6,1,CFB,GEOROC,2010
PAPER|GEOROC|CITATION_ID|14605,5,1,CFB,GEOROC,2010
PAPER|GEOROC|CITATION_ID|14609,19,1,CFB,GEOROC,2010
PAPER|GEOROC|CITATION_ID|1461,1,1,OIB,GEOROC,1954
PAPER|GEOROC|CITATION_ID|1462,4,1,OIB,GEOROC,1976
PAPER|GEOROC|CITATION_ID|14622,61,1,CFB,GEOROC,2008
PAPER|GEOROC|CITATION_ID|1463,5,1,OIB,GEOROC,1967
PAPER|GEOROC|CITATION_ID|14631,9,1,CFB,GEOROC,1998
PAPER|GEOROC|CITATION_ID|14634,22,1,CFB,GEOROC,2004
PAPER|GEOROC|CITATION_ID|14635,39,1,CFB,GEOROC,2005
PAPER|GEOROC|CITATION_ID|14637,12,1,CFB,GEOROC,2007
PAPER|GEOROC|CITATION_ID|14649,3,1,CFB,GEOROC,1985
PAPER|GEOROC|CITATION_ID|14657,2,1,CFB,GEOROC,2001
PAPER|GEOROC|CITATION_ID|14660,11,1,CFB,GEOROC,1996
PAPER|GEOROC|CITATION_ID|14662,2,1,CFB,GEOROC,1992
PAPER|GEOROC|CITATION_ID|1467,3,1,OIB,GEOROC,1939
PAPER|GEOROC|CITATION_ID|1468,7,1,OIB,GEOROC,1970
PAPER|GEOROC|CITATION_ID|14688,56,1,CFB,GEOROC,2000
PAPER|GEOROC|CITATION_ID|14689,8,1,CFB,GEOROC,2000
PAPER|GEOROC|CITATION_ID|1469,4,1,OIB,GEOROC,1970
PAPER|GEOROC|CITATION_ID|14704,24,1,CFB,GEOROC,1961
PAPER|GEOROC|CITATION_ID|14705,6,1,CFB,GEOROC,2008
PAPER|GEOROC|CITATION_ID|14706,6,1,CFB,GEOROC,1988
PAPER|GEOROC|CITATION_ID|14719,4,1,CFB,GEOROC,1982
PAPER|GEOROC|CITATION_ID|14725,1,1,CFB,GEOROC,2010
PAPER|GEOROC|CITATION_ID|14732,5,1,OIB,GEOROC,2010
PAPER|GEOROC|CITATION_ID|14737,14,1,CFB,GEOROC,2010
PAPER|GEOROC|CITATION_ID|14739,20,1,CFB,GEOROC,2010
PAPER|GEOROC|CITATION_ID|1475,2,1,OIB,GEOROC,1998
PAPER|GEOROC|CITATION_ID|14759,3,1,CFB,GEOROC,1997
PAPER|GEOROC|CITATION_ID|14766,10,1,CFB,GEOROC,1990
PAPER|GEOROC|CITATION_ID|14774,26,1,CFB,GEOROC,1991
PAPER|GEOROC|CITATION_ID|14780,20,1,CFB,GEOROC,2004
PAPER|GEOROC|CITATION_ID|14788,32,1,CFB,GEOROC,1992
PAPER|GEOROC|CITATION_ID|14789,16,1,CFB,GEOROC,1992
PAPER|GEOROC|CITATION_ID|14790,43,1,CFB,GEOROC,1992
PAPER|GEOROC|CITATION_ID|14791,5,1,CFB,GEOROC,1992
PAPER|GEOROC|CITATION_ID|14795,8,1,CFB,GEOROC,1992
PAPER|GEOROC|CITATION_ID|14797,9,1,CFB,GEOROC,1992
PAPER|GEOROC|CITATION_ID|1480,21,2,MORB|OIB,GEOROC,1998
PAPER|GEOROC|CITATION_ID|14806,17,1,IAB,GEOROC,1993
PAPER|GEOROC|CITATION_ID|1482,28,1,OIB,GEOROC,1980
PAPER|GEOROC|CITATION_ID|1483,9,1,OIB,GEOROC,1928
PAPER|GEOROC|CITATION_ID|1484,7,1,OIB,GEOROC,1936
PAPER|GEOROC|CITATION_ID|14849,36,1,CFB,GEOROC,2010
PAPER|GEOROC|CITATION_ID|14853,12,1,OIB,GEOROC,2010
PAPER|GEOROC|CITATION_ID|14855,12,1,OPB,GEOROC,2010
PAPER|GEOROC|CITATION_ID|14858,8,1,OIB,GEOROC,1996
PAPER|GEOROC|CITATION_ID|14890,6,1,CFB,GEOROC,1999
PAPER|GEOROC|CITATION_ID|14893,39,1,CFB,GEOROC,1981
PAPER|GEOROC|CITATION_ID|149,24,1,OIB,GEOROC,1983
PAPER|GEOROC|CITATION_ID|14907,15,1,OIB,GEOROC,2010
PAPER|GEOROC|CITATION_ID|14919,37,1,OIB,GEOROC,2011
PAPER|GEOROC|CITATION_ID|1493,1,1,OIB,GEOROC,1999
PAPER|GEOROC|CITATION_ID|14945,2,1,OIB,GEOROC,2010
PAPER|GEOROC|CITATION_ID|1495,1,1,OIB,GEOROC,1999
PAPER|GEOROC|CITATION_ID|1496,15,1,OIB,GEOROC,1999
PAPER|GEOROC|CITATION_ID|14961,34,1,OIB,GEOROC,2011
PAPER|GEOROC|CITATION_ID|14969,3,1,CFB,GEOROC,2011
PAPER|GEOROC|CITATION_ID|1497,16,1,OIB,GEOROC,1999
PAPER|GEOROC|CITATION_ID|14983,76,1,CFB,GEOROC,1999
PAPER|GEOROC|CITATION_ID|14988,45,1,CFB,GEOROC,2011
PAPER|GEOROC|CITATION_ID|1499,26,1,OIB,GEOROC,1999
PAPER|GEOROC|CITATION_ID|14998,10,1,CFB,GEOROC,2010
PAPER|GEOROC|CITATION_ID|15,19,1,OIB,GEOROC,1995
PAPER|GEOROC|CITATION_ID|150,1,1,OIB,GEOROC,1995
PAPER|GEOROC|CITATION_ID|1501,41,1,OIB,GEOROC,1999
PAPER|GEOROC|CITATION_ID|1503,16,1,OIB,GEOROC,1985
PAPER|GEOROC|CITATION_ID|15031,1,1,CFB,GEOROC,2011
PAPER|GEOROC|CITATION_ID|15044,4,1,CFB,GEOROC,2011
PAPER|GEOROC|CITATION_ID|15047,345,1,CFB,GEOROC,2011
PAPER|GEOROC|CITATION_ID|15056,9,1,OIB,GEOROC,2010
PAPER|GEOROC|CITATION_ID|1506,9,1,OIB,GEOROC,1998
PAPER|GEOROC|CITATION_ID|1508,6,1,OIB,GEOROC,1990
PAPER|GEOROC|CITATION_ID|15081,3,1,IAB,GEOROC,2008
PAPER|GEOROC|CITATION_ID|15097,2,1,OIB,GEOROC,1972
PAPER|GEOROC|CITATION_ID|151,23,1,OIB,GEOROC,1995
PAPER|GEOROC|CITATION_ID|15131,4,1,CFB,GEOROC,2010
PAPER|GEOROC|CITATION_ID|15136,3,1,CFB,GEOROC,2010
PAPER|GEOROC|CITATION_ID|1518,120,1,OIB,GEOROC,1985
PAPER|GEOROC|CITATION_ID|15189,14,1,CFB,GEOROC,2006
PAPER|GEOROC|CITATION_ID|15199,5,1,CFB,GEOROC,2011
PAPER|GEOROC|CITATION_ID|152,13,1,OIB,GEOROC,1995
PAPER|GEOROC|CITATION_ID|1521,101,1,OIB,GEOROC,1990
PAPER|GEOROC|CITATION_ID|15222,1,1,IAB,GEOROC,2002
PAPER|GEOROC|CITATION_ID|15229,14,1,OPB,GEOROC,2011
PAPER|GEOROC|CITATION_ID|15230,12,1,CFB,GEOROC,2009
PAPER|GEOROC|CITATION_ID|15231,30,1,CFB,GEOROC,2006
PAPER|GEOROC|CITATION_ID|15233,63,1,MORB,GEOROC,2011
PAPER|GEOROC|CITATION_ID|15285,3,1,CFB,GEOROC,2010
PAPER|GEOROC|CITATION_ID|1529,5,1,OIB,GEOROC,1976
PAPER|GEOROC|CITATION_ID|153,35,1,OIB,GEOROC,1995
PAPER|GEOROC|CITATION_ID|1530,47,1,OIB,GEOROC,1999
PAPER|GEOROC|CITATION_ID|15308,18,1,CFB,GEOROC,2011
PAPER|GEOROC|CITATION_ID|15309,23,1,CFB,GEOROC,2011
PAPER|GEOROC|CITATION_ID|15325,36,1,CFB,GEOROC,2010
PAPER|GEOROC|CITATION_ID|15335,17,1,CFB,GEOROC,2009
PAPER|GEOROC|CITATION_ID|1534,26,1,OIB,GEOROC,1972
PAPER|GEOROC|CITATION_ID|15346,8,1,CFB,GEOROC,1997
PAPER|GEOROC|CITATION_ID|15347,5,1,CFB,GEOROC,1987
PAPER|GEOROC|CITATION_ID|15373,16,1,CFB,GEOROC,2003
PAPER|GEOROC|CITATION_ID|1539,3,1,OIB,GEOROC,1975
PAPER|GEOROC|CITATION_ID|15408,3,1,CFB,GEOROC,2011
PAPER|GEOROC|CITATION_ID|1541,8,1,OIB,GEOROC,1965
PAPER|GEOROC|CITATION_ID|15421,10,1,CFB,GEOROC,1999
PAPER|GEOROC|CITATION_ID|15437,5,1,OPB,GEOROC,2002
PAPER|GEOROC|CITATION_ID|1544,5,1,OIB,GEOROC,2000
PAPER|GEOROC|CITATION_ID|15462,66,1,OIB,GEOROC,2011
PAPER|GEOROC|CITATION_ID|1548,12,1,OIB,GEOROC,1999
PAPER|GEOROC|CITATION_ID|15530,2,1,CFB,GEOROC,2011
PAPER|GEOROC|CITATION_ID|1555,13,1,OPB,GEOROC,1996
PAPER|GEOROC|CITATION_ID|1556,16,1,CFB,GEOROC,1996
PAPER|GEOROC|CITATION_ID|15560,23,1,OIB,GEOROC,2011
PAPER|GEOROC|CITATION_ID|15564,16,1,CFB,GEOROC,2011
PAPER|GEOROC|CITATION_ID|15566,14,1,IOAB,GEOROC,2011
PAPER|GEOROC|CITATION_ID|15579,7,1,CAB,GEOROC,2011
PAPER|GEOROC|CITATION_ID|1559,10,1,CFB,GEOROC,1999
PAPER|GEOROC|CITATION_ID|15593,7,1,IAB,GEOROC,2011
PAPER|GEOROC|CITATION_ID|15601,11,1,CFB,GEOROC,2011
PAPER|GEOROC|CITATION_ID|15635,8,1,OIB,GEOROC,2011
PAPER|GEOROC|CITATION_ID|15658,15,1,CFB,GEOROC,2011
PAPER|GEOROC|CITATION_ID|15668,12,1,OIB,GEOROC,2011
PAPER|GEOROC|CITATION_ID|15702,3,1,CFB,GEOROC,2011
PAPER|GEOROC|CITATION_ID|15751,4,1,IAB,GEOROC,1993
PAPER|GEOROC|CITATION_ID|15754,51,1,OIB,GEOROC,2012
PAPER|GEOROC|CITATION_ID|15755,100,1,OIB,GEOROC,2012
PAPER|GEOROC|CITATION_ID|15769,4,1,CFB,GEOROC,2011
PAPER|GEOROC|CITATION_ID|1577,6,1,OIB,GEOROC,1997
PAPER|GEOROC|CITATION_ID|15815,9,1,CFB,GEOROC,2010
PAPER|GEOROC|CITATION_ID|15816,13,1,CFB,GEOROC,2011
PAPER|GEOROC|CITATION_ID|15840,13,1,CAB,GEOROC,2012
PAPER|GEOROC|CITATION_ID|15848,7,1,CFB,GEOROC,2012
PAPER|GEOROC|CITATION_ID|1589,5,2,MORB|OPB,GEOROC,1990
PAPER|GEOROC|CITATION_ID|15901,25,1,CFB,GEOROC,1989
PAPER|GEOROC|CITATION_ID|15916,1,1,CFB,GEOROC,2000
PAPER|GEOROC|CITATION_ID|15931,1,1,OIB,GEOROC,2012
PAPER|GEOROC|CITATION_ID|15959,1,1,OIB,GEOROC,2011
PAPER|GEOROC|CITATION_ID|15963,36,1,CFB,GEOROC,2012
PAPER|GEOROC|CITATION_ID|15968,16,1,IOAB,GEOROC,2010
PAPER|GEOROC|CITATION_ID|15971,21,1,CFB,GEOROC,2012
PAPER|GEOROC|CITATION_ID|15981,1,1,CFB,GEOROC,2012
PAPER|GEOROC|CITATION_ID|15983,26,1,OIB,GEOROC,2010
PAPER|GEOROC|CITATION_ID|15984,9,1,CFB,GEOROC,2010
PAPER|GEOROC|CITATION_ID|1599,41,1,OIB,GEOROC,1978
PAPER|GEOROC|CITATION_ID|15993,60,1,OIB,GEOROC,2012
PAPER|GEOROC|CITATION_ID|16,37,1,OIB,GEOROC,1989
PAPER|GEOROC|CITATION_ID|16042,66,1,OIB,GEOROC,2012
PAPER|GEOROC|CITATION_ID|16058,11,1,CFB,GEOROC,2012
PAPER|GEOROC|CITATION_ID|1606,2,1,OIB,GEOROC,1999
PAPER|GEOROC|CITATION_ID|16066,12,1,BABB,GEOROC,2012
PAPER|GEOROC|CITATION_ID|1608,5,1,OPB,GEOROC,1999
PAPER|GEOROC|CITATION_ID|16193,50,1,IAB,GEOROC,2011
PAPER|GEOROC|CITATION_ID|16224,159,1,OIB,GEOROC,2012
PAPER|GEOROC|CITATION_ID|1623,5,1,OIB,GEOROC,1967
PAPER|GEOROC|CITATION_ID|16232,1,1,CAB,GEOROC,2010
PAPER|GEOROC|CITATION_ID|16235,8,1,CAB,GEOROC,2012
PAPER|GEOROC|CITATION_ID|1624,11,1,OIB,GEOROC,1996
PAPER|GEOROC|CITATION_ID|16253,28,2,BABB|OIB,GEOROC,2012
PAPER|GEOROC|CITATION_ID|1626,1,1,OIB,GEOROC,1998
PAPER|GEOROC|CITATION_ID|16267,64,1,OIB,GEOROC,2012
PAPER|GEOROC|CITATION_ID|1627,197,1,OIB,GEOROC,1997
PAPER|GEOROC|CITATION_ID|16274,10,1,OIB,GEOROC,1987
PAPER|GEOROC|CITATION_ID|1631,1,1,OIB,GEOROC,1979
PAPER|GEOROC|CITATION_ID|16319,20,1,CFB,GEOROC,2012
PAPER|GEOROC|CITATION_ID|16336,17,1,CFB,GEOROC,2012
PAPER|GEOROC|CITATION_ID|16339,20,1,CFB,GEOROC,2012
PAPER|GEOROC|CITATION_ID|1634,31,1,OIB,GEOROC,2000
PAPER|GEOROC|CITATION_ID|16341,46,1,OIB,GEOROC,2012
PAPER|GEOROC|CITATION_ID|16348,33,1,OIB,GEOROC,2012
PAPER|GEOROC|CITATION_ID|1635,1,1,OIB,GEOROC,1963
PAPER|GEOROC|CITATION_ID|1636,3,1,OPB,GEOROC,1989
PAPER|GEOROC|CITATION_ID|16396,3,1,CAB,GEOROC,2005
PAPER|GEOROC|CITATION_ID|16399,4,1,CFB,GEOROC,1982
PAPER|GEOROC|CITATION_ID|1646,9,1,MORB,GEOROC,1974
PAPER|GEOROC|CITATION_ID|16488,27,1,OIB,GEOROC,2012
PAPER|GEOROC|CITATION_ID|16490,4,1,CFB,GEOROC,2012
PAPER|GEOROC|CITATION_ID|1651,11,1,MORB,GEOROC,1991
PAPER|GEOROC|CITATION_ID|16523,3,1,CFB,GEOROC,2012
PAPER|GEOROC|CITATION_ID|16538,8,1,CFB,GEOROC,2010
PAPER|GEOROC|CITATION_ID|16543,33,1,CFB,GEOROC,1987
PAPER|GEOROC|CITATION_ID|1658,7,1,MORB,GEOROC,1977
PAPER|GEOROC|CITATION_ID|16601,3,1,OIB,GEOROC,2012
PAPER|GEOROC|CITATION_ID|1665,73,1,OPB,GEOROC,1993
PAPER|GEOROC|CITATION_ID|1666,74,1,OPB,GEOROC,1993
PAPER|GEOROC|CITATION_ID|16664,2,1,OIB,GEOROC,2012
PAPER|GEOROC|CITATION_ID|1668,82,1,CFB,GEOROC,1996
PAPER|GEOROC|CITATION_ID|1669,10,1,CFB,GEOROC,1985
PAPER|GEOROC|CITATION_ID|16700,5,1,CFB,GEOROC,1988
PAPER|GEOROC|CITATION_ID|16704,4,1,OIB,GEOROC,2012
PAPER|GEOROC|CITATION_ID|1672,15,1,OIB,GEOROC,1996
PAPER|GEOROC|CITATION_ID|16734,16,1,BABB,GEOROC,2012
PAPER|GEOROC|CITATION_ID|16777,43,1,CFB,GEOROC,2012
PAPER|GEOROC|CITATION_ID|1679,28,1,CFB,GEOROC,1984
PAPER|GEOROC|CITATION_ID|16806,12,1,CFB,GEOROC,2012
PAPER|GEOROC|CITATION_ID|16897,1,1,IAB,GEOROC,2012
PAPER|GEOROC|CITATION_ID|16898,2,1,OIB,GEOROC,2012
PAPER|GEOROC|CITATION_ID|169,1,1,OIB,GEOROC,1994
PAPER|GEOROC|CITATION_ID|16901,18,1,CFB,GEOROC,2011
PAPER|GEOROC|CITATION_ID|16902,7,1,CFB,GEOROC,2011
PAPER|GEOROC|CITATION_ID|1691,25,1,CFB,GEOROC,1998
PAPER|GEOROC|CITATION_ID|16911,1,1,CFB,GEOROC,2012
PAPER|GEOROC|CITATION_ID|16914,5,1,OIB,GEOROC,2012
PAPER|GEOROC|CITATION_ID|16923,4,1,IAB,GEOROC,2013
PAPER|GEOROC|CITATION_ID|1693,40,1,CFB,GEOROC,1998
PAPER|GEOROC|CITATION_ID|16975,8,1,OIB,GEOROC,2013
PAPER|GEOROC|CITATION_ID|1698,4,1,CFB,GEOROC,1992
PAPER|GEOROC|CITATION_ID|17002,11,1,OIB,GEOROC,2013
PAPER|GEOROC|CITATION_ID|17004,22,1,IAB,GEOROC,2013
PAPER|GEOROC|CITATION_ID|1701,6,1,OPB,GEOROC,2000
PAPER|GEOROC|CITATION_ID|17010,5,1,IAB,GEOROC,1998
PAPER|GEOROC|CITATION_ID|17014,4,1,IAB,GEOROC,1990
PAPER|GEOROC|CITATION_ID|1702,7,1,CFB,GEOROC,2000
PAPER|GEOROC|CITATION_ID|17055,2,1,IOAB,GEOROC,2013
PAPER|GEOROC|CITATION_ID|1710,12,1,OPB,GEOROC,1980
PAPER|GEOROC|CITATION_ID|17108,54,1,OIB,GEOROC,2012
PAPER|GEOROC|CITATION_ID|17123,6,1,IAB,GEOROC,1984
PAPER|GEOROC|CITATION_ID|17181,22,1,OIB,GEOROC,2013
PAPER|GEOROC|CITATION_ID|17201,43,1,OIB,GEOROC,1996
PAPER|GEOROC|CITATION_ID|17203,31,1,CFB,GEOROC,2013
PAPER|GEOROC|CITATION_ID|1726,2,1,CFB,GEOROC,1973
PAPER|GEOROC|CITATION_ID|17263,39,1,IAB,GEOROC,2013
PAPER|GEOROC|CITATION_ID|17268,5,1,CFB,GEOROC,2013
PAPER|GEOROC|CITATION_ID|17287,83,1,CFB,GEOROC,2013
PAPER|GEOROC|CITATION_ID|17289,10,1,CFB,GEOROC,2009
PAPER|GEOROC|CITATION_ID|1729,6,1,OIB,GEOROC,1973
PAPER|GEOROC|CITATION_ID|17304,1,1,IAB,GEOROC,2013
PAPER|GEOROC|CITATION_ID|17311,25,1,CFB,GEOROC,2013
PAPER|GEOROC|CITATION_ID|17313,26,1,CFB,GEOROC,2013
PAPER|GEOROC|CITATION_ID|17411,1,1,CFB,GEOROC,2013
PAPER|GEOROC|CITATION_ID|17427,27,1,OIB,GEOROC,1989
PAPER|GEOROC|CITATION_ID|1744,4,1,OIB,GEOROC,1971
PAPER|GEOROC|CITATION_ID|17452,55,1,OIB,GEOROC,2013
PAPER|GEOROC|CITATION_ID|17455,6,1,CFB,GEOROC,2013
PAPER|GEOROC|CITATION_ID|1746,12,1,CFB,GEOROC,1988
PAPER|GEOROC|CITATION_ID|17460,8,1,CAB,GEOROC,2013
PAPER|GEOROC|CITATION_ID|17464,77,1,CFB,GEOROC,2013
PAPER|GEOROC|CITATION_ID|1749,4,1,CFB,GEOROC,1976
PAPER|GEOROC|CITATION_ID|1754,69,1,CFB,GEOROC,1993
PAPER|GEOROC|CITATION_ID|17543,61,1,CFB,GEOROC,2013
PAPER|GEOROC|CITATION_ID|1756,4,2,CFB|OPB,GEOROC,1994
PAPER|GEOROC|CITATION_ID|1757,81,1,CFB,GEOROC,1998
PAPER|GEOROC|CITATION_ID|1758,14,1,CFB,GEOROC,1999
PAPER|GEOROC|CITATION_ID|1760,11,1,CFB,GEOROC,1998
PAPER|GEOROC|CITATION_ID|17602,2,1,CFB,GEOROC,1993
PAPER|GEOROC|CITATION_ID|17609,49,1,OIB,GEOROC,2013
PAPER|GEOROC|CITATION_ID|1763,3,1,CFB,GEOROC,1993
PAPER|GEOROC|CITATION_ID|17633,76,1,CFB,GEOROC,2013
PAPER|GEOROC|CITATION_ID|17634,12,1,OIB,GEOROC,2013
PAPER|GEOROC|CITATION_ID|17663,14,1,OIB,GEOROC,2013
PAPER|GEOROC|CITATION_ID|17670,22,1,OIB,GEOROC,2013
PAPER|GEOROC|CITATION_ID|17677,57,1,CFB,GEOROC,2013
PAPER|GEOROC|CITATION_ID|177,18,1,OIB,GEOROC,1987
PAPER|GEOROC|CITATION_ID|1770,3,1,CFB,GEOROC,1972
PAPER|GEOROC|CITATION_ID|1771,12,1,CFB,GEOROC,1972
PAPER|GEOROC|CITATION_ID|17711,6,1,IAB,GEOROC,2013
PAPER|GEOROC|CITATION_ID|1772,21,1,CFB,GEOROC,1972
PAPER|GEOROC|CITATION_ID|1773,37,1,CFB,GEOROC,1972
PAPER|GEOROC|CITATION_ID|1774,5,1,CFB,GEOROC,1972
PAPER|GEOROC|CITATION_ID|1776,14,1,CFB,GEOROC,1972
PAPER|GEOROC|CITATION_ID|1778,4,1,CFB,GEOROC,1972
PAPER|GEOROC|CITATION_ID|17794,7,1,OIB,GEOROC,2001
PAPER|GEOROC|CITATION_ID|178,56,1,OIB,GEOROC,1987
PAPER|GEOROC|CITATION_ID|1788,10,1,CFB,GEOROC,1984
PAPER|GEOROC|CITATION_ID|17883,22,1,OIB,GEOROC,2013
PAPER|GEOROC|CITATION_ID|17889,38,1,OIB,GEOROC,2013
PAPER|GEOROC|CITATION_ID|1789,4,1,CFB,GEOROC,1993
PAPER|GEOROC|CITATION_ID|17899,1,1,OIB,GEOROC,2013
PAPER|GEOROC|CITATION_ID|179,23,1,OIB,GEOROC,1987
PAPER|GEOROC|CITATION_ID|1790,6,1,CFB,GEOROC,1984
PAPER|GEOROC|CITATION_ID|17908,24,1,CFB,GEOROC,1990
PAPER|GEOROC|CITATION_ID|17909,10,1,CFB,GEOROC,1991
PAPER|GEOROC|CITATION_ID|17910,8,1,OIB,GEOROC,2013
PAPER|GEOROC|CITATION_ID|17916,5,1,OIB,GEOROC,2013
PAPER|GEOROC|CITATION_ID|17918,12,1,CFB,GEOROC,1974
PAPER|GEOROC|CITATION_ID|17919,8,1,CFB,GEOROC,2008
PAPER|GEOROC|CITATION_ID|17979,6,1,OIB,GEOROC,2013
PAPER|GEOROC|CITATION_ID|1799,8,1,CFB,GEOROC,1996
PAPER|GEOROC|CITATION_ID|18023,19,1,CFB,GEOROC,2013
PAPER|GEOROC|CITATION_ID|18035,6,1,CAB,GEOROC,2014
PAPER|GEOROC|CITATION_ID|18038,6,1,IAB,GEOROC,2013
PAPER|GEOROC|CITATION_ID|1804,9,1,CFB,GEOROC,1994
PAPER|GEOROC|CITATION_ID|18040,11,1,OIB,GEOROC,2013
PAPER|GEOROC|CITATION_ID|18070,14,1,CAB,GEOROC,2014
PAPER|GEOROC|CITATION_ID|18071,113,1,CFB,GEOROC,2014
PAPER|GEOROC|CITATION_ID|18072,33,1,IOAB,GEOROC,2014
PAPER|GEOROC|CITATION_ID|18088,24,1,OIB,GEOROC,2014
PAPER|GEOROC|CITATION_ID|18131,3,1,IAB,GEOROC,2008
PAPER|GEOROC|CITATION_ID|18137,14,1,CFB,GEOROC,1996
PAPER|GEOROC|CITATION_ID|1815,113,1,OIB,GEOROC,1979
PAPER|GEOROC|CITATION_ID|18210,6,1,CFB,GEOROC,2014
PAPER|GEOROC|CITATION_ID|18211,13,1,CFB,GEOROC,2014
PAPER|GEOROC|CITATION_ID|18213,17,1,CFB,GEOROC,2014
PAPER|GEOROC|CITATION_ID|18214,104,1,CFB,GEOROC,2014
PAPER|GEOROC|CITATION_ID|1822,3,1,CFB,GEOROC,1996
PAPER|GEOROC|CITATION_ID|18221,5,1,IAB,GEOROC,2014
PAPER|GEOROC|CITATION_ID|1826,25,1,CFB,GEOROC,1998
PAPER|GEOROC|CITATION_ID|18312,2,1,IAB,GEOROC,2013
PAPER|GEOROC|CITATION_ID|1833,23,1,CFB,GEOROC,1997
PAPER|GEOROC|CITATION_ID|18335,1,1,OIB,GEOROC,2014
PAPER|GEOROC|CITATION_ID|1834,22,1,CFB,GEOROC,1997
PAPER|GEOROC|CITATION_ID|18365,11,1,CAB,GEOROC,2014
PAPER|GEOROC|CITATION_ID|18366,6,1,OIB,GEOROC,2014
PAPER|GEOROC|CITATION_ID|18369,4,1,CFB,GEOROC,2014
PAPER|GEOROC|CITATION_ID|18385,33,1,CFB,GEOROC,2014
PAPER|GEOROC|CITATION_ID|1839,1,1,OPB,GEOROC,1981
PAPER|GEOROC|CITATION_ID|184,8,1,OIB,GEOROC,1998
PAPER|GEOROC|CITATION_ID|18400,12,1,CFB,GEOROC,2014
PAPER|GEOROC|CITATION_ID|18403,14,1,CFB,GEOROC,2014
PAPER|GEOROC|CITATION_ID|18405,48,1,CFB,GEOROC,2014
PAPER|GEOROC|CITATION_ID|18406,18,1,CFB,GEOROC,2014
PAPER|GEOROC|CITATION_ID|18437,4,1,OIB,GEOROC,2014
PAPER|GEOROC|CITATION_ID|18443,2,1,CAB,GEOROC,2014
PAPER|GEOROC|CITATION_ID|18454,12,1,CFB,GEOROC,2014
PAPER|GEOROC|CITATION_ID|1846,7,1,CFB,GEOROC,1984
PAPER|GEOROC|CITATION_ID|18469,17,1,OIB,GEOROC,2014
PAPER|GEOROC|CITATION_ID|1847,16,1,CFB,GEOROC,1984
PAPER|GEOROC|CITATION_ID|1849,23,1,CFB,GEOROC,1984
PAPER|GEOROC|CITATION_ID|18493,4,1,CAB,GEOROC,2014
PAPER|GEOROC|CITATION_ID|18500,4,1,IAB,GEOROC,2014
PAPER|GEOROC|CITATION_ID|18506,1,1,CFB,GEOROC,2014
PAPER|GEOROC|CITATION_ID|18536,7,1,CFB,GEOROC,2014
PAPER|GEOROC|CITATION_ID|18538,51,1,CFB,GEOROC,2014
PAPER|GEOROC|CITATION_ID|1854,28,1,CFB,GEOROC,1982
PAPER|GEOROC|CITATION_ID|1856,2,1,CFB,GEOROC,1981
PAPER|GEOROC|CITATION_ID|18576,47,1,OIB,GEOROC,2014
PAPER|GEOROC|CITATION_ID|1858,13,2,CFB|IOAB,GEOROC,1981
PAPER|GEOROC|CITATION_ID|18591,9,1,OIB,GEOROC,2014
PAPER|GEOROC|CITATION_ID|18602,2,1,CAB,GEOROC,2013
PAPER|GEOROC|CITATION_ID|1864,3,1,CFB,GEOROC,1981
PAPER|GEOROC|CITATION_ID|18653,4,1,OIB,GEOROC,2013
PAPER|GEOROC|CITATION_ID|1866,36,1,CFB,GEOROC,1981
PAPER|GEOROC|CITATION_ID|18677,61,1,CFB,GEOROC,2014
PAPER|GEOROC|CITATION_ID|1870,30,1,CFB,GEOROC,1980
PAPER|GEOROC|CITATION_ID|1872,13,1,CFB,GEOROC,1978
PAPER|GEOROC|CITATION_ID|1874,7,1,CFB,GEOROC,1977
PAPER|GEOROC|CITATION_ID|18757,10,1,IAB,GEOROC,2014
PAPER|GEOROC|CITATION_ID|18767,62,1,OIB,GEOROC,2014
PAPER|GEOROC|CITATION_ID|1877,10,1,CFB,GEOROC,1977
PAPER|GEOROC|CITATION_ID|18792,11,1,CFB,GEOROC,1997
PAPER|GEOROC|CITATION_ID|18807,15,1,CFB,GEOROC,2013
PAPER|GEOROC|CITATION_ID|18827,16,1,CFB,GEOROC,2008
PAPER|GEOROC|CITATION_ID|18860,11,1,CFB,GEOROC,2014
PAPER|GEOROC|CITATION_ID|18899,4,1,CFB,GEOROC,1973
PAPER|GEOROC|CITATION_ID|1891,25,1,CFB,GEOROC,1991
PAPER|GEOROC|CITATION_ID|18933,6,1,CFB,GEOROC,1981
PAPER|GEOROC|CITATION_ID|1894,7,1,CFB,GEOROC,1991
PAPER|GEOROC|CITATION_ID|1895,6,1,CFB,GEOROC,1991
PAPER|GEOROC|CITATION_ID|18958,18,1,CFB,GEOROC,2014
PAPER|GEOROC|CITATION_ID|1896,33,1,CFB,GEOROC,1990
PAPER|GEOROC|CITATION_ID|18960,5,1,OIB,GEOROC,2014
PAPER|GEOROC|CITATION_ID|18961,40,1,CAB,GEOROC,2014
PAPER|GEOROC|CITATION_ID|1897,13,1,CFB,GEOROC,1989
PAPER|GEOROC|CITATION_ID|19017,19,1,CFB,GEOROC,2014
PAPER|GEOROC|CITATION_ID|1902,14,1,CFB,GEOROC,1988
PAPER|GEOROC|CITATION_ID|19021,39,1,CFB,GEOROC,2014
PAPER|GEOROC|CITATION_ID|19047,30,1,CFB,GEOROC,1987
PAPER|GEOROC|CITATION_ID|1905,16,1,CFB,GEOROC,1988
PAPER|GEOROC|CITATION_ID|1906,8,1,CFB,GEOROC,1988
PAPER|GEOROC|CITATION_ID|19065,5,1,CFB,GEOROC,1999
PAPER|GEOROC|CITATION_ID|19068,1,1,CFB,GEOROC,1996
PAPER|GEOROC|CITATION_ID|19079,11,1,OIB,GEOROC,2014
PAPER|GEOROC|CITATION_ID|1908,7,1,MORB,GEOROC,1974
PAPER|GEOROC|CITATION_ID|1909,17,1,MORB,GEOROC,1974
PAPER|GEOROC|CITATION_ID|1910,8,1,CFB,GEOROC,1987
PAPER|GEOROC|CITATION_ID|19104,215,1,OPB,GEOROC,2012
PAPER|GEOROC|CITATION_ID|19118,12,1,BABB,GEOROC,2014
PAPER|GEOROC|CITATION_ID|19127,7,1,CFB,GEOROC,2015
PAPER|GEOROC|CITATION_ID|1914,67,2,CFB|OPB,GEOROC,1992
PAPER|GEOROC|CITATION_ID|1915,6,1,MORB,GEOROC,1977
PAPER|GEOROC|CITATION_ID|19150,1,1,CFB,GEOROC,2015
PAPER|GEOROC|CITATION_ID|19183,9,1,CFB,GEOROC,2013
PAPER|GEOROC|CITATION_ID|19202,2,1,CFB,GEOROC,2015
PAPER|GEOROC|CITATION_ID|19205,40,1,CFB,GEOROC,1992
PAPER|GEOROC|CITATION_ID|1922,55,1,CFB,GEOROC,1986
PAPER|GEOROC|CITATION_ID|19249,79,1,OIB,GEOROC,2015
PAPER|GEOROC|CITATION_ID|1925,39,1,CFB,GEOROC,1985
PAPER|GEOROC|CITATION_ID|1926,18,1,CFB,GEOROC,1985
PAPER|GEOROC|CITATION_ID|1927,40,1,CFB,GEOROC,1985
PAPER|GEOROC|CITATION_ID|19274,5,1,CAB,GEOROC,2015
PAPER|GEOROC|CITATION_ID|19287,10,1,CFB,GEOROC,2015
PAPER|GEOROC|CITATION_ID|1929,2,1,CFB,GEOROC,1985
PAPER|GEOROC|CITATION_ID|19311,12,1,CFB,GEOROC,2013
PAPER|GEOROC|CITATION_ID|19324,1,1,CAB,GEOROC,2015
PAPER|GEOROC|CITATION_ID|19381,19,1,IAB,GEOROC,2015
PAPER|GEOROC|CITATION_ID|1940,7,1,OIB,GEOROC,1975
PAPER|GEOROC|CITATION_ID|1943,25,2,CFB|MORB,GEOROC,1983
PAPER|GEOROC|CITATION_ID|19432,15,1,CFB,GEOROC,2015
PAPER|GEOROC|CITATION_ID|19477,21,1,OIB,GEOROC,2009
PAPER|GEOROC|CITATION_ID|19478,5,1,CFB,GEOROC,2007
PAPER|GEOROC|CITATION_ID|19483,10,1,OIB,GEOROC,2006
PAPER|GEOROC|CITATION_ID|19530,19,1,CFB,GEOROC,2015
PAPER|GEOROC|CITATION_ID|19556,15,1,OIB,GEOROC,2011
PAPER|GEOROC|CITATION_ID|19567,6,1,IAB,GEOROC,2015
PAPER|GEOROC|CITATION_ID|196,118,1,OIB,GEOROC,1992
PAPER|GEOROC|CITATION_ID|19600,10,1,CFB,GEOROC,2015
PAPER|GEOROC|CITATION_ID|19601,10,1,OIB,GEOROC,2015
PAPER|GEOROC|CITATION_ID|19605,2,1,OPB,GEOROC,2015
PAPER|GEOROC|CITATION_ID|19624,51,1,OIB,GEOROC,2015
PAPER|GEOROC|CITATION_ID|19648,24,1,OIB,GEOROC,2015
PAPER|GEOROC|CITATION_ID|19680,27,1,OIB,GEOROC,2015
PAPER|GEOROC|CITATION_ID|1971,38,1,CFB,GEOROC,1995
PAPER|GEOROC|CITATION_ID|19719,2,1,CFB,GEOROC,1994
PAPER|GEOROC|CITATION_ID|19736,15,1,IAB,GEOROC,2015
PAPER|GEOROC|CITATION_ID|19747,6,1,IAB,GEOROC,2011
PAPER|GEOROC|CITATION_ID|1975,39,1,CFB,GEOROC,1994
PAPER|GEOROC|CITATION_ID|1977,10,1,CFB,GEOROC,1994
PAPER|GEOROC|CITATION_ID|19773,8,1,CAB,GEOROC,2015
PAPER|GEOROC|CITATION_ID|19776,15,1,CFB,GEOROC,2015
PAPER|GEOROC|CITATION_ID|1978,5,1,CFB,GEOROC,1994
PAPER|GEOROC|CITATION_ID|19784,1,1,OPB,GEOROC,2015
PAPER|GEOROC|CITATION_ID|198,11,1,OIB,GEOROC,1994
PAPER|GEOROC|CITATION_ID|19818,16,1,OIB,GEOROC,2015
PAPER|GEOROC|CITATION_ID|1984,18,1,CFB,GEOROC,1993
PAPER|GEOROC|CITATION_ID|19846,25,1,CFB,GEOROC,2014
PAPER|GEOROC|CITATION_ID|1985,1,1,OIB,GEOROC,1936
PAPER|GEOROC|CITATION_ID|19858,9,1,CFB,GEOROC,2015
PAPER|GEOROC|CITATION_ID|19889,16,1,CFB,GEOROC,2015
PAPER|GEOROC|CITATION_ID|19904,2,1,CAB,GEOROC,2015
PAPER|GEOROC|CITATION_ID|19914,16,1,CAB,GEOROC,2015
PAPER|GEOROC|CITATION_ID|19928,7,1,IAB,GEOROC,2015
PAPER|GEOROC|CITATION_ID|1993,1,1,OIB,GEOROC,1947
PAPER|GEOROC|CITATION_ID|19931,8,1,CFB,GEOROC,2015
PAPER|GEOROC|CITATION_ID|1994,6,1,OIB,GEOROC,1942
PAPER|GEOROC|CITATION_ID|19945,19,1,CAB,GEOROC,2015
PAPER|GEOROC|CITATION_ID|19989,77,1,IAB,GEOROC,2015
PAPER|GEOROC|CITATION_ID|19992,18,1,CFB,GEOROC,2015
PAPER|GEOROC|CITATION_ID|2,94,1,OIB,GEOROC,1996
PAPER|GEOROC|CITATION_ID|20,16,1,OIB,GEOROC,1988
PAPER|GEOROC|CITATION_ID|2003,3,1,OPB,GEOROC,1976
PAPER|GEOROC|CITATION_ID|20054,11,1,CFB,GEOROC,2016
PAPER|GEOROC|CITATION_ID|2008,22,1,OPB,GEOROC,1976
PAPER|GEOROC|CITATION_ID|2009,15,1,OPB,GEOROC,1977
PAPER|GEOROC|CITATION_ID|20128,24,1,CFB,GEOROC,2016
PAPER|GEOROC|CITATION_ID|20162,18,1,CFB,GEOROC,2016
PAPER|GEOROC|CITATION_ID|20169,11,1,CFB,GEOROC,2016
PAPER|GEOROC|CITATION_ID|20175,9,1,CFB,GEOROC,2016
PAPER|GEOROC|CITATION_ID|20187,10,1,CFB,GEOROC,2016
PAPER|GEOROC|CITATION_ID|20188,41,1,CFB,GEOROC,2016
PAPER|GEOROC|CITATION_ID|2019,2,1,OPB,GEOROC,1975
PAPER|GEOROC|CITATION_ID|20191,23,1,CFB,GEOROC,2016
PAPER|GEOROC|CITATION_ID|2020,2,1,OIB,GEOROC,1936
PAPER|GEOROC|CITATION_ID|2024,5,1,OIB,GEOROC,1983
PAPER|GEOROC|CITATION_ID|20250,11,1,CFB,GEOROC,2016
PAPER|GEOROC|CITATION_ID|2026,2,1,OIB,GEOROC,1966
PAPER|GEOROC|CITATION_ID|20281,27,1,IAB,GEOROC,2016
PAPER|GEOROC|CITATION_ID|20300,16,1,CFB,GEOROC,2016
PAPER|GEOROC|CITATION_ID|2032,205,1,OPB,GEOROC,1980
PAPER|GEOROC|CITATION_ID|20321,16,1,CFB,GEOROC,2016
PAPER|GEOROC|CITATION_ID|20330,9,1,CFB,GEOROC,2016
PAPER|GEOROC|CITATION_ID|20331,7,1,OIB,GEOROC,2016
PAPER|GEOROC|CITATION_ID|20337,20,1,CAB,GEOROC,2016
PAPER|GEOROC|CITATION_ID|20340,16,1,OIB,GEOROC,2016
PAPER|GEOROC|CITATION_ID|20346,33,1,CAB,GEOROC,2016
PAPER|GEOROC|CITATION_ID|20348,80,1,OIB,GEOROC,2016
PAPER|GEOROC|CITATION_ID|20357,26,1,OIB,GEOROC,2016
PAPER|GEOROC|CITATION_ID|20358,7,1,OIB,GEOROC,2016
PAPER|GEOROC|CITATION_ID|20384,20,1,CFB,GEOROC,2016
PAPER|GEOROC|CITATION_ID|20387,8,1,CFB,GEOROC,2013
PAPER|GEOROC|CITATION_ID|204,1,1,OIB,GEOROC,1977
PAPER|GEOROC|CITATION_ID|20412,5,1,OIB,GEOROC,2016
PAPER|GEOROC|CITATION_ID|20414,7,1,OIB,GEOROC,2016
PAPER|GEOROC|CITATION_ID|20417,1,1,IOAB,GEOROC,2016
PAPER|GEOROC|CITATION_ID|20420,9,1,CFB,GEOROC,2016
PAPER|GEOROC|CITATION_ID|2044,13,1,OIB,GEOROC,1982
PAPER|GEOROC|CITATION_ID|20456,22,1,OIB,GEOROC,2016
PAPER|GEOROC|CITATION_ID|20468,1,1,CFB,GEOROC,2016
PAPER|GEOROC|CITATION_ID|2047,3,1,OIB,GEOROC,1960
PAPER|GEOROC|CITATION_ID|20470,11,1,IAB,GEOROC,2016
PAPER|GEOROC|CITATION_ID|20498,16,2,BABB|IOAB,GEOROC,2016
PAPER|GEOROC|CITATION_ID|20505,37,1,OIB,GEOROC,2012
PAPER|GEOROC|CITATION_ID|20510,25,1,OIB,GEOROC,2016
PAPER|GEOROC|CITATION_ID|20558,4,1,OIB,GEOROC,2016
PAPER|GEOROC|CITATION_ID|2057,51,1,OPB,GEOROC,1996
PAPER|GEOROC|CITATION_ID|20576,12,1,CAB,GEOROC,2016
PAPER|GEOROC|CITATION_ID|20581,3,1,OIB,GEOROC,2016
PAPER|GEOROC|CITATION_ID|20594,15,1,IAB,GEOROC,2016
PAPER|GEOROC|CITATION_ID|2060,18,1,OPB,GEOROC,1983
PAPER|GEOROC|CITATION_ID|20623,35,1,CFB,GEOROC,2016
PAPER|GEOROC|CITATION_ID|20645,12,1,CAB,GEOROC,2016
PAPER|GEOROC|CITATION_ID|2065,8,1,CFB,GEOROC,1993
PAPER|GEOROC|CITATION_ID|20664,1,1,BABB,GEOROC,2016
PAPER|GEOROC|CITATION_ID|20676,15,1,CAB,GEOROC,2016
PAPER|GEOROC|CITATION_ID|2068,53,1,CFB,GEOROC,1993
PAPER|GEOROC|CITATION_ID|2069,7,1,OIB,GEOROC,1976
PAPER|GEOROC|CITATION_ID|20694,6,1,OIB,GEOROC,2017
PAPER|GEOROC|CITATION_ID|20696,1,1,OIB,GEOROC,2016
PAPER|GEOROC|CITATION_ID|207,10,1,OIB,GEOROC,1972
PAPER|GEOROC|CITATION_ID|20719,3,1,OIB,GEOROC,2016
PAPER|GEOROC|CITATION_ID|20722,8,1,OIB,GEOROC,2016
PAPER|GEOROC|CITATION_ID|20729,9,1,CFB,GEOROC,2017
PAPER|GEOROC|CITATION_ID|2075,5,1,OPB,GEOROC,1977
PAPER|GEOROC|CITATION_ID|20754,5,1,CAB,GEOROC,2016
PAPER|GEOROC|CITATION_ID|20793,10,2,CFB|OIB,GEOROC,2015
PAPER|GEOROC|CITATION_ID|20799,4,1,IAB,GEOROC,2017
PAPER|GEOROC|CITATION_ID|20802,9,1,CAB,GEOROC,2017
PAPER|GEOROC|CITATION_ID|20830,17,1,CFB,GEOROC,2017
PAPER|GEOROC|CITATION_ID|20845,10,1,OIB,GEOROC,2017
PAPER|GEOROC|CITATION_ID|20849,17,1,OIB,GEOROC,2017
PAPER|GEOROC|CITATION_ID|2085,2,1,OPB,GEOROC,1981
PAPER|GEOROC|CITATION_ID|2087,10,1,CFB,GEOROC,1974
PAPER|GEOROC|CITATION_ID|2089,10,1,MORB,GEOROC,1984
PAPER|GEOROC|CITATION_ID|2091,5,1,CFB,GEOROC,1984
PAPER|GEOROC|CITATION_ID|2092,14,1,CFB,GEOROC,1970
PAPER|GEOROC|CITATION_ID|20921,4,1,OIB,GEOROC,2015
PAPER|GEOROC|CITATION_ID|20929,31,1,CFB,GEOROC,2015
PAPER|GEOROC|CITATION_ID|20939,1,1,OIB,GEOROC,1999
PAPER|GEOROC|CITATION_ID|2094,22,1,CFB,GEOROC,1992
PAPER|GEOROC|CITATION_ID|20942,61,1,IAB,GEOROC,2017
PAPER|GEOROC|CITATION_ID|2096,27,1,CFB,GEOROC,1992
PAPER|GEOROC|CITATION_ID|20960,15,1,CAB,GEOROC,2017
PAPER|GEOROC|CITATION_ID|20976,21,1,CFB,GEOROC,2017
PAPER|GEOROC|CITATION_ID|20997,3,1,IOAB,GEOROC,2017
PAPER|GEOROC|CITATION_ID|20998,10,1,OIB,GEOROC,2017
PAPER|GEOROC|CITATION_ID|210,49,1,OIB,GEOROC,1975
PAPER|GEOROC|CITATION_ID|21001,16,1,IAB,GEOROC,2017
PAPER|GEOROC|CITATION_ID|21012,2,1,OIB,GEOROC,2017
PAPER|GEOROC|CITATION_ID|2103,13,1,CFB,GEOROC,1983
PAPER|GEOROC|CITATION_ID|2104,15,1,CFB,GEOROC,1991
PAPER|GEOROC|CITATION_ID|21041,64,1,CAB,GEOROC,2017
PAPER|GEOROC|CITATION_ID|21047,3,1,OPB,GEOROC,2017
PAPER|GEOROC|CITATION_ID|2105,57,2,MORB|OPB,GEOROC,1982
PAPER|GEOROC|CITATION_ID|21069,12,1,OIB,GEOROC,2017
PAPER|GEOROC|CITATION_ID|2107,24,1,CFB,GEOROC,1991
PAPER|GEOROC|CITATION_ID|21071,48,1,OIB,GEOROC,2017
PAPER|GEOROC|CITATION_ID|21074,35,1,CFB,GEOROC,2017
PAPER|GEOROC|CITATION_ID|21078,5,1,CFB,GEOROC,2017
PAPER|GEOROC|CITATION_ID|211,117,1,OIB,GEOROC,1964
PAPER|GEOROC|CITATION_ID|21118,1,1,CAB,GEOROC,2017
PAPER|GEOROC|CITATION_ID|21144,140,1,CFB,GEOROC,2017
PAPER|GEOROC|CITATION_ID|21157,4,1,CFB,GEOROC,2017
PAPER|GEOROC|CITATION_ID|212,15,1,OIB,GEOROC,1980
PAPER|GEOROC|CITATION_ID|2124,45,1,MORB,GEOROC,1982
PAPER|GEOROC|CITATION_ID|21287,13,1,OIB,GEOROC,2017
PAPER|GEOROC|CITATION_ID|2129,13,1,CFB,GEOROC,1989
PAPER|GEOROC|CITATION_ID|2133,2,1,CFB,GEOROC,1988
PAPER|GEOROC|CITATION_ID|2138,7,1,CFB,GEOROC,1988
PAPER|GEOROC|CITATION_ID|21389,3,1,CFB,GEOROC,2017
PAPER|GEOROC|CITATION_ID|214,4,1,OIB,GEOROC,1987
PAPER|GEOROC|CITATION_ID|2141,8,1,CFB,GEOROC,1996
PAPER|GEOROC|CITATION_ID|21424,10,1,CFB,GEOROC,2017
PAPER|GEOROC|CITATION_ID|21435,25,1,CFB,GEOROC,2017
PAPER|GEOROC|CITATION_ID|21481,92,1,IAB,GEOROC,2017
PAPER|GEOROC|CITATION_ID|21497,2,1,CAB,GEOROC,2017
PAPER|GEOROC|CITATION_ID|21501,21,1,CFB,GEOROC,2017
PAPER|GEOROC|CITATION_ID|21502,1,1,BABB,GEOROC,2013
PAPER|GEOROC|CITATION_ID|2157,33,1,CFB,GEOROC,1994
PAPER|GEOROC|CITATION_ID|216,39,1,OIB,GEOROC,1992
PAPER|GEOROC|CITATION_ID|21604,14,1,CFB,GEOROC,2018
PAPER|GEOROC|CITATION_ID|21614,6,1,OIB,GEOROC,2018
PAPER|GEOROC|CITATION_ID|21645,4,1,CAB,GEOROC,2018
PAPER|GEOROC|CITATION_ID|2165,5,1,OIB,GEOROC,1927
PAPER|GEOROC|CITATION_ID|21650,35,1,OPB,GEOROC,2017
PAPER|GEOROC|CITATION_ID|2167,29,1,OIB,GEOROC,1915
PAPER|GEOROC|CITATION_ID|2168,19,1,OIB,GEOROC,1987
PAPER|GEOROC|CITATION_ID|21680,12,1,OIB,GEOROC,2007
PAPER|GEOROC|CITATION_ID|217,69,1,OIB,GEOROC,1992
PAPER|GEOROC|CITATION_ID|21720,12,1,CFB,GEOROC,2018
PAPER|GEOROC|CITATION_ID|2174,12,1,CFB,GEOROC,1997
PAPER|GEOROC|CITATION_ID|21754,13,1,CFB,GEOROC,2018
PAPER|GEOROC|CITATION_ID|21790,14,1,OIB,GEOROC,2018
PAPER|GEOROC|CITATION_ID|21819,7,1,CFB,GEOROC,2014
PAPER|GEOROC|CITATION_ID|21850,40,1,CFB,GEOROC,2018
PAPER|GEOROC|CITATION_ID|21878,37,1,OIB,GEOROC,2017
PAPER|GEOROC|CITATION_ID|21882,2,1,OIB,GEOROC,2017
PAPER|GEOROC|CITATION_ID|21890,11,1,CFB,GEOROC,2017
PAPER|GEOROC|CITATION_ID|21895,92,1,OIB,GEOROC,2017
PAPER|GEOROC|CITATION_ID|219,1,1,OIB,GEOROC,1993
PAPER|GEOROC|CITATION_ID|21949,6,1,CFB,GEOROC,2018
PAPER|GEOROC|CITATION_ID|220,77,1,OIB,GEOROC,1996
PAPER|GEOROC|CITATION_ID|22074,5,1,CFB,GEOROC,2018
PAPER|GEOROC|CITATION_ID|22077,83,1,CFB,GEOROC,2018
PAPER|GEOROC|CITATION_ID|22080,35,1,CFB,GEOROC,2018
PAPER|GEOROC|CITATION_ID|22083,1,1,CFB,GEOROC,2018
PAPER|GEOROC|CITATION_ID|22092,2,1,CFB,GEOROC,2018
PAPER|GEOROC|CITATION_ID|221,22,1,OIB,GEOROC,1995
PAPER|GEOROC|CITATION_ID|22111,98,2,CFB|OIB,GEOROC,2017
PAPER|GEOROC|CITATION_ID|22135,26,1,CFB,GEOROC,2018
PAPER|GEOROC|CITATION_ID|22191,19,1,OPB,GEOROC,2018
PAPER|GEOROC|CITATION_ID|222,3,1,OIB,GEOROC,1996
PAPER|GEOROC|CITATION_ID|22240,42,1,CFB,GEOROC,2018
PAPER|GEOROC|CITATION_ID|22258,70,1,CFB,GEOROC,2018
PAPER|GEOROC|CITATION_ID|2228,6,1,OIB,GEOROC,1976
PAPER|GEOROC|CITATION_ID|22291,9,1,OPB,GEOROC,2018
PAPER|GEOROC|CITATION_ID|22297,6,1,CFB,GEOROC,2018
PAPER|GEOROC|CITATION_ID|223,22,1,OIB,GEOROC,1989
PAPER|GEOROC|CITATION_ID|22428,4,1,OIB,GEOROC,2018
PAPER|GEOROC|CITATION_ID|22453,73,1,CFB,GEOROC,2018
PAPER|GEOROC|CITATION_ID|22474,18,1,CFB,GEOROC,2018
PAPER|GEOROC|CITATION_ID|225,2,1,OIB,GEOROC,1991
PAPER|GEOROC|CITATION_ID|22509,70,1,CFB,GEOROC,2018
PAPER|GEOROC|CITATION_ID|22571,16,1,CAB,GEOROC,2018
PAPER|GEOROC|CITATION_ID|22593,3,1,OIB,GEOROC,2013
PAPER|GEOROC|CITATION_ID|22613,32,1,OIB,GEOROC,2018
PAPER|GEOROC|CITATION_ID|22678,7,1,OIB,GEOROC,2019
PAPER|GEOROC|CITATION_ID|227,43,1,OIB,GEOROC,1988
PAPER|GEOROC|CITATION_ID|2270,8,2,IAB|IOAB,GEOROC,1997
PAPER|GEOROC|CITATION_ID|22783,4,1,CFB,GEOROC,2019
PAPER|GEOROC|CITATION_ID|228,67,1,OIB,GEOROC,1988
PAPER|GEOROC|CITATION_ID|22861,5,1,IOAB,GEOROC,2019
PAPER|GEOROC|CITATION_ID|22863,9,1,CAB,GEOROC,2019
PAPER|GEOROC|CITATION_ID|22897,10,1,OIB,GEOROC,2019
PAPER|GEOROC|CITATION_ID|229,137,1,OIB,GEOROC,1971
PAPER|GEOROC|CITATION_ID|22913,1,1,BABB,GEOROC,2019
PAPER|GEOROC|CITATION_ID|22917,7,1,CFB,GEOROC,2019
PAPER|GEOROC|CITATION_ID|22929,31,1,OIB,GEOROC,2019
PAPER|GEOROC|CITATION_ID|22972,131,1,CFB,GEOROC,2019
PAPER|GEOROC|CITATION_ID|230,40,1,OIB,GEOROC,1966
PAPER|GEOROC|CITATION_ID|23024,7,1,CFB,GEOROC,2019
PAPER|GEOROC|CITATION_ID|23083,12,1,OIB,GEOROC,2019
PAPER|GEOROC|CITATION_ID|23135,199,1,CFB,GEOROC,2019
PAPER|GEOROC|CITATION_ID|23136,37,1,CFB,GEOROC,2019
PAPER|GEOROC|CITATION_ID|2316,1,1,IAB,GEOROC,1987
PAPER|GEOROC|CITATION_ID|23170,6,1,CFB,GEOROC,2019
PAPER|GEOROC|CITATION_ID|23172,2,1,CAB,GEOROC,2019
PAPER|GEOROC|CITATION_ID|23182,4,1,CFB,GEOROC,2019
PAPER|GEOROC|CITATION_ID|2319,7,1,IAB,GEOROC,1996
PAPER|GEOROC|CITATION_ID|232,33,1,OIB,GEOROC,1971
PAPER|GEOROC|CITATION_ID|2321,8,1,IOAB,GEOROC,1987
PAPER|GEOROC|CITATION_ID|23240,4,1,OPB,GEOROC,2019
PAPER|GEOROC|CITATION_ID|23244,13,1,CFB,GEOROC,2019
PAPER|GEOROC|CITATION_ID|2326,3,1,IOAB,GEOROC,1994
PAPER|GEOROC|CITATION_ID|23264,10,1,OIB,GEOROC,2016
PAPER|GEOROC|CITATION_ID|2328,13,1,IOAB,GEOROC,1998
PAPER|GEOROC|CITATION_ID|233,3,1,OIB,GEOROC,1995
PAPER|GEOROC|CITATION_ID|2331,18,1,IOAB,GEOROC,1994
PAPER|GEOROC|CITATION_ID|23333,51,1,OIB,GEOROC,2019
PAPER|GEOROC|CITATION_ID|23335,10,1,OIB,GEOROC,2017
PAPER|GEOROC|CITATION_ID|23358,1,1,CFB,GEOROC,2019
PAPER|GEOROC|CITATION_ID|2336,3,1,IOAB,GEOROC,1997
PAPER|GEOROC|CITATION_ID|23378,2,1,MORB,GEOROC,2020
PAPER|GEOROC|CITATION_ID|23381,12,1,OIB,GEOROC,2018
PAPER|GEOROC|CITATION_ID|23390,3,1,CFB,GEOROC,2019
PAPER|GEOROC|CITATION_ID|23391,7,1,OIB,GEOROC,2019
PAPER|GEOROC|CITATION_ID|23440,12,1,CFB,GEOROC,2019
PAPER|GEOROC|CITATION_ID|23441,31,1,BABB,GEOROC,2019
PAPER|GEOROC|CITATION_ID|23460,1,1,OIB,GEOROC,2018
PAPER|GEOROC|CITATION_ID|2348,3,2,IAB|IOAB,GEOROC,1960
PAPER|GEOROC|CITATION_ID|23491,14,1,OIB,GEOROC,2020
PAPER|GEOROC|CITATION_ID|235,1,1,OIB,GEOROC,1988
PAPER|GEOROC|CITATION_ID|23521,23,1,OIB,GEOROC,2019
PAPER|GEOROC|CITATION_ID|23527,10,1,OIB,GEOROC,2020
PAPER|GEOROC|CITATION_ID|23539,6,1,OIB,GEOROC,2020
PAPER|GEOROC|CITATION_ID|2355,24,1,CFB,GEOROC,1967
PAPER|GEOROC|CITATION_ID|23565,28,1,CFB,GEOROC,2019
PAPER|GEOROC|CITATION_ID|2357,1,1,CFB,GEOROC,1976
PAPER|GEOROC|CITATION_ID|23589,22,1,OIB,GEOROC,2020
PAPER|GEOROC|CITATION_ID|23618,15,1,OIB,GEOROC,2020
PAPER|GEOROC|CITATION_ID|23673,79,1,CFB,GEOROC,2020
PAPER|GEOROC|CITATION_ID|23682,4,1,OIB,GEOROC,2020
PAPER|GEOROC|CITATION_ID|237,8,1,OIB,GEOROC,1964
PAPER|GEOROC|CITATION_ID|2371,11,1,BABB,GEOROC,1998
PAPER|GEOROC|CITATION_ID|2372,16,1,BABB,GEOROC,1998
PAPER|GEOROC|CITATION_ID|23734,11,1,CFB,GEOROC,2020
PAPER|GEOROC|CITATION_ID|2374,12,1,IOAB,GEOROC,1997
PAPER|GEOROC|CITATION_ID|2378,6,1,IOAB,GEOROC,1984
PAPER|GEOROC|CITATION_ID|2379,29,1,MORB,GEOROC,1984
PAPER|GEOROC|CITATION_ID|238,1,1,OIB,GEOROC,1957
PAPER|GEOROC|CITATION_ID|2380,24,1,MORB,GEOROC,1984
PAPER|GEOROC|CITATION_ID|23801,10,1,CFB,GEOROC,2020
PAPER|GEOROC|CITATION_ID|23808,48,1,CFB,GEOROC,2020
PAPER|GEOROC|CITATION_ID|2383,9,1,IOAB,GEOROC,1984
PAPER|GEOROC|CITATION_ID|2388,2,1,BABB,GEOROC,1983
PAPER|GEOROC|CITATION_ID|23883,20,1,CFB,GEOROC,2020
PAPER|GEOROC|CITATION_ID|239,20,1,OIB,GEOROC,1964
PAPER|GEOROC|CITATION_ID|23918,13,1,OIB,GEOROC,2020
PAPER|GEOROC|CITATION_ID|2393,20,1,BABB,GEOROC,1982
PAPER|GEOROC|CITATION_ID|2394,18,1,BABB,GEOROC,1982
PAPER|GEOROC|CITATION_ID|2395,36,1,BABB,GEOROC,1982
PAPER|GEOROC|CITATION_ID|23953,13,1,CFB,GEOROC,2020
PAPER|GEOROC|CITATION_ID|2397,13,1,IOAB,GEOROC,1980
PAPER|GEOROC|CITATION_ID|240,4,1,OIB,GEOROC,1973
PAPER|GEOROC|CITATION_ID|2400,9,1,BABB,GEOROC,1980
PAPER|GEOROC|CITATION_ID|2401,8,1,BABB,GEOROC,1980
PAPER|GEOROC|CITATION_ID|2404,1,1,BABB,GEOROC,1979
PAPER|GEOROC|CITATION_ID|2405,2,1,IOAB,GEOROC,1979
PAPER|GEOROC|CITATION_ID|24050,8,1,OIB,GEOROC,2020
PAPER|GEOROC|CITATION_ID|24089,19,1,CFB,GEOROC,2020
PAPER|GEOROC|CITATION_ID|2412,44,1,CFB,GEOROC,1990
PAPER|GEOROC|CITATION_ID|2413,22,1,CFB,GEOROC,1997
PAPER|GEOROC|CITATION_ID|2414,11,1,CFB,GEOROC,1998
PAPER|GEOROC|CITATION_ID|24142,2,1,CFB,GEOROC,2014
PAPER|GEOROC|CITATION_ID|2416,15,1,CFB,GEOROC,1974
PAPER|GEOROC|CITATION_ID|2417,32,1,CFB,GEOROC,1985
PAPER|GEOROC|CITATION_ID|2419,2,1,CFB,GEOROC,1994
PAPER|GEOROC|CITATION_ID|2423,12,1,CFB,GEOROC,1995
PAPER|GEOROC|CITATION_ID|2426,50,1,CFB,GEOROC,1997
PAPER|GEOROC|CITATION_ID|24288,8,1,CFB,GEOROC,2020
PAPER|GEOROC|CITATION_ID|243,28,1,OIB,GEOROC,1980
PAPER|GEOROC|CITATION_ID|2430,48,1,BABB,GEOROC,1990
PAPER|GEOROC|CITATION_ID|2431,12,1,BABB,GEOROC,1990
PAPER|GEOROC|CITATION_ID|24313,6,1,CFB,GEOROC,2021
PAPER|GEOROC|CITATION_ID|24331,2,1,CFB,GEOROC,2020
PAPER|GEOROC|CITATION_ID|24347,2,1,CAB,GEOROC,2020
PAPER|GEOROC|CITATION_ID|2435,14,1,IOAB,GEOROC,1989
PAPER|GEOROC|CITATION_ID|24409,8,1,OIB,GEOROC,2020
PAPER|GEOROC|CITATION_ID|24434,3,1,MORB,GEOROC,2020
PAPER|GEOROC|CITATION_ID|24464,44,1,OIB,GEOROC,2016
PAPER|GEOROC|CITATION_ID|2447,3,1,OIB,GEOROC,1958
PAPER|GEOROC|CITATION_ID|24496,31,1,CFB,GEOROC,2021
PAPER|GEOROC|CITATION_ID|2452,12,1,BABB,GEOROC,1987
PAPER|GEOROC|CITATION_ID|2455,36,1,BABB,GEOROC,1987
PAPER|GEOROC|CITATION_ID|24582,4,1,CFB,GEOROC,2020
PAPER|GEOROC|CITATION_ID|24588,3,1,OIB,GEOROC,2021
PAPER|GEOROC|CITATION_ID|24596,20,1,OPB,GEOROC,2021
PAPER|GEOROC|CITATION_ID|246,18,1,OIB,GEOROC,1998
PAPER|GEOROC|CITATION_ID|2465,21,1,CFB,GEOROC,1985
PAPER|GEOROC|CITATION_ID|2466,21,1,CFB,GEOROC,1984
PAPER|GEOROC|CITATION_ID|2468,30,1,CFB,GEOROC,1976
PAPER|GEOROC|CITATION_ID|24682,9,1,IAB,GEOROC,2021
PAPER|GEOROC|CITATION_ID|2469,14,1,OPB,GEOROC,1983
PAPER|GEOROC|CITATION_ID|24704,1,1,CFB,GEOROC,2021
PAPER|GEOROC|CITATION_ID|24710,1,1,CAB,GEOROC,2021
PAPER|GEOROC|CITATION_ID|2472,20,1,CFB,GEOROC,1981
PAPER|GEOROC|CITATION_ID|2473,21,1,CFB,GEOROC,1983
PAPER|GEOROC|CITATION_ID|24778,17,1,OIB,GEOROC,2021
PAPER|GEOROC|CITATION_ID|24786,29,1,CFB,GEOROC,2021
PAPER|GEOROC|CITATION_ID|2479,2,1,IOAB,GEOROC,1990
PAPER|GEOROC|CITATION_ID|24938,4,1,CAB,GEOROC,2021
PAPER|GEOROC|CITATION_ID|24947,2,1,IAB,GEOROC,2021
PAPER|GEOROC|CITATION_ID|2495,14,1,IOAB,GEOROC,1997
PAPER|GEOROC|CITATION_ID|24951,10,1,CFB,GEOROC,2021
PAPER|GEOROC|CITATION_ID|24963,31,1,CFB,GEOROC,2021
PAPER|GEOROC|CITATION_ID|24964,22,1,CFB,GEOROC,2021
PAPER|GEOROC|CITATION_ID|24968,18,1,CAB,GEOROC,2021
PAPER|GEOROC|CITATION_ID|2497,1,1,OIB,GEOROC,2000
PAPER|GEOROC|CITATION_ID|24972,14,1,CFB,GEOROC,2021
PAPER|GEOROC|CITATION_ID|24974,2,1,OIB,GEOROC,2021
PAPER|GEOROC|CITATION_ID|25,34,1,OIB,GEOROC,1987
PAPER|GEOROC|CITATION_ID|25006,14,1,CFB,GEOROC,2021
PAPER|GEOROC|CITATION_ID|25018,42,1,CFB,GEOROC,2021
PAPER|GEOROC|CITATION_ID|25024,8,1,OIB,GEOROC,2021
PAPER|GEOROC|CITATION_ID|25040,19,1,IAB,GEOROC,2016
PAPER|GEOROC|CITATION_ID|25080,23,1,BABB,GEOROC,2021
PAPER|GEOROC|CITATION_ID|25094,1,1,OPB,GEOROC,2021
PAPER|GEOROC|CITATION_ID|25100,1,1,CAB,GEOROC,2021
PAPER|GEOROC|CITATION_ID|2517,48,1,BABB,GEOROC,1985
PAPER|GEOROC|CITATION_ID|25171,92,1,CFB,GEOROC,2021
PAPER|GEOROC|CITATION_ID|25175,1,1,CFB,GEOROC,2021
PAPER|GEOROC|CITATION_ID|25185,22,1,CFB,GEOROC,2021
PAPER|GEOROC|CITATION_ID|2519,16,1,BABB,GEOROC,1996
PAPER|GEOROC|CITATION_ID|252,43,1,OIB,GEOROC,1996
PAPER|GEOROC|CITATION_ID|25242,31,1,OIB,GEOROC,2021
PAPER|GEOROC|CITATION_ID|25294,15,1,CFB,GEOROC,2015
PAPER|GEOROC|CITATION_ID|25356,92,1,CFB,GEOROC,2021
PAPER|GEOROC|CITATION_ID|25358,40,1,CFB,GEOROC,2021
PAPER|GEOROC|CITATION_ID|25403,2,1,OIB,GEOROC,2022
PAPER|GEOROC|CITATION_ID|25422,1,1,BABB,GEOROC,2021
PAPER|GEOROC|CITATION_ID|25430,36,1,OIB,GEOROC,2019
PAPER|GEOROC|CITATION_ID|25435,1,1,OIB,GEOROC,2022
PAPER|GEOROC|CITATION_ID|25466,11,1,CFB,GEOROC,2021
PAPER|GEOROC|CITATION_ID|25510,8,1,CFB,GEOROC,2021
PAPER|GEOROC|CITATION_ID|25515,21,1,CFB,GEOROC,2022
PAPER|GEOROC|CITATION_ID|25539,5,1,OIB,GEOROC,2022
PAPER|GEOROC|CITATION_ID|25551,4,1,OIB,GEOROC,2021
PAPER|GEOROC|CITATION_ID|25581,7,1,CFB,GEOROC,2021
PAPER|GEOROC|CITATION_ID|25586,10,1,CFB,GEOROC,2022
PAPER|GEOROC|CITATION_ID|2561,4,1,IOAB,GEOROC,1979
PAPER|GEOROC|CITATION_ID|25612,90,1,OIB,GEOROC,2021
PAPER|GEOROC|CITATION_ID|25615,30,1,CAB,GEOROC,2022
PAPER|GEOROC|CITATION_ID|25672,14,1,CFB,GEOROC,2022
PAPER|GEOROC|CITATION_ID|257,3,1,OIB,GEOROC,1949
PAPER|GEOROC|CITATION_ID|25702,4,1,OIB,GEOROC,2022
PAPER|GEOROC|CITATION_ID|25750,9,1,CFB,GEOROC,2022
PAPER|GEOROC|CITATION_ID|25772,13,1,CFB,GEOROC,2022
PAPER|GEOROC|CITATION_ID|2579,5,1,IOAB,GEOROC,1988
PAPER|GEOROC|CITATION_ID|25797,13,2,CFB|OIB,GEOROC,2022
PAPER|GEOROC|CITATION_ID|25798,69,1,CFB,GEOROC,2022
PAPER|GEOROC|CITATION_ID|25812,14,1,OIB,GEOROC,2020
PAPER|GEOROC|CITATION_ID|2582,36,1,OIB,GEOROC,1970
PAPER|GEOROC|CITATION_ID|25860,12,1,CFB,GEOROC,2022
PAPER|GEOROC|CITATION_ID|2589,2,1,CFB,GEOROC,1988
PAPER|GEOROC|CITATION_ID|259,10,1,OIB,GEOROC,1963
PAPER|GEOROC|CITATION_ID|25910,8,1,CFB,GEOROC,2022
PAPER|GEOROC|CITATION_ID|2592,2,1,CFB,GEOROC,1988
PAPER|GEOROC|CITATION_ID|25933,10,1,CAB,GEOROC,2022
PAPER|GEOROC|CITATION_ID|2595,28,1,BABB,GEOROC,1980
PAPER|GEOROC|CITATION_ID|25953,6,1,CFB,GEOROC,2022
PAPER|GEOROC|CITATION_ID|25962,4,1,CAB,GEOROC,2022
PAPER|GEOROC|CITATION_ID|25965,6,1,CFB,GEOROC,2022
PAPER|GEOROC|CITATION_ID|25984,5,1,IAB,GEOROC,2022
PAPER|GEOROC|CITATION_ID|260,9,1,OIB,GEOROC,1961
PAPER|GEOROC|CITATION_ID|26125,9,1,MORB,GEOROC,2022
PAPER|GEOROC|CITATION_ID|26149,1,1,CAB,GEOROC,2022
PAPER|GEOROC|CITATION_ID|26166,427,1,OIB,GEOROC,2022
PAPER|GEOROC|CITATION_ID|26189,27,1,CFB,GEOROC,2022
PAPER|GEOROC|CITATION_ID|2623,10,2,IOAB|OIB,GEOROC,1988
PAPER|GEOROC|CITATION_ID|26282,2,1,CFB,GEOROC,2022
PAPER|GEOROC|CITATION_ID|2637,12,1,CFB,GEOROC,1989
PAPER|GEOROC|CITATION_ID|2639,39,1,CFB,GEOROC,1995
PAPER|GEOROC|CITATION_ID|26413,9,1,OIB,GEOROC,2022
PAPER|GEOROC|CITATION_ID|2642,8,1,CFB,GEOROC,1993
PAPER|GEOROC|CITATION_ID|2643,2,1,CFB,GEOROC,1993
PAPER|GEOROC|CITATION_ID|26452,6,1,IAB,GEOROC,2023
PAPER|GEOROC|CITATION_ID|26498,8,1,CFB,GEOROC,2023
PAPER|GEOROC|CITATION_ID|26512,23,1,OIB,GEOROC,2023
PAPER|GEOROC|CITATION_ID|2652,43,1,CFB,GEOROC,1987
PAPER|GEOROC|CITATION_ID|2653,4,1,OIB,GEOROC,2000
PAPER|GEOROC|CITATION_ID|2654,56,1,CFB,GEOROC,1989
PAPER|GEOROC|CITATION_ID|2655,14,1,CFB,GEOROC,1990
PAPER|GEOROC|CITATION_ID|26579,7,1,CAB,GEOROC,2004
PAPER|GEOROC|CITATION_ID|2662,16,1,OIB,GEOROC,1997
PAPER|GEOROC|CITATION_ID|26645,615,1,CFB,GEOROC,2023
PAPER|GEOROC|CITATION_ID|2665,35,1,MORB,GEOROC,1981
PAPER|GEOROC|CITATION_ID|26660,23,1,CAB,GEOROC,2014
PAPER|GEOROC|CITATION_ID|26705,3,1,CAB,GEOROC,2022
PAPER|GEOROC|CITATION_ID|26738,15,1,CFB,GEOROC,2023
PAPER|GEOROC|CITATION_ID|2679,1,1,CFB,GEOROC,1972
PAPER|GEOROC|CITATION_ID|268,7,1,OIB,GEOROC,1972
PAPER|GEOROC|CITATION_ID|2680,2,1,CFB,GEOROC,1973
PAPER|GEOROC|CITATION_ID|26806,2,1,CFB,GEOROC,2023
PAPER|GEOROC|CITATION_ID|2684,53,1,CFB,GEOROC,1977
PAPER|GEOROC|CITATION_ID|2685,4,1,CFB,GEOROC,1978
PAPER|GEOROC|CITATION_ID|2686,1,1,CFB,GEOROC,1980
PAPER|GEOROC|CITATION_ID|2687,10,1,CFB,GEOROC,1978
PAPER|GEOROC|CITATION_ID|269,21,1,OIB,GEOROC,1971
PAPER|GEOROC|CITATION_ID|2698,4,1,IOAB,GEOROC,1984
PAPER|GEOROC|CITATION_ID|27006,2,1,CAB,GEOROC,2019
PAPER|GEOROC|CITATION_ID|2703,3,1,BABB,GEOROC,1998
PAPER|GEOROC|CITATION_ID|2705,2,1,OIB,GEOROC,2000
PAPER|GEOROC|CITATION_ID|27065,9,1,CFB,GEOROC,2023
PAPER|GEOROC|CITATION_ID|27069,2,1,OIB,GEOROC,2023
PAPER|GEOROC|CITATION_ID|2707,2,1,IOAB,GEOROC,1984
PAPER|GEOROC|CITATION_ID|2709,5,1,CFB,GEOROC,1958
PAPER|GEOROC|CITATION_ID|2710,6,1,CFB,GEOROC,1976
PAPER|GEOROC|CITATION_ID|27103,4,1,OIB,GEOROC,2023
PAPER|GEOROC|CITATION_ID|27112,15,1,CFB,GEOROC,2023
PAPER|GEOROC|CITATION_ID|27129,7,1,CFB,GEOROC,2023
PAPER|GEOROC|CITATION_ID|27139,4,1,OIB,GEOROC,2023
PAPER|GEOROC|CITATION_ID|2714,7,1,IOAB,GEOROC,1957
PAPER|GEOROC|CITATION_ID|27153,43,1,CFB,GEOROC,2023
PAPER|GEOROC|CITATION_ID|27174,73,1,CFB,GEOROC,2023
PAPER|GEOROC|CITATION_ID|27178,195,1,CFB,GEOROC,2023
PAPER|GEOROC|CITATION_ID|2721,3,1,OPB,GEOROC,2000
PAPER|GEOROC|CITATION_ID|27218,67,1,CFB,GEOROC,2024
PAPER|GEOROC|CITATION_ID|27238,3,1,OIB,GEOROC,2024
PAPER|GEOROC|CITATION_ID|27315,3,1,CFB,GEOROC,2024
PAPER|GEOROC|CITATION_ID|2733,2,1,CFB,GEOROC,2000
PAPER|GEOROC|CITATION_ID|27343,8,1,CAB,GEOROC,2012
PAPER|GEOROC|CITATION_ID|274,2,1,OIB,GEOROC,1961
PAPER|GEOROC|CITATION_ID|2742,2,1,OIB,GEOROC,1964
PAPER|GEOROC|CITATION_ID|2744,2,1,CFB,GEOROC,1964
PAPER|GEOROC|CITATION_ID|2745,21,1,CFB,GEOROC,1958
PAPER|GEOROC|CITATION_ID|2746,1,1,CFB,GEOROC,1966
PAPER|GEOROC|CITATION_ID|2747,25,2,CFB|OIB,GEOROC,1922
PAPER|GEOROC|CITATION_ID|2757,21,1,BABB,GEOROC,1993
PAPER|GEOROC|CITATION_ID|2767,5,1,MORB,GEOROC,1984
PAPER|GEOROC|CITATION_ID|277,7,1,OIB,GEOROC,1974
PAPER|GEOROC|CITATION_ID|2770,16,1,IOAB,GEOROC,1977
PAPER|GEOROC|CITATION_ID|2771,4,1,BABB,GEOROC,1976
PAPER|GEOROC|CITATION_ID|2776,2,1,IOAB,GEOROC,1979
PAPER|GEOROC|CITATION_ID|2778,365,1,OIB,GEOROC,2000
PAPER|GEOROC|CITATION_ID|2779,101,1,CFB,GEOROC,2000
PAPER|GEOROC|CITATION_ID|2781,105,1,CFB,GEOROC,2000
PAPER|GEOROC|CITATION_ID|2782,196,1,CFB,GEOROC,2000
PAPER|GEOROC|CITATION_ID|2784,1,1,OPB,GEOROC,2000
PAPER|GEOROC|CITATION_ID|2785,56,1,CFB,GEOROC,2000
PAPER|GEOROC|CITATION_ID|2790,4,1,CFB,GEOROC,1999
PAPER|GEOROC|CITATION_ID|2793,5,1,OIB,GEOROC,1968
PAPER|GEOROC|CITATION_ID|2796,5,1,IAB,GEOROC,1988
PAPER|GEOROC|CITATION_ID|2797,1,1,IAB,GEOROC,1985
PAPER|GEOROC|CITATION_ID|2798,2,1,IOAB,GEOROC,1992
PAPER|GEOROC|CITATION_ID|280,5,1,OIB,GEOROC,1968
PAPER|GEOROC|CITATION_ID|2803,15,1,IAB,GEOROC,1995
PAPER|GEOROC|CITATION_ID|2804,2,1,IAB,GEOROC,1992
PAPER|GEOROC|CITATION_ID|281,7,1,OIB,GEOROC,1967
PAPER|GEOROC|CITATION_ID|2811,3,1,OIB,GEOROC,1992
PAPER|GEOROC|CITATION_ID|2814,19,1,CFB,GEOROC,1993
PAPER|GEOROC|CITATION_ID|2815,13,1,CFB,GEOROC,1989
PAPER|GEOROC|CITATION_ID|2821,52,1,CFB,GEOROC,1996
PAPER|GEOROC|CITATION_ID|2827,3,1,CFB,GEOROC,1985
PAPER|GEOROC|CITATION_ID|2829,16,1,CFB,GEOROC,1995
PAPER|GEOROC|CITATION_ID|283,20,1,OIB,GEOROC,1966
PAPER|GEOROC|CITATION_ID|2830,4,1,CFB,GEOROC,1989
PAPER|GEOROC|CITATION_ID|284,9,1,OIB,GEOROC,1965
PAPER|GEOROC|CITATION_ID|28548,29,1,OIB,GEOROC,2024
PAPER|GEOROC|CITATION_ID|2856,33,1,CFB,GEOROC,1989
PAPER|GEOROC|CITATION_ID|28569,10,1,CAB,GEOROC,1993
PAPER|GEOROC|CITATION_ID|2857,23,1,CFB,GEOROC,1986
PAPER|GEOROC|CITATION_ID|286,4,1,OIB,GEOROC,1960
PAPER|GEOROC|CITATION_ID|28623,1,1,OPB,GEOROC,2016
PAPER|GEOROC|CITATION_ID|28631,6,1,OIB,GEOROC,2024
PAPER|GEOROC|CITATION_ID|2864,49,1,CFB,GEOROC,1990
PAPER|GEOROC|CITATION_ID|2867,15,1,CFB,GEOROC,1988
PAPER|GEOROC|CITATION_ID|28693,8,1,OIB,GEOROC,2024
PAPER|GEOROC|CITATION_ID|287,1,1,OIB,GEOROC,1957
PAPER|GEOROC|CITATION_ID|2870,3,1,CFB,GEOROC,1988
PAPER|GEOROC|CITATION_ID|2871,15,1,CFB,GEOROC,1988
PAPER|GEOROC|CITATION_ID|28731,3,1,CFB,GEOROC,2024
PAPER|GEOROC|CITATION_ID|2876,18,1,CFB,GEOROC,1983
PAPER|GEOROC|CITATION_ID|2878,26,1,CFB,GEOROC,1990
PAPER|GEOROC|CITATION_ID|28795,10,1,CFB,GEOROC,2024
PAPER|GEOROC|CITATION_ID|28800,2,1,CFB,GEOROC,2024
PAPER|GEOROC|CITATION_ID|28814,67,1,CFB,GEOROC,2024
PAPER|GEOROC|CITATION_ID|28821,3,1,CFB,GEOROC,2024
PAPER|GEOROC|CITATION_ID|2884,23,1,CFB,GEOROC,1966
PAPER|GEOROC|CITATION_ID|2903,5,1,CFB,GEOROC,1997
PAPER|GEOROC|CITATION_ID|2904,8,2,MORB|OPB,GEOROC,1979
PAPER|GEOROC|CITATION_ID|2905,2,1,OIB,GEOROC,1992
PAPER|GEOROC|CITATION_ID|2908,60,1,OPB,GEOROC,1997
PAPER|GEOROC|CITATION_ID|29130,6,1,CFB,GEOROC,2025
PAPER|GEOROC|CITATION_ID|2918,100,2,MORB|OPB,GEOROC,2000
PAPER|GEOROC|CITATION_ID|2921,32,1,OPB,GEOROC,1999
PAPER|GEOROC|CITATION_ID|29214,3,1,IOAB,GEOROC,2025
PAPER|GEOROC|CITATION_ID|2923,1008,1,CFB,GEOROC,2000
PAPER|GEOROC|CITATION_ID|29373,23,1,OIB,GEOROC,2025
PAPER|GEOROC|CITATION_ID|2940,1,1,CFB,GEOROC,1968
PAPER|GEOROC|CITATION_ID|2942,40,1,CFB,GEOROC,1972
PAPER|GEOROC|CITATION_ID|29423,4,1,CAB,GEOROC,2025
PAPER|GEOROC|CITATION_ID|2946,1,1,CFB,GEOROC,1980
PAPER|GEOROC|CITATION_ID|2947,18,1,CFB,GEOROC,1980
PAPER|GEOROC|CITATION_ID|2948,7,1,CFB,GEOROC,1991
PAPER|GEOROC|CITATION_ID|2949,85,1,CFB,GEOROC,1991
PAPER|GEOROC|CITATION_ID|295,1,1,OIB,GEOROC,1968
PAPER|GEOROC|CITATION_ID|2951,44,1,CFB,GEOROC,1991
PAPER|GEOROC|CITATION_ID|2954,6,1,BABB,GEOROC,1972
PAPER|GEOROC|CITATION_ID|29593,23,1,OIB,GEOROC,2025
PAPER|GEOROC|CITATION_ID|2962,18,1,CFB,GEOROC,1985
PAPER|GEOROC|CITATION_ID|29629,2,1,CFB,GEOROC,2023
PAPER|GEOROC|CITATION_ID|29705,12,1,CAB,GEOROC,2024
PAPER|GEOROC|CITATION_ID|29757,6,1,CAB,GEOROC,2024
PAPER|GEOROC|CITATION_ID|29763,40,1,OIB,GEOROC,2024
PAPER|GEOROC|CITATION_ID|29780,2,1,CAB,GEOROC,2025
PAPER|GEOROC|CITATION_ID|29786,2,1,OIB,GEOROC,2025
PAPER|GEOROC|CITATION_ID|29795,58,1,CFB,GEOROC,2025
PAPER|GEOROC|CITATION_ID|298,1,1,OIB,GEOROC,1946
PAPER|GEOROC|CITATION_ID|2981,24,1,CFB,GEOROC,1995
PAPER|GEOROC|CITATION_ID|2990,72,1,CFB,GEOROC,1998
PAPER|GEOROC|CITATION_ID|2992,14,1,OIB,GEOROC,1997
PAPER|GEOROC|CITATION_ID|2993,11,1,CFB,GEOROC,1995
PAPER|GEOROC|CITATION_ID|2994,13,1,CFB,GEOROC,1995
PAPER|GEOROC|CITATION_ID|2996,28,1,CFB,GEOROC,1999
PAPER|GEOROC|CITATION_ID|300,7,1,OIB,GEOROC,1970
PAPER|GEOROC|CITATION_ID|3002,45,1,CFB,GEOROC,1972
PAPER|GEOROC|CITATION_ID|3007,3,1,CFB,GEOROC,1988
PAPER|GEOROC|CITATION_ID|3008,38,1,CFB,GEOROC,1976
PAPER|GEOROC|CITATION_ID|3010,20,1,CFB,GEOROC,1984
PAPER|GEOROC|CITATION_ID|3012,3,1,CFB,GEOROC,1976
PAPER|GEOROC|CITATION_ID|3015,1,1,OIB,GEOROC,1966
PAPER|GEOROC|CITATION_ID|3020,2,1,CFB,GEOROC,1950
PAPER|GEOROC|CITATION_ID|3021,4,1,CFB,GEOROC,1934
PAPER|GEOROC|CITATION_ID|3056,32,2,BABB|IOAB,GEOROC,1994
PAPER|GEOROC|CITATION_ID|3067,15,1,CFB,GEOROC,1989
PAPER|GEOROC|CITATION_ID|3068,1,1,CFB,GEOROC,1993
PAPER|GEOROC|CITATION_ID|307,4,1,OIB,GEOROC,1968
PAPER|GEOROC|CITATION_ID|3075,2,1,IAB,GEOROC,1981
PAPER|GEOROC|CITATION_ID|3079,4,1,OIB,GEOROC,1991
PAPER|GEOROC|CITATION_ID|313,22,1,OIB,GEOROC,1991
PAPER|GEOROC|CITATION_ID|3134,10,1,OIB,GEOROC,1992
PAPER|GEOROC|CITATION_ID|316,8,1,OIB,GEOROC,1987
PAPER|GEOROC|CITATION_ID|3160,2,1,OIB,GEOROC,1978
PAPER|GEOROC|CITATION_ID|3162,5,1,OIB,GEOROC,1991
PAPER|GEOROC|CITATION_ID|3164,7,1,OIB,GEOROC,1972
PAPER|GEOROC|CITATION_ID|3165,13,1,CFB,GEOROC,1974
PAPER|GEOROC|CITATION_ID|3166,7,1,OIB,GEOROC,1970
PAPER|GEOROC|CITATION_ID|317,6,1,OIB,GEOROC,1994
PAPER|GEOROC|CITATION_ID|3176,9,1,IOAB,GEOROC,1974
PAPER|GEOROC|CITATION_ID|3178,2,1,BABB,GEOROC,1995
PAPER|GEOROC|CITATION_ID|318,1,1,OIB,GEOROC,1993
PAPER|GEOROC|CITATION_ID|3185,17,1,IAB,GEOROC,1988
PAPER|GEOROC|CITATION_ID|3187,15,1,IAB,GEOROC,1991
PAPER|GEOROC|CITATION_ID|3188,4,1,BABB,GEOROC,1972
PAPER|GEOROC|CITATION_ID|3193,2,1,IAB,GEOROC,1982
PAPER|GEOROC|CITATION_ID|32,18,1,OIB,GEOROC,1990
PAPER|GEOROC|CITATION_ID|3202,1,1,OIB,GEOROC,1931
PAPER|GEOROC|CITATION_ID|321,10,1,OIB,GEOROC,1990
PAPER|GEOROC|CITATION_ID|3215,5,1,CAB,GEOROC,1984
PAPER|GEOROC|CITATION_ID|3216,13,1,CAB,GEOROC,1988
PAPER|GEOROC|CITATION_ID|322,17,1,OIB,GEOROC,1990
PAPER|GEOROC|CITATION_ID|3220,7,1,IAB,GEOROC,1986
PAPER|GEOROC|CITATION_ID|3221,14,1,IAB,GEOROC,1984
PAPER|GEOROC|CITATION_ID|3228,2,1,IAB,GEOROC,1988
PAPER|GEOROC|CITATION_ID|3235,4,1,IAB,GEOROC,1966
PAPER|GEOROC|CITATION_ID|3237,13,1,IAB,GEOROC,1961
PAPER|GEOROC|CITATION_ID|3239,8,1,IAB,GEOROC,1984
PAPER|GEOROC|CITATION_ID|3242,6,2,IAB|IOAB,GEOROC,1986
PAPER|GEOROC|CITATION_ID|3246,13,1,OIB,GEOROC,1926
PAPER|GEOROC|CITATION_ID|3250,1,1,IAB,GEOROC,1980
PAPER|GEOROC|CITATION_ID|3252,2,1,IAB,GEOROC,1978
PAPER|GEOROC|CITATION_ID|3271,5,1,IAB,GEOROC,1998
PAPER|GEOROC|CITATION_ID|328,72,1,OIB,GEOROC,1994
PAPER|GEOROC|CITATION_ID|3293,2,1,CFB,GEOROC,1932
PAPER|GEOROC|CITATION_ID|3295,1,1,CFB,GEOROC,1944
PAPER|GEOROC|CITATION_ID|3310,8,1,CFB,GEOROC,1989
PAPER|GEOROC|CITATION_ID|3319,13,1,IOAB,GEOROC,1993
PAPER|GEOROC|CITATION_ID|3321,11,1,BABB,GEOROC,1994
PAPER|GEOROC|CITATION_ID|3328,5,1,IOAB,GEOROC,1982
PAPER|GEOROC|CITATION_ID|3336,9,1,BABB,GEOROC,1992
PAPER|GEOROC|CITATION_ID|3348,164,1,OIB,GEOROC,2000
PAPER|GEOROC|CITATION_ID|335,3,1,OIB,GEOROC,1992
PAPER|GEOROC|CITATION_ID|336,20,1,OIB,GEOROC,1988
PAPER|GEOROC|CITATION_ID|3364,22,1,OIB,GEOROC,1990
PAPER|GEOROC|CITATION_ID|338,7,1,OIB,GEOROC,1989
PAPER|GEOROC|CITATION_ID|3380,7,1,BABB,GEOROC,1994
PAPER|GEOROC|CITATION_ID|3382,6,1,BABB,GEOROC,1987
PAPER|GEOROC|CITATION_ID|3383,1,1,BABB,GEOROC,1989
PAPER|GEOROC|CITATION_ID|339,26,1,OIB,GEOROC,1980
PAPER|GEOROC|CITATION_ID|3390,15,1,CFB,GEOROC,1974
PAPER|GEOROC|CITATION_ID|340,4,1,OIB,GEOROC,1982
PAPER|GEOROC|CITATION_ID|3402,2,1,IAB,GEOROC,1982
PAPER|GEOROC|CITATION_ID|3405,6,1,IAB,GEOROC,1992
PAPER|GEOROC|CITATION_ID|3408,6,1,IAB,GEOROC,1962
PAPER|GEOROC|CITATION_ID|3409,37,1,IAB,GEOROC,1990
PAPER|GEOROC|CITATION_ID|3410,29,1,CFB,GEOROC,1998
PAPER|GEOROC|CITATION_ID|3418,12,1,CFB,GEOROC,1976
PAPER|GEOROC|CITATION_ID|3421,23,1,CFB,GEOROC,1991
PAPER|GEOROC|CITATION_ID|3423,22,1,CFB,GEOROC,1994
PAPER|GEOROC|CITATION_ID|3427,3,1,CFB,GEOROC,1972
PAPER|GEOROC|CITATION_ID|3428,5,1,CFB,GEOROC,1993
PAPER|GEOROC|CITATION_ID|3429,18,1,CFB,GEOROC,1995
PAPER|GEOROC|CITATION_ID|3432,3,1,CFB,GEOROC,1985
PAPER|GEOROC|CITATION_ID|3434,7,1,CFB,GEOROC,1986
PAPER|GEOROC|CITATION_ID|3439,1,1,CFB,GEOROC,1994
PAPER|GEOROC|CITATION_ID|344,12,1,OIB,GEOROC,1984
PAPER|GEOROC|CITATION_ID|3452,5,1,CFB,GEOROC,1984
PAPER|GEOROC|CITATION_ID|3462,4,1,CAB,GEOROC,1996
PAPER|GEOROC|CITATION_ID|3486,7,1,CFB,GEOROC,1975
PAPER|GEOROC|CITATION_ID|3488,2,1,CFB,GEOROC,1997
PAPER|GEOROC|CITATION_ID|3490,25,1,CFB,GEOROC,1999
PAPER|GEOROC|CITATION_ID|3491,6,1,CFB,GEOROC,1995
PAPER|GEOROC|CITATION_ID|3494,1,1,CFB,GEOROC,1971
PAPER|GEOROC|CITATION_ID|3497,46,1,CFB,GEOROC,1994
PAPER|GEOROC|CITATION_ID|3511,66,1,IAB,GEOROC,1999
PAPER|GEOROC|CITATION_ID|3533,1,1,CFB,GEOROC,1987
PAPER|GEOROC|CITATION_ID|3535,14,1,CFB,GEOROC,1976
PAPER|GEOROC|CITATION_ID|3540,1,1,IAB,GEOROC,1979
PAPER|GEOROC|CITATION_ID|355,3,1,OIB,GEOROC,1983
PAPER|GEOROC|CITATION_ID|3574,6,1,IAB,GEOROC,1995
PAPER|GEOROC|CITATION_ID|358,1,1,OIB,GEOROC,1986
PAPER|GEOROC|CITATION_ID|3584,12,1,IOAB,GEOROC,1965
PAPER|GEOROC|CITATION_ID|3594,3,1,IAB,GEOROC,1970
PAPER|GEOROC|CITATION_ID|3597,8,1,BABB,GEOROC,1990
PAPER|GEOROC|CITATION_ID|3600,4,1,IAB,GEOROC,1958
PAPER|GEOROC|CITATION_ID|3627,1,1,CAB,GEOROC,1988
PAPER|GEOROC|CITATION_ID|3631,22,1,CAB,GEOROC,1986
PAPER|GEOROC|CITATION_ID|3653,13,1,IAB,GEOROC,1996
PAPER|GEOROC|CITATION_ID|3658,5,1,IAB,GEOROC,1990
PAPER|GEOROC|CITATION_ID|3665,80,1,OIB,GEOROC,2000
PAPER|GEOROC|CITATION_ID|367,1,1,OIB,GEOROC,1969
PAPER|GEOROC|CITATION_ID|3678,38,1,BABB,GEOROC,1977
PAPER|GEOROC|CITATION_ID|370,1,1,OIB,GEOROC,1975
PAPER|GEOROC|CITATION_ID|3707,2,1,OIB,GEOROC,1961
PAPER|GEOROC|CITATION_ID|3711,4,1,OIB,GEOROC,1978
PAPER|GEOROC|CITATION_ID|3713,5,1,OIB,GEOROC,1963
PAPER|GEOROC|CITATION_ID|3714,1,1,OIB,GEOROC,1961
PAPER|GEOROC|CITATION_ID|372,4,1,OIB,GEOROC,1977
PAPER|GEOROC|CITATION_ID|373,26,1,OIB,GEOROC,1976
PAPER|GEOROC|CITATION_ID|374,69,1,OIB,GEOROC,1977
PAPER|GEOROC|CITATION_ID|3760,6,1,IOAB,GEOROC,1990
PAPER|GEOROC|CITATION_ID|3761,1,1,IOAB,GEOROC,1988
PAPER|GEOROC|CITATION_ID|3795,2,1,CFB,GEOROC,1988
PAPER|GEOROC|CITATION_ID|38,17,1,OIB,GEOROC,1995
PAPER|GEOROC|CITATION_ID|3831,13,1,CAB,GEOROC,1989
PAPER|GEOROC|CITATION_ID|3853,9,1,IOAB,GEOROC,1986
PAPER|GEOROC|CITATION_ID|3892,14,1,IAB,GEOROC,1992
PAPER|GEOROC|CITATION_ID|3907,23,1,IAB,GEOROC,1986
PAPER|GEOROC|CITATION_ID|3911,2,1,CFB,GEOROC,1984
PAPER|GEOROC|CITATION_ID|3912,23,1,CFB,GEOROC,1996
PAPER|GEOROC|CITATION_ID|3913,13,1,CFB,GEOROC,1998
PAPER|GEOROC|CITATION_ID|3914,27,1,CFB,GEOROC,1994
PAPER|GEOROC|CITATION_ID|3924,5,1,BABB,GEOROC,1990
PAPER|GEOROC|CITATION_ID|3927,43,1,BABB,GEOROC,1994
PAPER|GEOROC|CITATION_ID|3949,2,1,CFB,GEOROC,1974
PAPER|GEOROC|CITATION_ID|3966,24,1,IAB,GEOROC,1988
PAPER|GEOROC|CITATION_ID|3969,3,1,OIB,GEOROC,1973
PAPER|GEOROC|CITATION_ID|3970,3,1,IAB,GEOROC,1961
PAPER|GEOROC|CITATION_ID|3989,46,1,CFB,GEOROC,1989
PAPER|GEOROC|CITATION_ID|3995,2,1,CAB,GEOROC,1991
PAPER|GEOROC|CITATION_ID|3996,15,1,CAB,GEOROC,1991
PAPER|GEOROC|CITATION_ID|40,38,1,OIB,GEOROC,1991
PAPER|GEOROC|CITATION_ID|4010,45,1,OIB,GEOROC,1998
PAPER|GEOROC|CITATION_ID|4015,81,1,CFB,GEOROC,2001
PAPER|GEOROC|CITATION_ID|4016,1,1,OIB,GEOROC,2001
PAPER|GEOROC|CITATION_ID|4019,2,1,IAB,GEOROC,1998
PAPER|GEOROC|CITATION_ID|402,1,1,OIB,GEOROC,1960
PAPER|GEOROC|CITATION_ID|4053,8,1,CAB,GEOROC,1977
PAPER|GEOROC|CITATION_ID|4058,7,1,CFB,GEOROC,1999
PAPER|GEOROC|CITATION_ID|4066,6,1,OIB,GEOROC,2001
PAPER|GEOROC|CITATION_ID|4067,9,1,IAB,GEOROC,2001
PAPER|GEOROC|CITATION_ID|408,4,1,OIB,GEOROC,1990
PAPER|GEOROC|CITATION_ID|4080,3,1,IAB,GEOROC,1961
PAPER|GEOROC|CITATION_ID|4081,8,1,IAB,GEOROC,1984
PAPER|GEOROC|CITATION_ID|4087,28,1,IAB,GEOROC,1993
PAPER|GEOROC|CITATION_ID|4095,8,1,BABB,GEOROC,1998
PAPER|GEOROC|CITATION_ID|4099,5,1,IAB,GEOROC,1966
PAPER|GEOROC|CITATION_ID|41,52,1,OIB,GEOROC,1990
PAPER|GEOROC|CITATION_ID|4103,8,1,BABB,GEOROC,1994
PAPER|GEOROC|CITATION_ID|4105,204,1,BABB,GEOROC,1994
PAPER|GEOROC|CITATION_ID|4106,5,1,BABB,GEOROC,1998
PAPER|GEOROC|CITATION_ID|4108,14,1,BABB,GEOROC,1997
PAPER|GEOROC|CITATION_ID|4129,1,1,IAB,GEOROC,1990
PAPER|GEOROC|CITATION_ID|4135,1,1,IAB,GEOROC,1983
PAPER|GEOROC|CITATION_ID|4136,4,1,IAB,GEOROC,1983
PAPER|GEOROC|CITATION_ID|4140,13,1,IAB,GEOROC,1990
PAPER|GEOROC|CITATION_ID|4141,11,1,IAB,GEOROC,1960
PAPER|GEOROC|CITATION_ID|4144,26,1,CFB,GEOROC,1980
PAPER|GEOROC|CITATION_ID|4145,1,1,IAB,GEOROC,1984
PAPER|GEOROC|CITATION_ID|4146,9,1,IAB,GEOROC,1984
PAPER|GEOROC|CITATION_ID|4154,1,1,CFB,GEOROC,2000
PAPER|GEOROC|CITATION_ID|4164,28,1,CFB,GEOROC,1999
PAPER|GEOROC|CITATION_ID|4168,30,1,CFB,GEOROC,1984
PAPER|GEOROC|CITATION_ID|4172,43,1,CFB,GEOROC,1966
PAPER|GEOROC|CITATION_ID|4174,4,1,IAB,GEOROC,1987
PAPER|GEOROC|CITATION_ID|4179,8,1,IAB,GEOROC,1988
PAPER|GEOROC|CITATION_ID|4186,3,1,IAB,GEOROC,1984
PAPER|GEOROC|CITATION_ID|4194,9,1,IAB,GEOROC,1985
PAPER|GEOROC|CITATION_ID|4196,8,1,IAB,GEOROC,1986
PAPER|GEOROC|CITATION_ID|4197,50,1,IAB,GEOROC,1988
PAPER|GEOROC|CITATION_ID|4199,12,1,IAB,GEOROC,1986
PAPER|GEOROC|CITATION_ID|4201,13,1,CFB,GEOROC,1979
PAPER|GEOROC|CITATION_ID|4205,17,1,CFB,GEOROC,1985
PAPER|GEOROC|CITATION_ID|4207,8,1,IAB,GEOROC,1986
PAPER|GEOROC|CITATION_ID|4208,10,1,IAB,GEOROC,1986
PAPER|GEOROC|CITATION_ID|4209,16,1,IAB,GEOROC,1985
PAPER|GEOROC|CITATION_ID|4222,3,1,CAB,GEOROC,1995
PAPER|GEOROC|CITATION_ID|4233,13,1,IAB,GEOROC,1985
PAPER|GEOROC|CITATION_ID|4240,15,1,IOAB,GEOROC,1937
PAPER|GEOROC|CITATION_ID|4257,4,1,IAB,GEOROC,1983
PAPER|GEOROC|CITATION_ID|4261,5,1,IAB,GEOROC,1989
PAPER|GEOROC|CITATION_ID|4270,4,1,IAB,GEOROC,1980
PAPER|GEOROC|CITATION_ID|4272,2,1,IAB,GEOROC,1959
PAPER|GEOROC|CITATION_ID|4281,55,1,CFB,GEOROC,2001
PAPER|GEOROC|CITATION_ID|4291,13,1,CFB,GEOROC,2001
PAPER|GEOROC|CITATION_ID|4294,11,1,OIB,GEOROC,2001
PAPER|GEOROC|CITATION_ID|43,14,1,OIB,GEOROC,1987
PAPER|GEOROC|CITATION_ID|4301,9,1,CFB,GEOROC,1995
PAPER|GEOROC|CITATION_ID|4302,9,1,CFB,GEOROC,1992
PAPER|GEOROC|CITATION_ID|4304,6,1,CFB,GEOROC,1996
PAPER|GEOROC|CITATION_ID|4305,24,1,CFB,GEOROC,1993
PAPER|GEOROC|CITATION_ID|4325,1,1,OIB,GEOROC,1973
PAPER|GEOROC|CITATION_ID|4326,2,1,OIB,GEOROC,1974
PAPER|GEOROC|CITATION_ID|4335,3,1,IAB,GEOROC,1989
PAPER|GEOROC|CITATION_ID|4336,6,1,IAB,GEOROC,1972
PAPER|GEOROC|CITATION_ID|4338,12,1,IAB,GEOROC,1974
PAPER|GEOROC|CITATION_ID|4341,20,1,IAB,GEOROC,1991
PAPER|GEOROC|CITATION_ID|4342,2,1,IAB,GEOROC,1990
PAPER|GEOROC|CITATION_ID|4350,2,1,CAB,GEOROC,1995
PAPER|GEOROC|CITATION_ID|4358,6,1,CFB,GEOROC,1981
PAPER|GEOROC|CITATION_ID|4381,9,1,CAB,GEOROC,1987
PAPER|GEOROC|CITATION_ID|4386,3,1,IAB,GEOROC,1980
PAPER|GEOROC|CITATION_ID|4398,5,1,IAB,GEOROC,1963
PAPER|GEOROC|CITATION_ID|4405,2,1,IAB,GEOROC,1987
PAPER|GEOROC|CITATION_ID|4406,3,1,IOAB,GEOROC,1984
PAPER|GEOROC|CITATION_ID|4425,10,1,IAB,GEOROC,1935
PAPER|GEOROC|CITATION_ID|4428,49,1,CFB,GEOROC,1973
PAPER|GEOROC|CITATION_ID|4431,1,1,CAB,GEOROC,1984
PAPER|GEOROC|CITATION_ID|445,7,1,OIB,GEOROC,1980
PAPER|GEOROC|CITATION_ID|4466,1,1,IAB,GEOROC,1966
PAPER|GEOROC|CITATION_ID|4472,12,1,IAB,GEOROC,1977
PAPER|GEOROC|CITATION_ID|4485,3,1,IAB,GEOROC,1962
PAPER|GEOROC|CITATION_ID|4498,4,1,IAB,GEOROC,1986
PAPER|GEOROC|CITATION_ID|4500,5,1,IAB,GEOROC,1981
PAPER|GEOROC|CITATION_ID|4501,13,1,IAB,GEOROC,1988
PAPER|GEOROC|CITATION_ID|452,12,1,OIB,GEOROC,1986
PAPER|GEOROC|CITATION_ID|4521,12,1,CFB,GEOROC,1993
PAPER|GEOROC|CITATION_ID|4531,2,1,CFB,GEOROC,1979
PAPER|GEOROC|CITATION_ID|4532,12,1,CFB,GEOROC,1982
PAPER|GEOROC|CITATION_ID|4536,1,1,CFB,GEOROC,1996
PAPER|GEOROC|CITATION_ID|4538,34,1,CFB,GEOROC,1987
PAPER|GEOROC|CITATION_ID|4540,17,1,CFB,GEOROC,1972
PAPER|GEOROC|CITATION_ID|4542,92,1,CFB,GEOROC,1995
PAPER|GEOROC|CITATION_ID|4544,12,1,CAB,GEOROC,1992
PAPER|GEOROC|CITATION_ID|4568,11,2,IAB|IOAB,GEOROC,2011
PAPER|GEOROC|CITATION_ID|4578,5,1,CFB,GEOROC,1983
PAPER|GEOROC|CITATION_ID|4593,271,1,OIB,GEOROC,2001
PAPER|GEOROC|CITATION_ID|4594,12,1,OIB,GEOROC,2001
PAPER|GEOROC|CITATION_ID|4597,15,1,CFB,GEOROC,1997
PAPER|GEOROC|CITATION_ID|4598,9,1,CFB,GEOROC,1985
PAPER|GEOROC|CITATION_ID|46,15,1,OIB,GEOROC,1988
PAPER|GEOROC|CITATION_ID|4605,4,1,CFB,GEOROC,1987
PAPER|GEOROC|CITATION_ID|4606,5,1,CFB,GEOROC,1983
PAPER|GEOROC|CITATION_ID|4608,12,1,CFB,GEOROC,1988
PAPER|GEOROC|CITATION_ID|4610,2,1,IOAB,GEOROC,1955
PAPER|GEOROC|CITATION_ID|4614,7,1,CFB,GEOROC,1980
PAPER|GEOROC|CITATION_ID|463,16,1,OIB,GEOROC,1985
PAPER|GEOROC|CITATION_ID|4636,22,1,CFB,GEOROC,1986
PAPER|GEOROC|CITATION_ID|4637,22,1,IAB,GEOROC,1991
PAPER|GEOROC|CITATION_ID|468,15,1,OIB,GEOROC,1968
PAPER|GEOROC|CITATION_ID|4680,5,1,CFB,GEOROC,2001
PAPER|GEOROC|CITATION_ID|4683,1,1,OIB,GEOROC,2001
PAPER|GEOROC|CITATION_ID|4692,5,1,OIB,GEOROC,2001
PAPER|GEOROC|CITATION_ID|4695,324,1,CFB,GEOROC,2001
PAPER|GEOROC|CITATION_ID|4708,36,1,CFB,GEOROC,1997
PAPER|GEOROC|CITATION_ID|4709,73,1,CFB,GEOROC,1997
PAPER|GEOROC|CITATION_ID|472,4,1,OIB,GEOROC,1968
PAPER|GEOROC|CITATION_ID|4720,1,1,IAB,GEOROC,1964
PAPER|GEOROC|CITATION_ID|4730,3,1,IAB,GEOROC,2001
PAPER|GEOROC|CITATION_ID|4732,8,1,CFB,GEOROC,1965
PAPER|GEOROC|CITATION_ID|4734,1,1,IAB,GEOROC,1957
PAPER|GEOROC|CITATION_ID|4738,16,1,OIB,GEOROC,2002
PAPER|GEOROC|CITATION_ID|4744,1,1,OIB,GEOROC,2002
PAPER|GEOROC|CITATION_ID|4748,2,1,IAB,GEOROC,1942
PAPER|GEOROC|CITATION_ID|4752,104,1,OIB,GEOROC,1998
PAPER|GEOROC|CITATION_ID|4754,6,1,CFB,GEOROC,1987
PAPER|GEOROC|CITATION_ID|4756,15,1,CFB,GEOROC,1988
PAPER|GEOROC|CITATION_ID|4758,1,1,CFB,GEOROC,1975
PAPER|GEOROC|CITATION_ID|4760,3,1,CFB,GEOROC,1988
PAPER|GEOROC|CITATION_ID|4780,5,1,CFB,GEOROC,1974
PAPER|GEOROC|CITATION_ID|4781,28,1,CFB,GEOROC,1970
PAPER|GEOROC|CITATION_ID|4783,8,1,IAB,GEOROC,1992
PAPER|GEOROC|CITATION_ID|4784,18,1,OIB,GEOROC,1981
PAPER|GEOROC|CITATION_ID|4796,48,1,OIB,GEOROC,2000
PAPER|GEOROC|CITATION_ID|4805,3,1,IAB,GEOROC,1990
PAPER|GEOROC|CITATION_ID|4807,1,1,OIB,GEOROC,2002
PAPER|GEOROC|CITATION_ID|4808,1,1,OIB,GEOROC,2002
PAPER|GEOROC|CITATION_ID|4809,8,1,OIB,GEOROC,2002
PAPER|GEOROC|CITATION_ID|481,48,1,OIB,GEOROC,1989
PAPER|GEOROC|CITATION_ID|4816,63,1,OPB,GEOROC,2002
PAPER|GEOROC|CITATION_ID|482,20,1,OIB,GEOROC,1987
PAPER|GEOROC|CITATION_ID|4825,6,1,OIB,GEOROC,2000
PAPER|GEOROC|CITATION_ID|4829,16,1,OIB,GEOROC,2000
PAPER|GEOROC|CITATION_ID|4830,12,1,OIB,GEOROC,2000
PAPER|GEOROC|CITATION_ID|4831,6,1,OIB,GEOROC,2000
PAPER|GEOROC|CITATION_ID|4840,11,1,IAB,GEOROC,2000
PAPER|GEOROC|CITATION_ID|4843,35,1,OIB,GEOROC,2000
PAPER|GEOROC|CITATION_ID|4845,4,1,OIB,GEOROC,2000
PAPER|GEOROC|CITATION_ID|4868,12,1,OIB,GEOROC,2001
PAPER|GEOROC|CITATION_ID|4869,3,1,IAB,GEOROC,2001
PAPER|GEOROC|CITATION_ID|487,6,1,OIB,GEOROC,1966
PAPER|GEOROC|CITATION_ID|4883,9,1,CFB,GEOROC,1985
PAPER|GEOROC|CITATION_ID|4888,8,1,CFB,GEOROC,1983
PAPER|GEOROC|CITATION_ID|4893,14,1,CFB,GEOROC,1982
PAPER|GEOROC|CITATION_ID|49,37,1,OIB,GEOROC,1988
PAPER|GEOROC|CITATION_ID|4939,35,1,OPB,GEOROC,2002
PAPER|GEOROC|CITATION_ID|5,16,1,OIB,GEOROC,1996
PAPER|GEOROC|CITATION_ID|5000,2,1,IAB,GEOROC,1985
PAPER|GEOROC|CITATION_ID|5018,2,1,IAB,GEOROC,1985
PAPER|GEOROC|CITATION_ID|5033,2,1,CFB,GEOROC,2002
PAPER|GEOROC|CITATION_ID|5038,20,1,OIB,GEOROC,2002
PAPER|GEOROC|CITATION_ID|504,3,1,OIB,GEOROC,1997
PAPER|GEOROC|CITATION_ID|5040,34,1,CFB,GEOROC,2002
PAPER|GEOROC|CITATION_ID|5041,2,1,OIB,GEOROC,2002
PAPER|GEOROC|CITATION_ID|5042,7,1,OIB,GEOROC,2002
PAPER|GEOROC|CITATION_ID|5043,5,1,OIB,GEOROC,2002
PAPER|GEOROC|CITATION_ID|5054,4,1,IAB,GEOROC,1961
PAPER|GEOROC|CITATION_ID|5072,3,1,IAB,GEOROC,1979
PAPER|GEOROC|CITATION_ID|5073,19,1,IAB,GEOROC,1975
PAPER|GEOROC|CITATION_ID|509,4,1,OIB,GEOROC,1970
PAPER|GEOROC|CITATION_ID|5094,6,1,IAB,GEOROC,1989
PAPER|GEOROC|CITATION_ID|5095,10,1,IAB,GEOROC,1990
PAPER|GEOROC|CITATION_ID|5096,5,1,IOAB,GEOROC,1979
PAPER|GEOROC|CITATION_ID|5097,3,1,IAB,GEOROC,1976
PAPER|GEOROC|CITATION_ID|5099,1,1,IAB,GEOROC,1991
PAPER|GEOROC|CITATION_ID|51,12,1,OIB,GEOROC,1994
PAPER|GEOROC|CITATION_ID|5129,4,1,CFB,GEOROC,2001
PAPER|GEOROC|CITATION_ID|5145,1,1,CFB,GEOROC,2000
PAPER|GEOROC|CITATION_ID|5158,8,1,OIB,GEOROC,2002
PAPER|GEOROC|CITATION_ID|5160,1,1,OIB,GEOROC,2002
PAPER|GEOROC|CITATION_ID|5162,20,1,OIB,GEOROC,2002
PAPER|GEOROC|CITATION_ID|5169,23,2,MORB|OPB,GEOROC,2002
PAPER|GEOROC|CITATION_ID|517,3,1,OIB,GEOROC,1979
PAPER|GEOROC|CITATION_ID|5170,30,1,OPB,GEOROC,2002
PAPER|GEOROC|CITATION_ID|5174,64,1,OIB,GEOROC,2002
PAPER|GEOROC|CITATION_ID|5175,21,1,OPB,GEOROC,2002
PAPER|GEOROC|CITATION_ID|5177,43,1,OIB,GEOROC,2002
PAPER|GEOROC|CITATION_ID|5185,15,1,BABB,GEOROC,1993
PAPER|GEOROC|CITATION_ID|52,4,1,OIB,GEOROC,1991
PAPER|GEOROC|CITATION_ID|520,13,1,OIB,GEOROC,1991
PAPER|GEOROC|CITATION_ID|5216,11,1,OIB,GEOROC,2000
PAPER|GEOROC|CITATION_ID|5218,9,1,CFB,GEOROC,1995
PAPER|GEOROC|CITATION_ID|5238,29,1,CFB,GEOROC,1997
PAPER|GEOROC|CITATION_ID|5242,5,1,OPB,GEOROC,1997
PAPER|GEOROC|CITATION_ID|5265,18,1,CFB,GEOROC,1996
PAPER|GEOROC|CITATION_ID|5276,9,1,OPB,GEOROC,1984
PAPER|GEOROC|CITATION_ID|528,25,1,OIB,GEOROC,1985
PAPER|GEOROC|CITATION_ID|5297,16,1,IAB,GEOROC,2000
PAPER|GEOROC|CITATION_ID|53,1,1,OIB,GEOROC,1987
PAPER|GEOROC|CITATION_ID|5308,5,1,OPB,GEOROC,1996
PAPER|GEOROC|CITATION_ID|531,41,2,MORB|OPB,GEOROC,1995
PAPER|GEOROC|CITATION_ID|5388,3,1,CFB,GEOROC,1975
PAPER|GEOROC|CITATION_ID|5390,21,1,CFB,GEOROC,1977
PAPER|GEOROC|CITATION_ID|5398,5,1,OPB,GEOROC,1980
PAPER|GEOROC|CITATION_ID|54,36,1,OIB,GEOROC,1995
PAPER|GEOROC|CITATION_ID|5409,3,1,OPB,GEOROC,1979
PAPER|GEOROC|CITATION_ID|5437,4,1,IAB,GEOROC,1967
PAPER|GEOROC|CITATION_ID|5438,1,1,IAB,GEOROC,1973
PAPER|GEOROC|CITATION_ID|5447,1,1,IAB,GEOROC,1969
PAPER|GEOROC|CITATION_ID|545,2,1,OIB,GEOROC,1997
PAPER|GEOROC|CITATION_ID|5457,2,1,OIB,GEOROC,2002
PAPER|GEOROC|CITATION_ID|546,16,1,OIB,GEOROC,1982
PAPER|GEOROC|CITATION_ID|548,3,1,OIB,GEOROC,1981
PAPER|GEOROC|CITATION_ID|5486,16,1,CFB,GEOROC,1988
PAPER|GEOROC|CITATION_ID|5491,2,1,OPB,GEOROC,1987
PAPER|GEOROC|CITATION_ID|5513,1,1,IAB,GEOROC,1995
PAPER|GEOROC|CITATION_ID|5530,11,1,CFB,GEOROC,2002
PAPER|GEOROC|CITATION_ID|556,2,1,OIB,GEOROC,1992
PAPER|GEOROC|CITATION_ID|5561,5,1,CFB,GEOROC,2000
PAPER|GEOROC|CITATION_ID|56,2,1,OIB,GEOROC,1993
PAPER|GEOROC|CITATION_ID|5619,3,1,CFB,GEOROC,1981
PAPER|GEOROC|CITATION_ID|562,33,1,OIB,GEOROC,1994
PAPER|GEOROC|CITATION_ID|5622,5,1,BABB,GEOROC,1978
PAPER|GEOROC|CITATION_ID|5650,2,1,OIB,GEOROC,2002
PAPER|GEOROC|CITATION_ID|5653,5,1,OIB,GEOROC,2002
PAPER|GEOROC|CITATION_ID|566,8,1,OIB,GEOROC,1993
PAPER|GEOROC|CITATION_ID|567,20,1,OIB,GEOROC,1993
PAPER|GEOROC|CITATION_ID|57,19,1,OIB,GEOROC,1992
PAPER|GEOROC|CITATION_ID|574,1,1,OIB,GEOROC,1984
PAPER|GEOROC|CITATION_ID|5770,7,1,IAB,GEOROC,1993
PAPER|GEOROC|CITATION_ID|5775,16,1,IAB,GEOROC,2000
PAPER|GEOROC|CITATION_ID|578,1,1,OIB,GEOROC,1992
PAPER|GEOROC|CITATION_ID|5786,1,1,IAB,GEOROC,2000
PAPER|GEOROC|CITATION_ID|5803,2,1,IOAB,GEOROC,1999
PAPER|GEOROC|CITATION_ID|582,15,1,OIB,GEOROC,1962
PAPER|GEOROC|CITATION_ID|584,23,1,OIB,GEOROC,1992
PAPER|GEOROC|CITATION_ID|5858,7,1,OPB,GEOROC,1984
PAPER|GEOROC|CITATION_ID|5867,35,1,CFB,GEOROC,1999
PAPER|GEOROC|CITATION_ID|5873,8,1,OPB,GEOROC,1997
PAPER|GEOROC|CITATION_ID|591,9,1,OIB,GEOROC,1990
PAPER|GEOROC|CITATION_ID|5923,2,1,IAB,GEOROC,1978
PAPER|GEOROC|CITATION_ID|5941,34,1,CFB,GEOROC,2003
PAPER|GEOROC|CITATION_ID|5944,75,1,CFB,GEOROC,2003
PAPER|GEOROC|CITATION_ID|5946,108,1,BABB,GEOROC,2003
PAPER|GEOROC|CITATION_ID|5953,11,1,CFB,GEOROC,1991
PAPER|GEOROC|CITATION_ID|5954,1,1,IAB,GEOROC,1975
PAPER|GEOROC|CITATION_ID|596,11,1,OIB,GEOROC,1987
PAPER|GEOROC|CITATION_ID|5975,2,1,OPB,GEOROC,1985
PAPER|GEOROC|CITATION_ID|5976,1,1,IOAB,GEOROC,1920
PAPER|GEOROC|CITATION_ID|600,29,1,OIB,GEOROC,1995
PAPER|GEOROC|CITATION_ID|601,3,1,OIB,GEOROC,1986
PAPER|GEOROC|CITATION_ID|6012,4,1,CFB,GEOROC,1999
PAPER|GEOROC|CITATION_ID|6017,1,1,CFB,GEOROC,1955
PAPER|GEOROC|CITATION_ID|6025,6,1,OIB,GEOROC,1943
PAPER|GEOROC|CITATION_ID|6026,2,1,BABB,GEOROC,1974
PAPER|GEOROC|CITATION_ID|6028,52,1,CFB,GEOROC,1973
PAPER|GEOROC|CITATION_ID|605,8,1,OIB,GEOROC,1985
PAPER|GEOROC|CITATION_ID|606,26,1,OIB,GEOROC,1993
PAPER|GEOROC|CITATION_ID|6076,5,1,IAB,GEOROC,1959
PAPER|GEOROC|CITATION_ID|6077,2,1,IOAB,GEOROC,1940
PAPER|GEOROC|CITATION_ID|609,2,1,OIB,GEOROC,1985
PAPER|GEOROC|CITATION_ID|6092,27,1,CFB,GEOROC,1982
PAPER|GEOROC|CITATION_ID|612,2,1,OIB,GEOROC,1979
PAPER|GEOROC|CITATION_ID|6121,134,1,OIB,GEOROC,2003
PAPER|GEOROC|CITATION_ID|6125,3,1,CFB,GEOROC,2003
PAPER|GEOROC|CITATION_ID|6137,6,1,CFB,GEOROC,2003
PAPER|GEOROC|CITATION_ID|614,8,1,OIB,GEOROC,1989
PAPER|GEOROC|CITATION_ID|615,9,1,OIB,GEOROC,1980
PAPER|GEOROC|CITATION_ID|616,2,1,OIB,GEOROC,1974
PAPER|GEOROC|CITATION_ID|6167,6,1,CFB,GEOROC,1952
PAPER|GEOROC|CITATION_ID|6173,27,1,OIB,GEOROC,2003
PAPER|GEOROC|CITATION_ID|6174,15,1,OIB,GEOROC,2003
PAPER|GEOROC|CITATION_ID|6179,36,1,OIB,GEOROC,2003
PAPER|GEOROC|CITATION_ID|618,35,1,OIB,GEOROC,1969
PAPER|GEOROC|CITATION_ID|6181,6,1,MORB,GEOROC,2002
PAPER|GEOROC|CITATION_ID|6185,4,2,BABB|IOAB,GEOROC,2002
PAPER|GEOROC|CITATION_ID|6186,145,1,OIB,GEOROC,2002
PAPER|GEOROC|CITATION_ID|6188,3,1,OIB,GEOROC,2003
PAPER|GEOROC|CITATION_ID|6197,13,1,OIB,GEOROC,2003
PAPER|GEOROC|CITATION_ID|6199,70,1,OIB,GEOROC,2003
PAPER|GEOROC|CITATION_ID|620,3,1,OIB,GEOROC,1968
PAPER|GEOROC|CITATION_ID|6204,14,1,IAB,GEOROC,1992
PAPER|GEOROC|CITATION_ID|6205,22,1,IAB,GEOROC,1989
PAPER|GEOROC|CITATION_ID|6206,2,1,IAB,GEOROC,1984
PAPER|GEOROC|CITATION_ID|6218,1,1,CAB,GEOROC,1999
PAPER|GEOROC|CITATION_ID|6224,10,1,CAB,GEOROC,2001
PAPER|GEOROC|CITATION_ID|6235,57,1,OIB,GEOROC,2002
PAPER|GEOROC|CITATION_ID|625,5,1,OIB,GEOROC,1981
PAPER|GEOROC|CITATION_ID|626,4,1,OIB,GEOROC,1976
PAPER|GEOROC|CITATION_ID|6264,12,1,OPB,GEOROC,1975
PAPER|GEOROC|CITATION_ID|627,8,1,OIB,GEOROC,1995
PAPER|GEOROC|CITATION_ID|6276,30,1,OIB,GEOROC,2003
PAPER|GEOROC|CITATION_ID|6277,8,1,OPB,GEOROC,2003
PAPER|GEOROC|CITATION_ID|6289,522,1,OIB,GEOROC,2002
PAPER|GEOROC|CITATION_ID|6297,72,1,OIB,GEOROC,2001
PAPER|GEOROC|CITATION_ID|6313,4,1,OIB,GEOROC,1995
PAPER|GEOROC|CITATION_ID|6315,6,1,CFB,GEOROC,2002
PAPER|GEOROC|CITATION_ID|6317,56,1,IAB,GEOROC,2002
PAPER|GEOROC|CITATION_ID|6325,17,1,OIB,GEOROC,2001
PAPER|GEOROC|CITATION_ID|6326,23,1,CFB,GEOROC,2001
PAPER|GEOROC|CITATION_ID|633,10,1,OIB,GEOROC,1974
PAPER|GEOROC|CITATION_ID|6333,7,1,OIB,GEOROC,2001
PAPER|GEOROC|CITATION_ID|6338,26,1,BABB,GEOROC,1990
PAPER|GEOROC|CITATION_ID|635,10,1,OIB,GEOROC,1972
PAPER|GEOROC|CITATION_ID|6351,2,1,CFB,GEOROC,1997
PAPER|GEOROC|CITATION_ID|6353,79,1,CFB,GEOROC,1998
PAPER|GEOROC|CITATION_ID|6370,2,1,OIB,GEOROC,2000
PAPER|GEOROC|CITATION_ID|6402,27,1,CFB,GEOROC,2000
PAPER|GEOROC|CITATION_ID|6404,16,1,CFB,GEOROC,2000
PAPER|GEOROC|CITATION_ID|6407,76,1,BABB,GEOROC,1994
PAPER|GEOROC|CITATION_ID|6415,325,1,CFB,GEOROC,2002
PAPER|GEOROC|CITATION_ID|6422,65,1,OPB,GEOROC,1984
PAPER|GEOROC|CITATION_ID|643,1,1,OIB,GEOROC,1992
PAPER|GEOROC|CITATION_ID|6437,20,1,IOAB,GEOROC,2003
PAPER|GEOROC|CITATION_ID|6445,3,1,IAB,GEOROC,1994
PAPER|GEOROC|CITATION_ID|6446,19,1,IAB,GEOROC,1994
PAPER|GEOROC|CITATION_ID|6451,5,1,IAB,GEOROC,1997
PAPER|GEOROC|CITATION_ID|6452,8,1,IAB,GEOROC,1992
PAPER|GEOROC|CITATION_ID|6455,18,1,IAB,GEOROC,1991
PAPER|GEOROC|CITATION_ID|6460,6,1,IAB,GEOROC,1983
PAPER|GEOROC|CITATION_ID|6467,3,1,CFB,GEOROC,1997
PAPER|GEOROC|CITATION_ID|6483,10,1,CFB,GEOROC,2001
PAPER|GEOROC|CITATION_ID|6485,9,1,CFB,GEOROC,2001
PAPER|GEOROC|CITATION_ID|651,9,1,OIB,GEOROC,1989
PAPER|GEOROC|CITATION_ID|6518,6,1,IAB,GEOROC,1992
PAPER|GEOROC|CITATION_ID|652,7,1,OIB,GEOROC,1980
PAPER|GEOROC|CITATION_ID|6522,15,1,CFB,GEOROC,1994
PAPER|GEOROC|CITATION_ID|6523,14,1,CFB,GEOROC,1994
PAPER|GEOROC|CITATION_ID|6526,6,1,OPB,GEOROC,1973
PAPER|GEOROC|CITATION_ID|6531,54,1,CFB,GEOROC,2003
PAPER|GEOROC|CITATION_ID|6532,19,1,OPB,GEOROC,2000
PAPER|GEOROC|CITATION_ID|6533,5,1,OPB,GEOROC,2000
PAPER|GEOROC|CITATION_ID|6534,20,1,OPB,GEOROC,2000
PAPER|GEOROC|CITATION_ID|6536,11,1,OPB,GEOROC,2000
PAPER|GEOROC|CITATION_ID|6552,6,1,OIB,GEOROC,2003
PAPER|GEOROC|CITATION_ID|656,31,1,OIB,GEOROC,1979
PAPER|GEOROC|CITATION_ID|657,11,1,OIB,GEOROC,1979
PAPER|GEOROC|CITATION_ID|6579,30,1,OIB,GEOROC,2003
PAPER|GEOROC|CITATION_ID|66,4,1,OIB,GEOROC,1995
PAPER|GEOROC|CITATION_ID|661,25,1,OIB,GEOROC,1987
PAPER|GEOROC|CITATION_ID|6612,2,1,BABB,GEOROC,2001
PAPER|GEOROC|CITATION_ID|6615,19,1,IAB,GEOROC,1994
PAPER|GEOROC|CITATION_ID|6640,28,1,CFB,GEOROC,2001
PAPER|GEOROC|CITATION_ID|6643,6,1,CFB,GEOROC,1988
PAPER|GEOROC|CITATION_ID|666,3,1,OIB,GEOROC,1978
PAPER|GEOROC|CITATION_ID|6665,11,1,OIB,GEOROC,2003
PAPER|GEOROC|CITATION_ID|6671,96,1,CFB,GEOROC,2003
PAPER|GEOROC|CITATION_ID|6672,36,1,IOAB,GEOROC,2003
PAPER|GEOROC|CITATION_ID|6674,85,1,OIB,GEOROC,2003
PAPER|GEOROC|CITATION_ID|668,4,1,OIB,GEOROC,1982
PAPER|GEOROC|CITATION_ID|6705,1,1,OIB,GEOROC,1971
PAPER|GEOROC|CITATION_ID|6753,2,1,IAB,GEOROC,1982
PAPER|GEOROC|CITATION_ID|6758,4,1,IAB,GEOROC,1982
PAPER|GEOROC|CITATION_ID|6763,1,1,IAB,GEOROC,1987
PAPER|GEOROC|CITATION_ID|6765,3,1,OIB,GEOROC,1998
PAPER|GEOROC|CITATION_ID|6781,13,1,IAB,GEOROC,1988
PAPER|GEOROC|CITATION_ID|6782,2,1,IAB,GEOROC,1992
PAPER|GEOROC|CITATION_ID|6784,26,1,IAB,GEOROC,1992
PAPER|GEOROC|CITATION_ID|6823,7,1,IAB,GEOROC,1990
PAPER|GEOROC|CITATION_ID|6825,4,1,IAB,GEOROC,1992
PAPER|GEOROC|CITATION_ID|6830,7,1,IAB,GEOROC,1981
PAPER|GEOROC|CITATION_ID|6831,5,1,IAB,GEOROC,1987
PAPER|GEOROC|CITATION_ID|6852,3,1,IAB,GEOROC,1974
PAPER|GEOROC|CITATION_ID|6857,12,2,CFB|OIB,GEOROC,2004
PAPER|GEOROC|CITATION_ID|6896,37,1,OIB,GEOROC,2004
PAPER|GEOROC|CITATION_ID|6897,17,1,OIB,GEOROC,2004
PAPER|GEOROC|CITATION_ID|69,33,1,OIB,GEOROC,1991
PAPER|GEOROC|CITATION_ID|6901,25,1,OIB,GEOROC,2004
PAPER|GEOROC|CITATION_ID|6927,9,1,IAB,GEOROC,1994
PAPER|GEOROC|CITATION_ID|6929,2,1,IAB,GEOROC,1978
PAPER|GEOROC|CITATION_ID|696,23,1,OIB,GEOROC,1997
PAPER|GEOROC|CITATION_ID|6967,102,1,OIB,GEOROC,2004
PAPER|GEOROC|CITATION_ID|697,9,1,OIB,GEOROC,1997
PAPER|GEOROC|CITATION_ID|6990,118,1,OIB,GEOROC,2004
PAPER|GEOROC|CITATION_ID|6993,14,1,CFB,GEOROC,2004
PAPER|GEOROC|CITATION_ID|6997,28,1,OIB,GEOROC,2004
PAPER|GEOROC|CITATION_ID|7011,289,1,OIB,GEOROC,2004
PAPER|GEOROC|CITATION_ID|7016,139,1,CFB,GEOROC,2004
PAPER|GEOROC|CITATION_ID|7018,2,1,OIB,GEOROC,2004
PAPER|GEOROC|CITATION_ID|702,15,1,OIB,GEOROC,1972
PAPER|GEOROC|CITATION_ID|7024,7,1,IAB,GEOROC,2000
PAPER|GEOROC|CITATION_ID|7025,24,1,IAB,GEOROC,1997
PAPER|GEOROC|CITATION_ID|7039,497,1,OIB,GEOROC,2004
PAPER|GEOROC|CITATION_ID|7052,3,1,IOAB,GEOROC,1991
PAPER|GEOROC|CITATION_ID|7060,14,1,CFB,GEOROC,2004
PAPER|GEOROC|CITATION_ID|7066,18,1,OIB,GEOROC,2004
PAPER|GEOROC|CITATION_ID|7067,4,1,CAB,GEOROC,2004
PAPER|GEOROC|CITATION_ID|7069,4,1,CFB,GEOROC,2004
PAPER|GEOROC|CITATION_ID|707,20,1,OIB,GEOROC,1981
PAPER|GEOROC|CITATION_ID|7081,53,1,IAB,GEOROC,1995
PAPER|GEOROC|CITATION_ID|709,3,1,OIB,GEOROC,1995
PAPER|GEOROC|CITATION_ID|711,8,1,OIB,GEOROC,1977
PAPER|GEOROC|CITATION_ID|7111,99,1,CFB,GEOROC,2001
PAPER|GEOROC|CITATION_ID|7118,1,1,IAB,GEOROC,1961
PAPER|GEOROC|CITATION_ID|7119,2,1,IAB,GEOROC,1961
PAPER|GEOROC|CITATION_ID|712,9,1,OIB,GEOROC,1986
PAPER|GEOROC|CITATION_ID|7124,15,1,IAB,GEOROC,1961
PAPER|GEOROC|CITATION_ID|7128,1,1,IAB,GEOROC,1960
PAPER|GEOROC|CITATION_ID|715,51,1,OIB,GEOROC,1976
PAPER|GEOROC|CITATION_ID|7167,1,1,IAB,GEOROC,1979
PAPER|GEOROC|CITATION_ID|7179,166,1,OIB,GEOROC,2005
PAPER|GEOROC|CITATION_ID|718,9,1,OIB,GEOROC,1974
PAPER|GEOROC|CITATION_ID|7185,7,1,IAB,GEOROC,2004
PAPER|GEOROC|CITATION_ID|7188,4,1,OIB,GEOROC,2004
PAPER|GEOROC|CITATION_ID|7196,28,1,OIB,GEOROC,2004
PAPER|GEOROC|CITATION_ID|7200,76,1,OIB,GEOROC,2004
PAPER|GEOROC|CITATION_ID|7243,27,1,CFB,GEOROC,2005
PAPER|GEOROC|CITATION_ID|725,1,1,OIB,GEOROC,1989
PAPER|GEOROC|CITATION_ID|7253,3,1,CAB,GEOROC,2004
PAPER|GEOROC|CITATION_ID|7257,21,1,CFB,GEOROC,2003
PAPER|GEOROC|CITATION_ID|726,3,1,OIB,GEOROC,1988
PAPER|GEOROC|CITATION_ID|7264,25,1,CFB,GEOROC,2001
PAPER|GEOROC|CITATION_ID|7265,7,1,CAB,GEOROC,2001
PAPER|GEOROC|CITATION_ID|7268,67,1,CFB,GEOROC,2000
PAPER|GEOROC|CITATION_ID|7275,11,1,IAB,GEOROC,1962
PAPER|GEOROC|CITATION_ID|7294,10,1,IAB,GEOROC,1995
PAPER|GEOROC|CITATION_ID|73,15,1,OIB,GEOROC,1997
PAPER|GEOROC|CITATION_ID|7318,12,1,CAB,GEOROC,1995
PAPER|GEOROC|CITATION_ID|732,12,1,OIB,GEOROC,1980
PAPER|GEOROC|CITATION_ID|733,31,1,OIB,GEOROC,1978
PAPER|GEOROC|CITATION_ID|7334,2,1,CFB,GEOROC,1938
PAPER|GEOROC|CITATION_ID|7369,4,1,IAB,GEOROC,1999
PAPER|GEOROC|CITATION_ID|7370,9,1,IAB,GEOROC,1994
PAPER|GEOROC|CITATION_ID|7407,33,1,OIB,GEOROC,2005
PAPER|GEOROC|CITATION_ID|7412,33,1,OIB,GEOROC,2005
PAPER|GEOROC|CITATION_ID|7414,31,1,OIB,GEOROC,2005
PAPER|GEOROC|CITATION_ID|7427,2,1,CAB,GEOROC,1997
PAPER|GEOROC|CITATION_ID|7438,5,1,CAB,GEOROC,1989
PAPER|GEOROC|CITATION_ID|746,3,1,OPB,GEOROC,1977
PAPER|GEOROC|CITATION_ID|7476,1,1,IAB,GEOROC,1989
PAPER|GEOROC|CITATION_ID|7499,1,1,CAB,GEOROC,2005
PAPER|GEOROC|CITATION_ID|750,16,1,OIB,GEOROC,1977
PAPER|GEOROC|CITATION_ID|7504,1,1,CFB,GEOROC,2005
PAPER|GEOROC|CITATION_ID|751,2,1,OIB,GEOROC,1976
PAPER|GEOROC|CITATION_ID|7510,5,1,OIB,GEOROC,2005
PAPER|GEOROC|CITATION_ID|7511,10,1,OIB,GEOROC,2005
PAPER|GEOROC|CITATION_ID|7516,11,1,OIB,GEOROC,2005
PAPER|GEOROC|CITATION_ID|7517,76,1,OIB,GEOROC,2005
PAPER|GEOROC|CITATION_ID|7521,2,1,IAB,GEOROC,2005
PAPER|GEOROC|CITATION_ID|7522,19,1,CFB,GEOROC,2005
PAPER|GEOROC|CITATION_ID|7525,13,1,OIB,GEOROC,2005
PAPER|GEOROC|CITATION_ID|7555,15,1,OIB,GEOROC,2002
PAPER|GEOROC|CITATION_ID|756,18,1,OIB,GEOROC,1989
PAPER|GEOROC|CITATION_ID|7565,3,1,IOAB,GEOROC,1977
PAPER|GEOROC|CITATION_ID|757,9,1,OIB,GEOROC,1995
PAPER|GEOROC|CITATION_ID|758,32,1,OIB,GEOROC,1993
PAPER|GEOROC|CITATION_ID|760,2,1,OIB,GEOROC,1986
PAPER|GEOROC|CITATION_ID|762,12,1,OIB,GEOROC,1987
PAPER|GEOROC|CITATION_ID|764,17,1,OIB,GEOROC,1993
PAPER|GEOROC|CITATION_ID|766,4,1,OIB,GEOROC,1984
PAPER|GEOROC|CITATION_ID|767,9,1,OIB,GEOROC,1982
PAPER|GEOROC|CITATION_ID|7683,21,1,OPB,GEOROC,2003
PAPER|GEOROC|CITATION_ID|771,11,1,OIB,GEOROC,1984
PAPER|GEOROC|CITATION_ID|773,13,1,OIB,GEOROC,1983
PAPER|GEOROC|CITATION_ID|7735,117,1,CFB,GEOROC,2004
PAPER|GEOROC|CITATION_ID|774,10,1,OIB,GEOROC,1983
PAPER|GEOROC|CITATION_ID|7742,47,1,CFB,GEOROC,2005
PAPER|GEOROC|CITATION_ID|7772,2,1,CFB,GEOROC,2004
PAPER|GEOROC|CITATION_ID|7776,6,1,OIB,GEOROC,2005
PAPER|GEOROC|CITATION_ID|7779,28,1,CFB,GEOROC,2002
PAPER|GEOROC|CITATION_ID|778,12,1,OIB,GEOROC,1995
PAPER|GEOROC|CITATION_ID|780,25,1,OIB,GEOROC,1986
PAPER|GEOROC|CITATION_ID|781,4,1,OIB,GEOROC,1998
PAPER|GEOROC|CITATION_ID|7825,16,1,CFB,GEOROC,1999
PAPER|GEOROC|CITATION_ID|7833,8,1,CFB,GEOROC,1999
PAPER|GEOROC|CITATION_ID|7845,9,1,CFB,GEOROC,2002
PAPER|GEOROC|CITATION_ID|785,5,1,OIB,GEOROC,1973
PAPER|GEOROC|CITATION_ID|7857,43,1,CFB,GEOROC,2004
PAPER|GEOROC|CITATION_ID|786,10,1,OIB,GEOROC,1978
PAPER|GEOROC|CITATION_ID|7863,1,1,OIB,GEOROC,2005
PAPER|GEOROC|CITATION_ID|7868,2,1,OIB,GEOROC,2005
PAPER|GEOROC|CITATION_ID|787,22,1,OIB,GEOROC,1978
PAPER|GEOROC|CITATION_ID|7878,26,1,OIB,GEOROC,2005
PAPER|GEOROC|CITATION_ID|788,29,1,OIB,GEOROC,1978
PAPER|GEOROC|CITATION_ID|7883,16,2,IAB|OPB,GEOROC,1993
PAPER|GEOROC|CITATION_ID|789,20,1,OIB,GEOROC,1995
PAPER|GEOROC|CITATION_ID|7890,2,1,CAB,GEOROC,2003
PAPER|GEOROC|CITATION_ID|7891,14,1,CFB,GEOROC,2004
PAPER|GEOROC|CITATION_ID|7897,12,1,CFB,GEOROC,2003
PAPER|GEOROC|CITATION_ID|7902,3,1,CFB,GEOROC,2003
PAPER|GEOROC|CITATION_ID|7933,4,1,OIB,GEOROC,2002
PAPER|GEOROC|CITATION_ID|7941,4,1,OIB,GEOROC,2003
PAPER|GEOROC|CITATION_ID|7952,3,1,OIB,GEOROC,2003
PAPER|GEOROC|CITATION_ID|7955,130,1,CFB,GEOROC,2003
PAPER|GEOROC|CITATION_ID|7966,17,1,OIB,GEOROC,2005
PAPER|GEOROC|CITATION_ID|798,2,1,OIB,GEOROC,1974
PAPER|GEOROC|CITATION_ID|7981,1,1,CFB,GEOROC,2001
PAPER|GEOROC|CITATION_ID|7985,11,1,OPB,GEOROC,2002
PAPER|GEOROC|CITATION_ID|7990,7,1,OPB,GEOROC,1999
PAPER|GEOROC|CITATION_ID|7997,2,1,OIB,GEOROC,1998
PAPER|GEOROC|CITATION_ID|7999,11,1,CFB,GEOROC,2004
PAPER|GEOROC|CITATION_ID|801,22,1,OIB,GEOROC,1996
PAPER|GEOROC|CITATION_ID|802,25,1,OIB,GEOROC,1977
PAPER|GEOROC|CITATION_ID|8022,19,1,CFB,GEOROC,2002
PAPER|GEOROC|CITATION_ID|8025,16,1,CFB,GEOROC,1991
PAPER|GEOROC|CITATION_ID|8026,4,1,CFB,GEOROC,1987
PAPER|GEOROC|CITATION_ID|8033,4,1,IOAB,GEOROC,2005
PAPER|GEOROC|CITATION_ID|806,17,1,OIB,GEOROC,1997
PAPER|GEOROC|CITATION_ID|811,6,1,OIB,GEOROC,1997
PAPER|GEOROC|CITATION_ID|8118,199,1,CFB,GEOROC,1969
PAPER|GEOROC|CITATION_ID|8119,2,1,IAB,GEOROC,1993
PAPER|GEOROC|CITATION_ID|815,12,1,OIB,GEOROC,1988
PAPER|GEOROC|CITATION_ID|8153,1,1,CFB,GEOROC,2000
PAPER|GEOROC|CITATION_ID|816,8,1,OIB,GEOROC,1985
PAPER|GEOROC|CITATION_ID|818,2,1,OIB,GEOROC,1994
PAPER|GEOROC|CITATION_ID|8185,14,1,OIB,GEOROC,2005
PAPER|GEOROC|CITATION_ID|8203,2,1,OPB,GEOROC,1996
PAPER|GEOROC|CITATION_ID|823,1,1,OIB,GEOROC,1982
PAPER|GEOROC|CITATION_ID|8239,9,1,IAB,GEOROC,1970
PAPER|GEOROC|CITATION_ID|8242,9,1,IAB,GEOROC,1971
PAPER|GEOROC|CITATION_ID|8243,5,1,IAB,GEOROC,1972
PAPER|GEOROC|CITATION_ID|829,3,1,OIB,GEOROC,1996
PAPER|GEOROC|CITATION_ID|8290,25,1,CFB,GEOROC,1976
PAPER|GEOROC|CITATION_ID|8311,10,1,OIB,GEOROC,2005
PAPER|GEOROC|CITATION_ID|8324,2,1,OIB,GEOROC,1984
PAPER|GEOROC|CITATION_ID|833,1,1,OIB,GEOROC,1985
PAPER|GEOROC|CITATION_ID|834,1,1,OIB,GEOROC,1983
PAPER|GEOROC|CITATION_ID|8380,3,1,CFB,GEOROC,1994
PAPER|GEOROC|CITATION_ID|8382,11,1,OIB,GEOROC,2003
PAPER|GEOROC|CITATION_ID|8384,1,1,CFB,GEOROC,1993
PAPER|GEOROC|CITATION_ID|839,25,1,OIB,GEOROC,1968
PAPER|GEOROC|CITATION_ID|840,10,1,OIB,GEOROC,1961
PAPER|GEOROC|CITATION_ID|8432,39,1,IAB,GEOROC,2004
PAPER|GEOROC|CITATION_ID|8441,5,1,CFB,GEOROC,1989
PAPER|GEOROC|CITATION_ID|8447,42,1,IAB,GEOROC,1979
PAPER|GEOROC|CITATION_ID|847,8,1,OIB,GEOROC,1998
PAPER|GEOROC|CITATION_ID|8489,2,1,OIB,GEOROC,2005
PAPER|GEOROC|CITATION_ID|849,1,1,OIB,GEOROC,1998
PAPER|GEOROC|CITATION_ID|8490,10,1,CFB,GEOROC,2005
PAPER|GEOROC|CITATION_ID|8493,92,1,OIB,GEOROC,2005
PAPER|GEOROC|CITATION_ID|850,41,1,OIB,GEOROC,1998
PAPER|GEOROC|CITATION_ID|8506,5,1,CFB,GEOROC,2006
PAPER|GEOROC|CITATION_ID|8516,13,1,OIB,GEOROC,2005
PAPER|GEOROC|CITATION_ID|8517,19,1,OIB,GEOROC,2005
PAPER|GEOROC|CITATION_ID|8528,15,1,OIB,GEOROC,2005
PAPER|GEOROC|CITATION_ID|853,15,1,OIB,GEOROC,1998
PAPER|GEOROC|CITATION_ID|854,1,1,OIB,GEOROC,1998
PAPER|GEOROC|CITATION_ID|856,70,1,OIB,GEOROC,1997
PAPER|GEOROC|CITATION_ID|8571,2,1,IAB,GEOROC,2000
PAPER|GEOROC|CITATION_ID|8579,25,1,CFB,GEOROC,2001
PAPER|GEOROC|CITATION_ID|858,11,1,OIB,GEOROC,1973
PAPER|GEOROC|CITATION_ID|8582,5,1,CFB,GEOROC,1999
PAPER|GEOROC|CITATION_ID|864,2,1,OIB,GEOROC,1970
PAPER|GEOROC|CITATION_ID|865,16,1,OIB,GEOROC,1970
PAPER|GEOROC|CITATION_ID|866,156,1,OIB,GEOROC,1970
PAPER|GEOROC|CITATION_ID|8674,19,1,CFB,GEOROC,2004
PAPER|GEOROC|CITATION_ID|868,16,1,OIB,GEOROC,1968
PAPER|GEOROC|CITATION_ID|869,6,1,OIB,GEOROC,1984
PAPER|GEOROC|CITATION_ID|8706,23,1,IAB,GEOROC,2006
PAPER|GEOROC|CITATION_ID|8717,22,1,OIB,GEOROC,2000
PAPER|GEOROC|CITATION_ID|8722,8,1,CFB,GEOROC,2001
PAPER|GEOROC|CITATION_ID|8732,14,1,CFB,GEOROC,2004
PAPER|GEOROC|CITATION_ID|874,11,1,OIB,GEOROC,1982
PAPER|GEOROC|CITATION_ID|8773,7,1,CAB,GEOROC,2003
PAPER|GEOROC|CITATION_ID|8775,17,1,CFB,GEOROC,2003
PAPER|GEOROC|CITATION_ID|8804,20,1,CFB,GEOROC,1996
PAPER|GEOROC|CITATION_ID|8805,16,1,CFB,GEOROC,1996
PAPER|GEOROC|CITATION_ID|8824,29,1,CFB,GEOROC,2003
PAPER|GEOROC|CITATION_ID|8844,10,1,CFB,GEOROC,2001
PAPER|GEOROC|CITATION_ID|8889,7,1,CAB,GEOROC,2002
PAPER|GEOROC|CITATION_ID|8926,12,1,CFB,GEOROC,2002
PAPER|GEOROC|CITATION_ID|893,75,1,OIB,GEOROC,1979
PAPER|GEOROC|CITATION_ID|8935,3,1,CFB,GEOROC,2001
PAPER|GEOROC|CITATION_ID|894,22,1,OIB,GEOROC,1978
PAPER|GEOROC|CITATION_ID|8948,4,1,CFB,GEOROC,1999
PAPER|GEOROC|CITATION_ID|896,6,1,OIB,GEOROC,1976
PAPER|GEOROC|CITATION_ID|8969,3,1,CAB,GEOROC,2000
PAPER|GEOROC|CITATION_ID|8973,2,1,IAB,GEOROC,1995
PAPER|GEOROC|CITATION_ID|899,3,1,OIB,GEOROC,1992
PAPER|GEOROC|CITATION_ID|8996,14,1,CFB,GEOROC,1996
PAPER|GEOROC|CITATION_ID|8997,22,1,CFB,GEOROC,1983
PAPER|GEOROC|CITATION_ID|901,4,1,OIB,GEOROC,1990
PAPER|GEOROC|CITATION_ID|9012,117,1,OIB,GEOROC,2006
PAPER|GEOROC|CITATION_ID|9013,34,1,OIB,GEOROC,2006
PAPER|GEOROC|CITATION_ID|9014,61,1,OIB,GEOROC,2006
PAPER|GEOROC|CITATION_ID|9015,8,1,OIB,GEOROC,2006
PAPER|GEOROC|CITATION_ID|9016,21,1,OIB,GEOROC,2006
PAPER|GEOROC|CITATION_ID|9018,10,1,OIB,GEOROC,2006
PAPER|GEOROC|CITATION_ID|9021,4,1,OIB,GEOROC,2005
PAPER|GEOROC|CITATION_ID|9036,18,1,IOAB,GEOROC,2006
PAPER|GEOROC|CITATION_ID|9044,53,1,CFB,GEOROC,2005
PAPER|GEOROC|CITATION_ID|9051,4,1,IOAB,GEOROC,1978
PAPER|GEOROC|CITATION_ID|9080,19,1,CFB,GEOROC,1992
PAPER|GEOROC|CITATION_ID|912,27,1,OIB,GEOROC,1987
PAPER|GEOROC|CITATION_ID|9129,1,1,IAB,GEOROC,1964
PAPER|GEOROC|CITATION_ID|9139,6,1,CFB,GEOROC,1986
PAPER|GEOROC|CITATION_ID|9149,3,1,OIB,GEOROC,2006
PAPER|GEOROC|CITATION_ID|915,1,1,OIB,GEOROC,1996
PAPER|GEOROC|CITATION_ID|916,4,1,OIB,GEOROC,1995
PAPER|GEOROC|CITATION_ID|9162,48,1,IAB,GEOROC,2006
PAPER|GEOROC|CITATION_ID|9176,1,1,IAB,GEOROC,1999
PAPER|GEOROC|CITATION_ID|9190,198,1,OIB,GEOROC,2002
PAPER|GEOROC|CITATION_ID|9195,1,1,CAB,GEOROC,2006
PAPER|GEOROC|CITATION_ID|920,9,1,OIB,GEOROC,1995
PAPER|GEOROC|CITATION_ID|9226,60,1,OIB,GEOROC,2002
PAPER|GEOROC|CITATION_ID|9244,20,1,CFB,GEOROC,1987
PAPER|GEOROC|CITATION_ID|9281,9,1,CFB,GEOROC,
PAPER|GEOROC|CITATION_ID|9300,14,1,IAB,GEOROC,2001
PAPER|GEOROC|CITATION_ID|9304,17,1,CFB,GEOROC,1988
PAPER|GEOROC|CITATION_ID|9305,20,1,CFB,GEOROC,1987
PAPER|GEOROC|CITATION_ID|9315,33,1,CFB,GEOROC,1983
PAPER|GEOROC|CITATION_ID|9336,3,1,OPB,GEOROC,1987
PAPER|GEOROC|CITATION_ID|936,5,1,OIB,GEOROC,1993
PAPER|GEOROC|CITATION_ID|9361,2,1,IAB,GEOROC,1993
PAPER|GEOROC|CITATION_ID|9363,13,1,IAB,GEOROC,1971
PAPER|GEOROC|CITATION_ID|9365,4,1,IAB,GEOROC,2004
PAPER|GEOROC|CITATION_ID|9366,22,1,IAB,GEOROC,1997
PAPER|GEOROC|CITATION_ID|9367,10,1,CFB,GEOROC,2006
PAPER|GEOROC|CITATION_ID|9380,6,1,OIB,GEOROC,2006
PAPER|GEOROC|CITATION_ID|9382,3,1,IAB,GEOROC,1997
PAPER|GEOROC|CITATION_ID|9385,66,1,OIB,GEOROC,2006
PAPER|GEOROC|CITATION_ID|939,1,1,OIB,GEOROC,1991
PAPER|GEOROC|CITATION_ID|9391,30,1,OIB,GEOROC,2006
PAPER|GEOROC|CITATION_ID|9393,53,1,OIB,GEOROC,2006
PAPER|GEOROC|CITATION_ID|9396,39,1,CFB,GEOROC,2006
PAPER|GEOROC|CITATION_ID|941,2,1,OIB,GEOROC,1997
PAPER|GEOROC|CITATION_ID|9445,2,1,CFB,GEOROC,2006
PAPER|GEOROC|CITATION_ID|947,23,1,OIB,GEOROC,1993
PAPER|GEOROC|CITATION_ID|9496,1,1,OIB,GEOROC,2006
PAPER|GEOROC|CITATION_ID|9503,2,1,OIB,GEOROC,2006
PAPER|GEOROC|CITATION_ID|9510,23,1,IAB,GEOROC,1977
PAPER|GEOROC|CITATION_ID|9512,3,1,IAB,GEOROC,1982
PAPER|GEOROC|CITATION_ID|9513,7,1,IAB,GEOROC,1973
PAPER|GEOROC|CITATION_ID|9516,1,1,IAB,GEOROC,1984
PAPER|GEOROC|CITATION_ID|9528,49,1,CFB,GEOROC,1994
PAPER|GEOROC|CITATION_ID|9551,6,1,OIB,GEOROC,1994
PAPER|GEOROC|CITATION_ID|9565,77,1,OIB,GEOROC,2006
PAPER|GEOROC|CITATION_ID|9586,31,1,OIB,GEOROC,2006
PAPER|GEOROC|CITATION_ID|9602,4,1,CFB,GEOROC,2006
PAPER|GEOROC|CITATION_ID|9630,15,1,CFB,GEOROC,2006
PAPER|GEOROC|CITATION_ID|9635,4,2,CFB|OIB,GEOROC,1991
PAPER|GEOROC|CITATION_ID|9645,3,1,IAB,GEOROC,1973
PAPER|GEOROC|CITATION_ID|9651,12,1,OIB,GEOROC,2006
PAPER|GEOROC|CITATION_ID|9655,6,1,OIB,GEOROC,2006
PAPER|GEOROC|CITATION_ID|9688,41,1,IAB,GEOROC,1998
PAPER|GEOROC|CITATION_ID|969,2,1,OIB,GEOROC,1972
PAPER|GEOROC|CITATION_ID|9698,13,1,IAB,GEOROC,2006
PAPER|GEOROC|CITATION_ID|970,13,1,OIB,GEOROC,1970
PAPER|GEOROC|CITATION_ID|9701,7,1,CFB,GEOROC,1984
PAPER|GEOROC|CITATION_ID|9703,1,1,IAB,GEOROC,2004
PAPER|GEOROC|CITATION_ID|9710,11,1,IAB,GEOROC,2002
PAPER|GEOROC|CITATION_ID|9716,5,1,OPB,GEOROC,1999
PAPER|GEOROC|CITATION_ID|9717,1,1,CAB,GEOROC,2006
PAPER|GEOROC|CITATION_ID|973,55,1,OIB,GEOROC,1998
PAPER|GEOROC|CITATION_ID|9734,1,1,CFB,GEOROC,2006
PAPER|GEOROC|CITATION_ID|9739,9,1,CFB,GEOROC,1987
PAPER|GEOROC|CITATION_ID|9778,20,1,OPB,GEOROC,1991
PAPER|GEOROC|CITATION_ID|9788,7,1,IAB,GEOROC,1995
PAPER|GEOROC|CITATION_ID|9789,27,1,IAB,GEOROC,2004
PAPER|GEOROC|CITATION_ID|9796,16,1,IAB,GEOROC,2006
PAPER|GEOROC|CITATION_ID|9808,5,1,OIB,GEOROC,1999
PAPER|GEOROC|CITATION_ID|9809,1,1,OIB,GEOROC,2007
PAPER|GEOROC|CITATION_ID|982,4,1,OIB,GEOROC,1999
PAPER|GEOROC|CITATION_ID|9867,4,1,CFB,GEOROC,2007
PAPER|GEOROC|CITATION_ID|988,1,1,OIB,GEOROC,1983
PAPER|GEOROC|CITATION_ID|9895,10,1,IAB,GEOROC,2002
PAPER|GEOROC|CITATION_ID|9902,5,1,OIB,GEOROC,2000
PAPER|GEOROC|CITATION_ID|9912,3,1,CFB,GEOROC,1992
PAPER|GEOROC|CITATION_ID|9935,5,1,OIB,GEOROC,2007
PAPER|GEOROC|CITATION_ID|995,34,1,OPB,GEOROC,1991
PAPER|GEOROC|CITATION_ID|996,1,1,OPB,GEOROC,1991
PAPER|GEOROC|CITATION_ID|998,72,1,MORB,GEOROC,1991
PAPER|GEOROC|CITATION_ID|999,25,1,OIB,GEOROC,1990
PAPER|GEOROC|CITATION_ID|9999,1,1,IAB,GEOROC,2007
PAPER|MERGED|011706402e882422,4,2,MORB|OIB,GEOROC|PetDB,1991
PAPER|MERGED|1199d05be01346da,77,2,MORB|OIB,GEOROC|PetDB,2020
PAPER|MERGED|18362b995fd99ed2,41,2,MORB|OIB,GEOROC|PetDB,2014
PAPER|MERGED|23e4ac0fd6053d4b,7,2,MORB|OIB,GEOROC|PetDB,2008
PAPER|MERGED|4b4e2a22dbd8e4c9,17,2,MORB|OIB,GEOROC|PetDB,2003
PAPER|MERGED|52539fe6d40c101c,30,1,MORB,GEOROC|PetDB,1982
PAPER|MERGED|58a8c3e9e3a9f318,17,2,MORB|OIB,GEOROC|PetDB,2000
PAPER|MERGED|9b05c0a82db6838b,24,1,MORB,GEOROC|PetDB,1976
PAPER|MERGED|bf07c89eb0b7310f,139,2,MORB|OIB,GEOROC|PetDB,2006
PAPER|MERGED|d58c00c0830a8e70,37,2,MORB|OIB,GEOROC|PetDB,2008
PAPER|MERGED|e8badf4b1294e6aa,69,2,MORB|OIB,GEOROC|PetDB,2008
PAPER|PETDB|CITATION_SHA1|01370cc42edd6c6e,1,1,MORB,PetDB,1979
PAPER|PETDB|CITATION_SHA1|01cc315cac07f6c1,1,1,MORB,PetDB,2017
PAPER|PETDB|CITATION_SHA1|01d9414702f0001e,67,1,MORB,PetDB,1985
PAPER|PETDB|CITATION_SHA1|024a5a427a4331c9,25,1,MORB,PetDB,1980
PAPER|PETDB|CITATION_SHA1|0299d98128ed1b53,12,1,MORB,PetDB,1985
PAPER|PETDB|CITATION_SHA1|02b0d3340b435517,13,1,MORB,PetDB,2011
PAPER|PETDB|CITATION_SHA1|035cec3dcc5406d1,57,1,MORB,PetDB,2002
PAPER|PETDB|CITATION_SHA1|040abb5f77d9487c,15,1,MORB,PetDB,1991
PAPER|PETDB|CITATION_SHA1|0412cfd65598ee63,12,1,MORB,PetDB,1988
PAPER|PETDB|CITATION_SHA1|042dfdae340604a0,1,1,MORB,PetDB,1965
PAPER|PETDB|CITATION_SHA1|0476dd4533686e96,6,1,MORB,PetDB,2005
PAPER|PETDB|CITATION_SHA1|054668b9973ca3b1,4,1,MORB,PetDB,2001
PAPER|PETDB|CITATION_SHA1|0576da7b9e9c5710,2,1,MORB,PetDB,2016
PAPER|PETDB|CITATION_SHA1|05da41402cec44f9,8,1,MORB,PetDB,2008
PAPER|PETDB|CITATION_SHA1|0654fe3427c2aacf,3,1,MORB,PetDB,1974
PAPER|PETDB|CITATION_SHA1|0734b0c61ced5f9f,1,1,MORB,PetDB,2013
PAPER|PETDB|CITATION_SHA1|085b1eaf5e80667e,16,1,MORB,PetDB,2024
PAPER|PETDB|CITATION_SHA1|0868b733e6d34e17,13,1,MORB,PetDB,2014
PAPER|PETDB|CITATION_SHA1|0b059dbd4f0f8dc9,1,1,MORB,PetDB,1968
PAPER|PETDB|CITATION_SHA1|0b174ce73243bd98,6,1,MORB,PetDB,1966
PAPER|PETDB|CITATION_SHA1|0b4624ec756e88af,3,1,MORB,PetDB,1982
PAPER|PETDB|CITATION_SHA1|0b8d1ae71264de0f,29,1,MORB,PetDB,1980
PAPER|PETDB|CITATION_SHA1|0c65942d1900bc84,2,1,MORB,PetDB,1971
PAPER|PETDB|CITATION_SHA1|0cc3823141522d67,73,1,MORB,PetDB,1998
PAPER|PETDB|CITATION_SHA1|0cef6bab12e930aa,8,1,MORB,PetDB,2014
PAPER|PETDB|CITATION_SHA1|0cfb406091de13dd,2,1,MORB,PetDB,1964
PAPER|PETDB|CITATION_SHA1|0d4ac449f0c7c1ee,7,1,MORB,PetDB,1974
PAPER|PETDB|CITATION_SHA1|0d6a4b39bd58c6f8,1,1,MORB,PetDB,1995
PAPER|PETDB|CITATION_SHA1|0e2d912f01f4a2a1,48,1,MORB,PetDB,1983
PAPER|PETDB|CITATION_SHA1|0f0547ec4e7e6dd9,35,1,MORB,PetDB,2025
PAPER|PETDB|CITATION_SHA1|0f5bb956c4799c8a,10,1,MORB,PetDB,1988
PAPER|PETDB|CITATION_SHA1|10b7e4aa36933242,1,1,MORB,PetDB,1995
PAPER|PETDB|CITATION_SHA1|10cdd61e3ea84454,8,1,MORB,PetDB,2025
PAPER|PETDB|CITATION_SHA1|1139bd1186146d88,136,1,MORB,PetDB,2002
PAPER|PETDB|CITATION_SHA1|11608b37b6683f8e,29,1,MORB,PetDB,2023
PAPER|PETDB|CITATION_SHA1|127ac4cd03cd65bd,1,1,MORB,PetDB,2019
PAPER|PETDB|CITATION_SHA1|12e812e901ac6468,174,1,MORB,PetDB,2009
PAPER|PETDB|CITATION_SHA1|14c77ecbb043356f,2,1,MORB,PetDB,1992
PAPER|PETDB|CITATION_SHA1|1746f250834579fc,5,1,MORB,PetDB,2002
PAPER|PETDB|CITATION_SHA1|190d6d0e06c32e2c,3,1,MORB,PetDB,1975
PAPER|PETDB|CITATION_SHA1|190fdef2a8b5c255,51,1,MORB,PetDB,1988
PAPER|PETDB|CITATION_SHA1|19ac94f3905490af,2,1,MORB,PetDB,1995
PAPER|PETDB|CITATION_SHA1|19bff0a095303f6d,6,1,MORB,PetDB,2005
PAPER|PETDB|CITATION_SHA1|1a72f7cf9745ab80,1,1,MORB,PetDB,1937
PAPER|PETDB|CITATION_SHA1|1b02433423c35bd7,28,1,MORB,PetDB,1989
PAPER|PETDB|CITATION_SHA1|1bd3f2f0c22e170e,19,1,MORB,PetDB,1996
PAPER|PETDB|CITATION_SHA1|1be86d9234418459,33,1,MORB,PetDB,1983
PAPER|PETDB|CITATION_SHA1|1d0a94ab81d72e68,3,1,MORB,PetDB,1996
PAPER|PETDB|CITATION_SHA1|1e95d742d3e841db,10,1,MORB,PetDB,1968
PAPER|PETDB|CITATION_SHA1|1ef5b64d0f00e613,19,1,MORB,PetDB,1991
PAPER|PETDB|CITATION_SHA1|1f4e842af851e12e,9,1,MORB,PetDB,2010
PAPER|PETDB|CITATION_SHA1|2037ea955295f788,2,1,MORB,PetDB,1975
PAPER|PETDB|CITATION_SHA1|22196c3eca5b0a17,1,1,MORB,PetDB,1999
PAPER|PETDB|CITATION_SHA1|22c58ef6969819ad,9,1,MORB,PetDB,1983
PAPER|PETDB|CITATION_SHA1|22cc58ddc0a55e6b,9,1,MORB,PetDB,2019
PAPER|PETDB|CITATION_SHA1|2352e3d46cd63189,1,1,MORB,PetDB,1983
PAPER|PETDB|CITATION_SHA1|23b6f7f25fed486f,13,1,MORB,PetDB,2013
PAPER|PETDB|CITATION_SHA1|2783c33000022ff4,30,1,MORB,PetDB,2002
PAPER|PETDB|CITATION_SHA1|287073cfd64722cf,4,1,MORB,PetDB,2025
PAPER|PETDB|CITATION_SHA1|298f7c2c8f6b2c01,19,1,MORB,PetDB,2020
PAPER|PETDB|CITATION_SHA1|2ab1ccc66f903f63,46,1,MORB,PetDB,2014
PAPER|PETDB|CITATION_SHA1|2d3965d88734f893,1,1,MORB,PetDB,1993
PAPER|PETDB|CITATION_SHA1|2dfa489fd8019b04,3,1,MORB,PetDB,1971
PAPER|PETDB|CITATION_SHA1|2e179d200b17b3fa,18,1,MORB,PetDB,1969
PAPER|PETDB|CITATION_SHA1|2e2b5f66cfa44f7e,25,1,MORB,PetDB,2025
PAPER|PETDB|CITATION_SHA1|2e2bad4d109d1326,4,1,MORB,PetDB,1981
PAPER|PETDB|CITATION_SHA1|2e6330d4a3240f6e,8,1,MORB,PetDB,1982
PAPER|PETDB|CITATION_SHA1|2e6b492596f99bb1,1,1,MORB,PetDB,1990
PAPER|PETDB|CITATION_SHA1|2fac4cd36e77269e,9,1,MORB,PetDB,2005
PAPER|PETDB|CITATION_SHA1|31e3a3c8d522e8de,1,1,MORB,PetDB,2011
PAPER|PETDB|CITATION_SHA1|329279883c5fe7a6,1,1,MORB,PetDB,1986
PAPER|PETDB|CITATION_SHA1|3363180fdbd5f2eb,8,1,MORB,PetDB,2016
PAPER|PETDB|CITATION_SHA1|3391e74f22e3463c,60,1,MORB,PetDB,2024
PAPER|PETDB|CITATION_SHA1|3429270165848020,2,1,MORB,PetDB,1979
PAPER|PETDB|CITATION_SHA1|34437ab522901f3d,2,1,MORB,PetDB,1970
PAPER|PETDB|CITATION_SHA1|3476e560b378121f,10,1,MORB,PetDB,1979
PAPER|PETDB|CITATION_SHA1|34bbb3b6f8a8e2e1,32,1,MORB,PetDB,1989
PAPER|PETDB|CITATION_SHA1|377e9627c06cbc5a,25,1,MORB,PetDB,2001
PAPER|PETDB|CITATION_SHA1|3886c2a6eb6ed3fe,4,1,MORB,PetDB,2007
PAPER|PETDB|CITATION_SHA1|3906913210f606fd,8,1,MORB,PetDB,1994
PAPER|PETDB|CITATION_SHA1|3b4d83fa2bea8331,7,1,MORB,PetDB,2013
PAPER|PETDB|CITATION_SHA1|40a7f8d4b29ae4c9,7,1,MORB,PetDB,1993
PAPER|PETDB|CITATION_SHA1|4137ab9bdfe80d30,5,1,MORB,PetDB,1989
PAPER|PETDB|CITATION_SHA1|414d7a1f7d672d4d,27,1,MORB,PetDB,1998
PAPER|PETDB|CITATION_SHA1|414e034c448c57c4,19,1,MORB,PetDB,2009
PAPER|PETDB|CITATION_SHA1|41eb0e8d2e90a994,52,1,MORB,PetDB,1990
PAPER|PETDB|CITATION_SHA1|41f0a94eccae9af3,10,1,MORB,PetDB,1979
PAPER|PETDB|CITATION_SHA1|4268864b275f73e8,52,1,MORB,PetDB,1993
PAPER|PETDB|CITATION_SHA1|434f93331eda8d68,19,1,MORB,PetDB,2013
PAPER|PETDB|CITATION_SHA1|45ad50bb48197cf3,2,1,MORB,PetDB,1984
PAPER|PETDB|CITATION_SHA1|45e7c08b7911d411,1,1,MORB,PetDB,2013
PAPER|PETDB|CITATION_SHA1|46132b2a490e09be,9,1,MORB,PetDB,1979
PAPER|PETDB|CITATION_SHA1|4635a8dff0fdbdfb,20,1,MORB,PetDB,2014
PAPER|PETDB|CITATION_SHA1|470547a8f93c8c16,18,1,MORB,PetDB,1985
PAPER|PETDB|CITATION_SHA1|47e26e1d10ded04e,9,1,MORB,PetDB,2018
PAPER|PETDB|CITATION_SHA1|49b66da5c6dd4942,13,1,MORB,PetDB,1981
PAPER|PETDB|CITATION_SHA1|4ad94766889bf84e,4,1,MORB,PetDB,1968
PAPER|PETDB|CITATION_SHA1|4c07720a89af3f81,6,1,MORB,PetDB,1990
PAPER|PETDB|CITATION_SHA1|4c3ad30f49dd244d,6,1,MORB,PetDB,2021
PAPER|PETDB|CITATION_SHA1|4d21f41e7a6872f9,2,1,MORB,PetDB,2007
PAPER|PETDB|CITATION_SHA1|4dc15beae2c5e4f9,12,1,MORB,PetDB,2012
PAPER|PETDB|CITATION_SHA1|4e7c7e0f5ff5b05f,1,1,MORB,PetDB,1971
PAPER|PETDB|CITATION_SHA1|4eec9536d51f9b1e,22,1,MORB,PetDB,2010
PAPER|PETDB|CITATION_SHA1|4febc7652a9a0ad6,10,1,MORB,PetDB,2025
PAPER|PETDB|CITATION_SHA1|5141fede92173522,4,1,MORB,PetDB,2024
PAPER|PETDB|CITATION_SHA1|51b2bee44c4eb239,2,1,MORB,PetDB,1999
PAPER|PETDB|CITATION_SHA1|524fcdbc14866aff,1,1,MORB,PetDB,1966
PAPER|PETDB|CITATION_SHA1|535d7cfb6abe08e4,13,1,MORB,PetDB,1982
PAPER|PETDB|CITATION_SHA1|55495187c0760b7b,1,1,MORB,PetDB,1966
PAPER|PETDB|CITATION_SHA1|554acb38be8b3a7a,27,1,MORB,PetDB,1973
PAPER|PETDB|CITATION_SHA1|58ceb9446db4b744,1,1,MORB,PetDB,2017
PAPER|PETDB|CITATION_SHA1|5911e643249062dc,1,1,MORB,PetDB,1975
PAPER|PETDB|CITATION_SHA1|5b0370d9da5e13be,6,1,MORB,PetDB,1965
PAPER|PETDB|CITATION_SHA1|5c628296823b87d2,7,1,MORB,PetDB,1989
PAPER|PETDB|CITATION_SHA1|5cd24a591a90e414,195,1,MORB,PetDB,2002
PAPER|PETDB|CITATION_SHA1|5cd3f87ed91cebe8,15,1,MORB,PetDB,2015
PAPER|PETDB|CITATION_SHA1|5d39fa0661b49549,3,1,MORB,PetDB,2000
PAPER|PETDB|CITATION_SHA1|5f02cfaaa2a7f4c2,69,1,MORB,PetDB,1983
PAPER|PETDB|CITATION_SHA1|5f03c5a704db012e,8,1,MORB,PetDB,2000
PAPER|PETDB|CITATION_SHA1|6015025bfac1b580,8,1,MORB,PetDB,1973
PAPER|PETDB|CITATION_SHA1|62d8f44579c19309,7,1,MORB,PetDB,2016
PAPER|PETDB|CITATION_SHA1|64647479e82197ed,5,1,MORB,PetDB,2003
PAPER|PETDB|CITATION_SHA1|6499c6513aec0642,9,1,MORB,PetDB,1976
PAPER|PETDB|CITATION_SHA1|65acd4c2e0902fc0,8,1,MORB,PetDB,2019
PAPER|PETDB|CITATION_SHA1|666d1a017db6cef9,1,1,MORB,PetDB,2002
PAPER|PETDB|CITATION_SHA1|6671a2ae42b6a553,2,1,MORB,PetDB,1969
PAPER|PETDB|CITATION_SHA1|679acd39ee820041,1,1,MORB,PetDB,2018
PAPER|PETDB|CITATION_SHA1|67d966f6adbd8ced,13,1,MORB,PetDB,2011
PAPER|PETDB|CITATION_SHA1|6ab3668755a8823e,6,1,MORB,PetDB,1964
PAPER|PETDB|CITATION_SHA1|6b2b858b93d1238f,37,1,MORB,PetDB,1981
PAPER|PETDB|CITATION_SHA1|6b97f0a20448dfbb,6,1,MORB,PetDB,1974
PAPER|PETDB|CITATION_SHA1|6c3aa6040d6a9816,2,1,MORB,PetDB,1978
PAPER|PETDB|CITATION_SHA1|708838bdbdbaba07,40,1,MORB,PetDB,2020
PAPER|PETDB|CITATION_SHA1|724025ffebf6abfd,30,1,MORB,PetDB,2025
PAPER|PETDB|CITATION_SHA1|736fc255f69ac247,2,1,MORB,PetDB,1971
PAPER|PETDB|CITATION_SHA1|738f240acbaf595e,10,1,MORB,PetDB,1993
PAPER|PETDB|CITATION_SHA1|740d864cc624f4be,1,1,MORB,PetDB,1989
PAPER|PETDB|CITATION_SHA1|74c347ff29b3a7c3,1,1,MORB,PetDB,1987
PAPER|PETDB|CITATION_SHA1|750d702a4da148c3,6,1,MORB,PetDB,1977
PAPER|PETDB|CITATION_SHA1|75357abbd891580c,2,1,MORB,PetDB,1984
PAPER|PETDB|CITATION_SHA1|75b70748ab5af1f9,2,1,MORB,PetDB,1968
PAPER|PETDB|CITATION_SHA1|77524eef59aa5d05,8,1,MORB,PetDB,1995
PAPER|PETDB|CITATION_SHA1|77c861c637f5c597,36,1,MORB,PetDB,2025
PAPER|PETDB|CITATION_SHA1|79e4b6878753b5a2,129,1,MORB,PetDB,2009
PAPER|PETDB|CITATION_SHA1|7b541436de82f4ab,23,1,MORB,PetDB,1974
PAPER|PETDB|CITATION_SHA1|7b7608cca6cf4aaa,8,1,MORB,PetDB,1985
PAPER|PETDB|CITATION_SHA1|7c08f63d1fa8c180,15,1,MORB,PetDB,1980
PAPER|PETDB|CITATION_SHA1|7cb8a865f75dafc6,22,1,MORB,PetDB,2025
PAPER|PETDB|CITATION_SHA1|7f34e87734cbc7f6,19,1,MORB,PetDB,2021
PAPER|PETDB|CITATION_SHA1|7f41f16d5a680856,1,1,MORB,PetDB,2013
PAPER|PETDB|CITATION_SHA1|7f82fe13a15099e0,35,1,MORB,PetDB,2001
PAPER|PETDB|CITATION_SHA1|811383117f74ccba,14,1,MORB,PetDB,2008
PAPER|PETDB|CITATION_SHA1|82f1ad6aaa8414df,7,1,MORB,PetDB,1996
PAPER|PETDB|CITATION_SHA1|847f57452fb42187,11,1,MORB,PetDB,1986
PAPER|PETDB|CITATION_SHA1|8492ccc571c67998,1,1,MORB,PetDB,1999
PAPER|PETDB|CITATION_SHA1|8a377bbbaf4c29ef,12,1,MORB,PetDB,1970
PAPER|PETDB|CITATION_SHA1|8ab8d1ddd5171093,1,1,MORB,PetDB,1972
PAPER|PETDB|CITATION_SHA1|8ac4b810c9b34dd9,27,1,MORB,PetDB,2015
PAPER|PETDB|CITATION_SHA1|8b60ad32177cfb29,1,1,MORB,PetDB,1985
PAPER|PETDB|CITATION_SHA1|8df4ab6bb2507507,2,1,MORB,PetDB,1970
PAPER|PETDB|CITATION_SHA1|8f12fb0ef683c615,30,1,MORB,PetDB,1984
PAPER|PETDB|CITATION_SHA1|902ccb15cd4c57f6,1,1,MORB,PetDB,1973
PAPER|PETDB|CITATION_SHA1|904038910ab834ec,3,1,MORB,PetDB,1993
PAPER|PETDB|CITATION_SHA1|9102cce1bd72e66d,33,1,MORB,PetDB,1982
PAPER|PETDB|CITATION_SHA1|9124a64983ef3831,1,1,MORB,PetDB,1980
PAPER|PETDB|CITATION_SHA1|91d2907d95100b75,35,1,MORB,PetDB,1989
PAPER|PETDB|CITATION_SHA1|931d8fcb584c8bce,1,1,MORB,PetDB,1984
PAPER|PETDB|CITATION_SHA1|934c18d1e1553bf7,11,1,MORB,PetDB,2025
PAPER|PETDB|CITATION_SHA1|938bb3bea4be8728,4,1,MORB,PetDB,1995
PAPER|PETDB|CITATION_SHA1|93c2c53132d98c42,17,1,MORB,PetDB,1990
PAPER|PETDB|CITATION_SHA1|93efce9a748a4944,15,1,MORB,PetDB,1998
PAPER|PETDB|CITATION_SHA1|93fb9598a0f90f0e,44,1,MORB,PetDB,1988
PAPER|PETDB|CITATION_SHA1|94239cd4ae887eaf,15,1,MORB,PetDB,1994
PAPER|PETDB|CITATION_SHA1|94851147926c1486,14,1,MORB,PetDB,2017
PAPER|PETDB|CITATION_SHA1|9501fe41ee475a31,23,1,MORB,PetDB,2006
PAPER|PETDB|CITATION_SHA1|96b4769452af016b,2,1,MORB,PetDB,2002
PAPER|PETDB|CITATION_SHA1|97a1dc1d5feb4d98,18,1,MORB,PetDB,2006
PAPER|PETDB|CITATION_SHA1|9989eabc12f94e8f,3,1,MORB,PetDB,1971
PAPER|PETDB|CITATION_SHA1|9997cab57a0b1ca3,21,1,MORB,PetDB,1983
PAPER|PETDB|CITATION_SHA1|9b3a555dcdef9e92,30,1,MORB,PetDB,2019
PAPER|PETDB|CITATION_SHA1|9c449aa92c2c9ada,4,1,MORB,PetDB,2022
PAPER|PETDB|CITATION_SHA1|9cf7ac4611853a94,6,1,MORB,PetDB,1996
PAPER|PETDB|CITATION_SHA1|9d5fc4cb48d6560f,74,1,MORB,PetDB,2016
PAPER|PETDB|CITATION_SHA1|9de00cd4fbaa97f4,1,1,MORB,PetDB,1967
PAPER|PETDB|CITATION_SHA1|9e50c97cbaf98894,4,1,MORB,PetDB,2005
PAPER|PETDB|CITATION_SHA1|9e73d03ab759908b,3,1,MORB,PetDB,2024
PAPER|PETDB|CITATION_SHA1|9ea79ce02fcba5e0,1,1,MORB,PetDB,1999
PAPER|PETDB|CITATION_SHA1|9f9fcb0b979bbec7,148,1,MORB,PetDB,1989
PAPER|PETDB|CITATION_SHA1|a0ead0f2367e53b6,36,1,MORB,PetDB,1990
PAPER|PETDB|CITATION_SHA1|a0f1b6bb0ef4e7e9,31,1,MORB,PetDB,1983
PAPER|PETDB|CITATION_SHA1|a114860a583eba5f,6,1,MORB,PetDB,2004
PAPER|PETDB|CITATION_SHA1|a1ffef6d1065c07e,2,1,MORB,PetDB,1968
PAPER|PETDB|CITATION_SHA1|a209c382994a8d9d,1,1,MORB,PetDB,1995
PAPER|PETDB|CITATION_SHA1|a22c03feaf071f3a,32,1,MORB,PetDB,1984
PAPER|PETDB|CITATION_SHA1|a273b9fb7959ea5b,32,1,MORB,PetDB,2011
PAPER|PETDB|CITATION_SHA1|a43f28feea9f78f5,5,1,MORB,PetDB,2009
PAPER|PETDB|CITATION_SHA1|a5ed5507c3551728,2,1,MORB,PetDB,1984
PAPER|PETDB|CITATION_SHA1|a98ffeac4e8bc4e2,2,1,MORB,PetDB,1979
PAPER|PETDB|CITATION_SHA1|ac259e5b4f1e967c,3,1,MORB,PetDB,1988
PAPER|PETDB|CITATION_SHA1|ac51fa95850e772d,9,1,MORB,PetDB,2014
PAPER|PETDB|CITATION_SHA1|ac9a0577d766b24b,2,1,MORB,PetDB,2010
PAPER|PETDB|CITATION_SHA1|ae460eafa1b15a96,28,1,MORB,PetDB,2008
PAPER|PETDB|CITATION_SHA1|ae707db6e96459d2,1,1,MORB,PetDB,1976
PAPER|PETDB|CITATION_SHA1|ae7caaa07be06772,6,1,MORB,PetDB,1988
PAPER|PETDB|CITATION_SHA1|b01f4c6e050c3e27,14,1,MORB,PetDB,1980
PAPER|PETDB|CITATION_SHA1|b258234b14df38c6,4,1,MORB,PetDB,1969
PAPER|PETDB|CITATION_SHA1|b35d9a2b78ee7b6d,3,1,MORB,PetDB,1980
PAPER|PETDB|CITATION_SHA1|b3e52765b7e8b539,9,1,MORB,PetDB,1999
PAPER|PETDB|CITATION_SHA1|b44628f617733fb3,13,1,MORB,PetDB,2004
PAPER|PETDB|CITATION_SHA1|b51e4deb67bc42e2,3,1,MORB,PetDB,1998
PAPER|PETDB|CITATION_SHA1|b5b8c8f8d82ada2b,20,1,MORB,PetDB,2008
PAPER|PETDB|CITATION_SHA1|b62dd712230f5755,28,1,MORB,PetDB,1981
PAPER|PETDB|CITATION_SHA1|b67f473b5fc46553,1,1,MORB,PetDB,1978
PAPER|PETDB|CITATION_SHA1|b7f12b39592053ab,1,1,MORB,PetDB,1975
PAPER|PETDB|CITATION_SHA1|b8816b5b42eae91b,14,1,MORB,PetDB,2022
PAPER|PETDB|CITATION_SHA1|b8e94f42a3a42305,7,1,MORB,PetDB,1993
PAPER|PETDB|CITATION_SHA1|b92da3761396490e,4,1,MORB,PetDB,1984
PAPER|PETDB|CITATION_SHA1|b93042c18e423149,2,1,MORB,PetDB,1994
PAPER|PETDB|CITATION_SHA1|bb8b8f5f161e6e5b,13,1,MORB,PetDB,1992
PAPER|PETDB|CITATION_SHA1|bb9f988ab63d4f6f,5,1,MORB,PetDB,1987
PAPER|PETDB|CITATION_SHA1|bc66d85deffc8151,14,1,MORB,PetDB,2014
PAPER|PETDB|CITATION_SHA1|bd762a8bf72b1b90,1,1,MORB,PetDB,2002
PAPER|PETDB|CITATION_SHA1|bd9378c062b55099,23,1,MORB,PetDB,1994
PAPER|PETDB|CITATION_SHA1|bef3c376df1d500b,7,1,MORB,PetDB,1977
PAPER|PETDB|CITATION_SHA1|c016f6e3ab0e3bd5,116,1,MORB,PetDB,1986
PAPER|PETDB|CITATION_SHA1|c0337fa7dbb3c015,9,1,MORB,PetDB,2012
PAPER|PETDB|CITATION_SHA1|c0525dd76ef8ea6a,2,1,MORB,PetDB,1991
PAPER|PETDB|CITATION_SHA1|c2183a22732b7e26,2,1,MORB,PetDB,1977
PAPER|PETDB|CITATION_SHA1|c285a800294291f4,1,1,MORB,PetDB,1987
PAPER|PETDB|CITATION_SHA1|c3774e50768825ed,55,1,MORB,PetDB,2004
PAPER|PETDB|CITATION_SHA1|c3c3d55ee1bb430b,7,1,MORB,PetDB,1989
PAPER|PETDB|CITATION_SHA1|c412af1ce6c490ff,4,1,MORB,PetDB,1974
PAPER|PETDB|CITATION_SHA1|c41c8b04b008efd0,1,1,MORB,PetDB,2019
PAPER|PETDB|CITATION_SHA1|c4773d98c3babea8,124,1,MORB,PetDB,2013
PAPER|PETDB|CITATION_SHA1|c83eb0532ce6db0b,3,1,MORB,PetDB,1981
PAPER|PETDB|CITATION_SHA1|c8b851c825237b41,1,1,MORB,PetDB,1986
PAPER|PETDB|CITATION_SHA1|c8e07f76b5fb469e,20,1,MORB,PetDB,2002
PAPER|PETDB|CITATION_SHA1|c9f237a8b32b045c,3,1,MORB,PetDB,1981
PAPER|PETDB|CITATION_SHA1|cd63c14785d91464,9,1,MORB,PetDB,1970
PAPER|PETDB|CITATION_SHA1|ce8e12c20939b930,1,1,MORB,PetDB,1998
PAPER|PETDB|CITATION_SHA1|cfd5019498a89bf8,183,1,MORB,PetDB,1982
PAPER|PETDB|CITATION_SHA1|d151c0aed76acd1c,2,1,MORB,PetDB,1999
PAPER|PETDB|CITATION_SHA1|d15f01acbd2401ba,4,1,MORB,PetDB,1987
PAPER|PETDB|CITATION_SHA1|d309da0be80817b6,4,1,MORB,PetDB,2005
PAPER|PETDB|CITATION_SHA1|d4539e7183c0d1d6,1,1,MORB,PetDB,1972
PAPER|PETDB|CITATION_SHA1|d5729a11721b19e5,1,1,MORB,PetDB,1995
PAPER|PETDB|CITATION_SHA1|d5a09dddf7e7b602,12,1,MORB,PetDB,2010
PAPER|PETDB|CITATION_SHA1|d807a485a47014c9,1,1,MORB,PetDB,1979
PAPER|PETDB|CITATION_SHA1|d8cea20e2f10faea,3,1,MORB,PetDB,1964
PAPER|PETDB|CITATION_SHA1|d9ad1e0aac379a09,1,1,MORB,PetDB,2004
PAPER|PETDB|CITATION_SHA1|da3d2a075ded3384,3,1,MORB,PetDB,1975
PAPER|PETDB|CITATION_SHA1|de21dc27876fac41,1,1,MORB,PetDB,1974
PAPER|PETDB|CITATION_SHA1|df45b95bd9dab401,7,1,MORB,PetDB,2009
PAPER|PETDB|CITATION_SHA1|dfeb7f7964f3b2c3,32,1,MORB,PetDB,1985
PAPER|PETDB|CITATION_SHA1|e230df1f3ccb6418,7,1,MORB,PetDB,2016
PAPER|PETDB|CITATION_SHA1|e56d75bc9077f4aa,1,1,MORB,PetDB,1968
PAPER|PETDB|CITATION_SHA1|e5add29c1ec0a2c7,2,1,MORB,PetDB,1994
PAPER|PETDB|CITATION_SHA1|e63a6fb38446a924,4,1,MORB,PetDB,2003
PAPER|PETDB|CITATION_SHA1|e67071ed0f471f25,6,1,MORB,PetDB,2024
PAPER|PETDB|CITATION_SHA1|e702c1aa832c0607,1,1,MORB,PetDB,2017
PAPER|PETDB|CITATION_SHA1|e737129319643feb,9,1,MORB,PetDB,1992
PAPER|PETDB|CITATION_SHA1|e8dc4b1a5027aae5,34,1,MORB,PetDB,2007
PAPER|PETDB|CITATION_SHA1|e93280025a898221,2,1,MORB,PetDB,1989
PAPER|PETDB|CITATION_SHA1|e997c9b1bcd5f40a,12,1,MORB,PetDB,1969
PAPER|PETDB|CITATION_SHA1|eb9b9ef88961722a,10,1,MORB,PetDB,2009
PAPER|PETDB|CITATION_SHA1|ec2279848fda38ed,1,1,MORB,PetDB,1980
PAPER|PETDB|CITATION_SHA1|ec8774234b413fa8,27,1,MORB,PetDB,1987
PAPER|PETDB|CITATION_SHA1|ed19ab1eb5c29921,42,1,MORB,PetDB,2025
PAPER|PETDB|CITATION_SHA1|ed6e7038b815c4b0,1,1,MORB,PetDB,2011
PAPER|PETDB|CITATION_SHA1|edcd8e2c17694fce,2,1,MORB,PetDB,1966
PAPER|PETDB|CITATION_SHA1|ee2dc6766905e379,1,1,MORB,PetDB,1976
PAPER|PETDB|CITATION_SHA1|f00393198099c7bd,9,1,MORB,PetDB,2024
PAPER|PETDB|CITATION_SHA1|f006c09415d5c911,7,1,MORB,PetDB,1978
PAPER|PETDB|CITATION_SHA1|f2c108f1871aa915,9,1,MORB,PetDB,1995
PAPER|PETDB|CITATION_SHA1|f2d85181284e1a7f,1,1,MORB,PetDB,1969
PAPER|PETDB|CITATION_SHA1|f30b64d2b91fedb9,1,1,MORB,PetDB,2005
PAPER|PETDB|CITATION_SHA1|f35094a8125ffadb,32,1,MORB,PetDB,2000
PAPER|PETDB|CITATION_SHA1|f44613ed1b572c46,11,1,MORB,PetDB,2021
PAPER|PETDB|CITATION_SHA1|f50f63ee6bdbf075,5,1,MORB,PetDB,2024
PAPER|PETDB|CITATION_SHA1|f54c0d03fc24c740,7,1,MORB,PetDB,2004
PAPER|PETDB|CITATION_SHA1|f63826756ee2d027,26,1,MORB,PetDB,2014
PAPER|PETDB|CITATION_SHA1|f643684958e05fa2,5,1,MORB,PetDB,1977
PAPER|PETDB|CITATION_SHA1|f736c4cf524d6936,2,1,MORB,PetDB,1970
PAPER|PETDB|CITATION_SHA1|f8e83042f7db1e83,1,1,MORB,PetDB,1973
PAPER|PETDB|CITATION_SHA1|f8f135c6c984fc54,3,1,MORB,PetDB,1969
PAPER|PETDB|CITATION_SHA1|f9f3dfe02722bf80,21,1,MORB,PetDB,2014
PAPER|PETDB|CITATION_SHA1|fafc87703ee70c44,10,1,MORB,PetDB,1990
PAPER|PETDB|CITATION_SHA1|fce79c30c63899ff,3,1,MORB,PetDB,1977
PAPER|PETDB|CITATION_SHA1|fd92dc679c70f831,63,1,MORB,PetDB,1994
PAPER|PETDB|CITATION_SHA1|fdb9d74c633b9f22,23,1,MORB,PetDB,1996
PAPER|PETDB|CITATION_SHA1|fdf636dd315efd9e,2,1,MORB,PetDB,1969
PAPER|PETDB|CITATION_SHA1|fe15bb95e24b6af8,23,1,MORB,PetDB,1980
