PAPER_RECORD_ID,PAPER_ID,CV_GROUP_V4,CITATION,PETDB_CITATION_URL,N_RETAINED_SAMPLES,N_UNIQUE_SAMPLE_URLS,N_ROWS_IN_ORIGINAL_EXPORT_FOR_CITATION,SOURCE_EXPORT,DOWNLOAD_DATE,MATCH_STATUS
PETDB|CITATION_SHA1|d5a8236c6dd272f3,PAPER|MERGED|011706402e882422,PAPER|MERGED|011706402e882422,"Martin, C. E. (1991). OS ISOTOPIC CHARACTERISTICS OF MANTLE DERIVED ROCKS. GEOCHIM COSMOCHIM ACTA, 55, 1421-1434.",https://www.earthchem.org/petdb/citation/e5f6ad6ce374177eef023bf5d0c018b6,1,1,3,PetDB_MORB_ALL.csv,2026-08-11,EXACT_SAMPLE_URL_AND_CITATION
PETDB|CITATION_SHA1|7e5a4bf3f75c25bf,PAPER|MERGED|1199d05be01346da,PAPER|MERGED|1199d05be01346da,"Harpp, K. S., Weis, D. (2020). INSIGHTS INTO THE ORIGINS AND COMPOSITIONS OF MANTLE PLUMES: A COMPARISON OF GALÁPAGOS AND HAWAI'I. GEOCHEMISTRY, GEOPHYSICS, GEOSYSTEMS, 21(9), null.",https://www.earthchem.org/petdb/citation/2192890582189ff58ddbb2b79900f246,37,37,208,PetDB_MORB_ALL.csv,2026-08-11,EXACT_SAMPLE_URL_AND_CITATION
PETDB|CITATION_SHA1|53aedca48d47e122,PAPER|MERGED|18362b995fd99ed2,PAPER|MERGED|18362b995fd99ed2,"Madureira, P., Moreira, M., ... Pinto De Abreu, M. (2014). HELIUM ISOTOPE SYSTEMATICS IN THE VINCINITY OF THE AZORES TRIPLE JUNCTION: CONTRAINTS ON THE AZORES GEODYNAMICS. CHEMICAL GEOLOGY, 372, 62-71.",https://www.earthchem.org/petdb/citation/7fd804295ef7f6a2822bf4c61f9dc4a8,20,20,63,PetDB_MORB_ALL.csv,2026-08-11,EXACT_SAMPLE_URL_AND_CITATION
PETDB|CITATION_SHA1|a16cd5df509fde93,PAPER|MERGED|23e4ac0fd6053d4b,PAPER|MERGED|23e4ac0fd6053d4b,"Zellmer, G. F., Rubin, K. H., ... Jurado-chichay, Z. (2008). ON THE RECENT BIMODAL MAGMATIC PROCESSES AND THEIR RATES IN THE TORFAJÖKULL–VEIDIVÖTN AREA, ICELAND. EARTH PLANET SCI LETT, 269(3-4), 398.",https://www.earthchem.org/petdb/citation/e9fb2eda3d9c55a0d89c98d6c54b5b3e,3,3,27,PetDB_MORB_ALL.csv,2026-08-11,EXACT_SAMPLE_URL_AND_CITATION
PETDB|CITATION_SHA1|8b84ed2efbd4d540,PAPER|MERGED|4b4e2a22dbd8e4c9,PAPER|MERGED|4b4e2a22dbd8e4c9,"Harpp, K. S., Fornari, D. J., ... Kurz, M. D. (2003). GENOVESA SUBMARINE RIDGE: A MANIFESTATION OF PLUME-RIDGE INTERACTION IN THE NORTHERN GALAPAGOS ISLANDS. GEOCHEM GEOPHYS GEOSYST, 4(9)",https://www.earthchem.org/petdb/citation/2715518c875999308842e3455eda2fe3,1,1,3,PetDB_MORB_ALL.csv,2026-08-11,EXACT_SAMPLE_URL_AND_CITATION
PETDB|CITATION_SHA1|802e20bd39425922,PAPER|MERGED|52539fe6d40c101c,PAPER|MERGED|52539fe6d40c101c,"Humphris, S. E., Thompson, G. (1982). A GEOCHEMICAL STUDY OF ROCKS FROM THE WALVIS RIDGE, SOUTH ATLANTIC. CHEMICAL GEOLOGY, 36(3-4), 274.",https://www.earthchem.org/petdb/citation/881c6efa917cff1c97a74e03e15f43e8,2,2,8,PetDB_MORB_ALL.csv,2026-08-11,EXACT_SAMPLE_URL_AND_CITATION
PETDB|CITATION_SHA1|1396df762c8d132a,PAPER|MERGED|58a8c3e9e3a9f318,PAPER|MERGED|58a8c3e9e3a9f318,"Kempton, P. D., Fitton, J. G., ... Pearson, G. (2000). THE ICELAND PLUME IN SPACE AND TIME: A SR-ND-PB-HF STUDY OF THE NORTH ATLANTIC RIFTED MARGIN. EARTH PLANET SCI LETT, 177, 255-271.",https://www.earthchem.org/petdb/citation/a113c1ecd3cace2237256f4c712f61b5,1,1,26,PetDB_MORB_ALL.csv,2026-08-11,EXACT_SAMPLE_URL_AND_CITATION
PETDB|CITATION_SHA1|28bbd007be679513,PAPER|MERGED|9b05c0a82db6838b,PAPER|MERGED|9b05c0a82db6838b,"Byerly, G. R., Melson, W. G., ... Vogt, P. R. (1976). RHYODACITES, ANDESITES, FERRO-BASALTS AND OCEAN THOLEIITES FROM THE GALAPAGOS SPREADING CENTER. EARTH PLANET SCI LETT, 30, 215-221.",https://www.earthchem.org/petdb/citation/c74d97b01eae257e44aa9d5bade97baf,6,6,21,PetDB_MORB_ALL.csv,2026-08-11,EXACT_SAMPLE_URL_AND_CITATION
PETDB|CITATION_SHA1|82e8cabda89651ea,PAPER|MERGED|bf07c89eb0b7310f,PAPER|MERGED|bf07c89eb0b7310f,"Geist, D. J., Fornari, D. J., ... Koleszar, A. M. (2006). SUBMARINE FERNANDINA:  MAGMATISM AT THE LEADING EDGE OF THE GALAPAGOS HOT SPOT. GEOCHEM GEOPHYS GEOSYST, 7(12)",https://www.earthchem.org/petdb/citation/996009f2374006606f4c0b0fda878af1,11,11,25,PetDB_MORB_ALL.csv,2026-08-11,EXACT_SAMPLE_URL_AND_CITATION
PETDB|CITATION_SHA1|009d4e6c1ad2eff1,PAPER|MERGED|d58c00c0830a8e70,PAPER|MERGED|d58c00c0830a8e70,"Beier, C., Haase, K. M., ... Hauff, F. (2008). MAGMA GENESIS BY RIFTING OF OCEANIC LITHOSPHERE ABOVE ANOMALOUS MANTLE: TERCEIRA RIFT, AZORES. GEOCHEM GEOPHYS GEOSYST, 9(12)",https://www.earthchem.org/petdb/citation/f52378e14237225a6f6c7d802dc6abbd,23,23,89,PetDB_MORB_ALL.csv,2026-08-11,EXACT_SAMPLE_URL_AND_CITATION
PETDB|CITATION_SHA1|71e05a7e5c6c8848,PAPER|MERGED|e8badf4b1294e6aa,PAPER|MERGED|e8badf4b1294e6aa,"Geist, D. J., Diefenbach, B., ... Blusztajn, J. (2008). CONSTRUCTION OF THE GALÁPAGOS PLATFORM BY LARGE SUBMARINE VOLCANIC TERRACES. GEOCHEM GEOPHYS GEOSYST, 9(3)",https://www.earthchem.org/petdb/citation/0d9095b0d6bbe98ea0c9c02b11b59ee3,9,9,61,PetDB_MORB_ALL.csv,2026-08-11,EXACT_SAMPLE_URL_AND_CITATION
PETDB|CITATION_SHA1|01370cc42edd6c6e,PAPER|PETDB|CITATION_SHA1|01370cc42edd6c6e,PAPER|PETDB|CITATION_SHA1|01370cc42edd6c6e,"Deboer, J., Delong, S. E., ... Bryan, W. B. (1979). GEOLOGICAL AND GEOPHYSICAL INVESTIGATION OF THE MID-CAYMAN SPREADING CENTER: INITIAL RESULTS AND OBSERVATIONS. AGU MAURICE EWING SERIES, 2, 66-93.",https://www.earthchem.org/petdb/citation/f9b902fc3289af4dd08de5d1de54f68f,1,1,1,PetDB_MORB_ALL.csv,2026-08-11,EXACT_SAMPLE_URL_AND_CITATION
PETDB|CITATION_SHA1|01cc315cac07f6c1,PAPER|PETDB|CITATION_SHA1|01cc315cac07f6c1,PAPER|PETDB|CITATION_SHA1|01cc315cac07f6c1,"Liang, Y., Halliday, A. N., ... Harvey, J. (2017). MOLYBDENUM ISOTOPE FRACTIONATION IN THE MANTLE. GEOCHIM COSMOCHIM ACTA, 199, 111.",https://www.earthchem.org/petdb/citation/c819904dde95535c60452b16c1c494f6,1,1,17,PetDB_MORB_ALL.csv,2026-08-11,EXACT_SAMPLE_URL_AND_CITATION
PETDB|CITATION_SHA1|01d9414702f0001e,PAPER|PETDB|CITATION_SHA1|01d9414702f0001e,PAPER|PETDB|CITATION_SHA1|01d9414702f0001e,"Laschek, D. (1985). GEOCHEMISCHE UNTERSUCHUNGEN AN BASALTEN VOM GALAPAGOS SPREADING CENTER UND VOM EAST PACIFIC RISE. THESIS OR DISSERTATION, DOCTORAL, UNIV KARLSRUHE; MONOGRAPHIC",https://www.earthchem.org/petdb/citation/4e0928de075538c593fbdabb0c5ef2c3,67,67,493,PetDB_MORB_ALL.csv,2026-08-11,EXACT_SAMPLE_URL_AND_CITATION
PETDB|CITATION_SHA1|024a5a427a4331c9,PAPER|PETDB|CITATION_SHA1|024a5a427a4331c9,PAPER|PETDB|CITATION_SHA1|024a5a427a4331c9,"Srivastava, R. K., Puchelt, H., ... Emmermann, R. (1980). PETROLOGY AND GEOCHEMISTRY OF BASALTS FROM DEEP SEA DRILLING PROJECT LEG 54. INIT REP DSDP, 54, 671-693.",https://www.earthchem.org/petdb/citation/b86e8d03fe992d1b0e19656875ee557c,25,25,127,PetDB_MORB_ALL.csv,2026-08-11,EXACT_SAMPLE_URL_AND_CITATION
PETDB|CITATION_SHA1|0299d98128ed1b53,PAPER|PETDB|CITATION_SHA1|0299d98128ed1b53,PAPER|PETDB|CITATION_SHA1|0299d98128ed1b53,"Maury, R. C., Bougault, H., ... Joron, J. (1985). LOCAL VERSUS REGIONAL MANTLE HETEROGENEITIES: EVIDENCE FROM HYGROMAGMAPHILE ELEMENTS. INIT REP DSDP, 82, 459-482.",https://www.earthchem.org/petdb/citation/a666587afda6e89aec274a3657558a27,12,12,104,PetDB_MORB_ALL.csv,2026-08-11,EXACT_SAMPLE_URL_AND_CITATION
PETDB|CITATION_SHA1|02b0d3340b435517,PAPER|PETDB|CITATION_SHA1|02b0d3340b435517,PAPER|PETDB|CITATION_SHA1|02b0d3340b435517,"Regelous, M., Duncan, R. A., ... Haase, K. M. (2011). INSIGHTS INTO MANTLE COMPOSITION AND MANTLE MELTING BENEATH MID-OCEAN RIDGES FROM POSTSPREADING VOLCANISM ON THE FOSSIL GALAPAGOS RISE. GEOCHEM GEOPHYS GEOSYST, 12(5)",https://www.earthchem.org/petdb/citation/f337d999d9ad116a7b4f3d409fcc6480,13,13,35,PetDB_MORB_ALL.csv,2026-08-11,EXACT_SAMPLE_URL_AND_CITATION
PETDB|CITATION_SHA1|035cec3dcc5406d1,PAPER|PETDB|CITATION_SHA1|035cec3dcc5406d1,PAPER|PETDB|CITATION_SHA1|035cec3dcc5406d1,"Kempton, P. D., Pearce, J. A., ... Christie, D. M. (2002). Sr-Nd-Pb-Hf ISOTOPE RESULTS FROM ODP LEG 187: EVIDENCE FOR MANTLE DYNAMICS OF THE AUSTRALIAN-ANTARCTIC DISCORDANCE AND ORIGIN OF THE INDIAN MORB SOURCE. GEOCHEM GEOPHYS GEOSYST, 3(12)",https://www.earthchem.org/petdb/citation/540ae6b0f6ac6e155062f3dd4f0b2b01,57,57,368,PetDB_MORB_ALL.csv,2026-08-11,EXACT_SAMPLE_URL_AND_CITATION
PETDB|CITATION_SHA1|040abb5f77d9487c,PAPER|PETDB|CITATION_SHA1|040abb5f77d9487c,PAPER|PETDB|CITATION_SHA1|040abb5f77d9487c,"Van Wagoner, N. A., Leybourne, M. I. (1991). EVIDENCE FOR MAGMA MIXING AND A HETEROGENEOUS MANTLE ON THE WEST VALLEY SEGMENT OF THE JUAN DE FUCA RIDGE. J GEOPHYS RES, 96, 16295-16318.",https://www.earthchem.org/petdb/citation/cfee398643cbc3dc5eefc89334cacdc1,15,15,54,PetDB_MORB_ALL.csv,2026-08-11,EXACT_SAMPLE_URL_AND_CITATION
PETDB|CITATION_SHA1|0412cfd65598ee63,PAPER|PETDB|CITATION_SHA1|0412cfd65598ee63,PAPER|PETDB|CITATION_SHA1|0412cfd65598ee63,"Calvez, J. Y., Joron, J., ... Bougault, H. (1988). THE GEOCHEMICAL STRUCTURE OF THE SOUTH-EAST INDIAN RIDGE. EARTH PLANET SCI LETT, 88, 47-59.",https://www.earthchem.org/petdb/citation/47d1e990583c9c67424d369f3414728e,12,12,24,PetDB_MORB_ALL.csv,2026-08-11,EXACT_SAMPLE_URL_AND_CITATION
PETDB|CITATION_SHA1|042dfdae340604a0,PAPER|PETDB|CITATION_SHA1|042dfdae340604a0,PAPER|PETDB|CITATION_SHA1|042dfdae340604a0,"Havens, R. G., Engel, A. E. J., ... Engel, C. G. (1965). CHEMICAL CHARACTERISTICS OF OCEANIC BASALTS AND THE UPPER MANTLE. GEOL SOC AMER BULL, 76, 719-734.",https://www.earthchem.org/petdb/citation/069059b7ef840f0c74a814ec9237b6ec,1,1,9,PetDB_MORB_ALL.csv,2026-08-11,EXACT_SAMPLE_URL_AND_CITATION
PETDB|CITATION_SHA1|0476dd4533686e96,PAPER|PETDB|CITATION_SHA1|0476dd4533686e96,PAPER|PETDB|CITATION_SHA1|0476dd4533686e96,"Hoernle, K., Krolikowska-ciaglo, S., ... Hauff, F. (2005). SR-ND ISOTOPE SYSTEMATICS IN 14-28 MA LOW-TEMPERATURE ALTERED MID-OCEAN RIDGE BASALT FROM THE AUSTRALIAN ANTARCTIC DISCORDANCE, OCEAN DRILLING PROGRAM LEG 187. GEOCHEM GEOPHYS GEOSYST, 6(1)",https://www.earthchem.org/petdb/citation/e6d8545daa42d5ced125a4bf747b3688,6,6,146,PetDB_MORB_ALL.csv,2026-08-11,EXACT_SAMPLE_URL_AND_CITATION
PETDB|CITATION_SHA1|054668b9973ca3b1,PAPER|PETDB|CITATION_SHA1|054668b9973ca3b1,PAPER|PETDB|CITATION_SHA1|054668b9973ca3b1,"Chauvel, C., Blichert-toft, J. (2001). A HAFNIUM ISOTOPE AND TRACE ELEMENT PERSPECTIVE ON MELTING OF THE DEPLETED MANTLE. EARTH PLANET SCI LETT, 190, 137-151.",https://www.earthchem.org/petdb/citation/2cfd4560539f887a5e420412b370b361,4,4,62,PetDB_MORB_ALL.csv,2026-08-11,EXACT_SAMPLE_URL_AND_CITATION
PETDB|CITATION_SHA1|0576da7b9e9c5710,PAPER|PETDB|CITATION_SHA1|0576da7b9e9c5710,PAPER|PETDB|CITATION_SHA1|0576da7b9e9c5710,"Labidi, J., Cartigny, P. (2016). NEGLIGIBLE SULFUR ISOTOPE FRACTIONATION DURING PARTIAL MELTING: EVIDENCE FROM GARRETT TRANSFORM FAULT BASALTS, IMPLICATIONS FOR THE LATE-VENEER AND THE HADEAN MATTE. EARTH PLANET SCI LETT, 451, 207.",https://www.earthchem.org/petdb/citation/133b3752e52bae42230364cb720f81f7,2,2,10,PetDB_MORB_ALL.csv,2026-08-11,EXACT_SAMPLE_URL_AND_CITATION
PETDB|CITATION_SHA1|05da41402cec44f9,PAPER|PETDB|CITATION_SHA1|05da41402cec44f9,PAPER|PETDB|CITATION_SHA1|05da41402cec44f9,"Barker, A. K., Coogan, L. A., ... Weis, D. (2008). STRONTIUM ISOTOPE CONSTRAINTS ON FLUID FLOW IN THE SHEETED DIKE COMPLEX OF FAST SPREADING CRUST: PERVASIVE FLUID FLOW AT PITO DEEP. GEOCHEM GEOPHYS GEOSYST, 9(6)",https://www.earthchem.org/petdb/citation/991de292e76f74f3c285b3f6d57958d5,8,8,126,PetDB_MORB_ALL.csv,2026-08-11,EXACT_SAMPLE_URL_AND_CITATION
PETDB|CITATION_SHA1|0654fe3427c2aacf,PAPER|PETDB|CITATION_SHA1|0654fe3427c2aacf,PAPER|PETDB|CITATION_SHA1|0654fe3427c2aacf,"Girdler, R. W., Ali, S., ... Whitmarsh, R. B. (1974). SITE 226. INIT REP DSDP, 23, 595-600.",https://www.earthchem.org/petdb/citation/8f1d43620bc6bb580df6e80b0dc05c48,3,3,12,PetDB_MORB_ALL.csv,2026-08-11,EXACT_SAMPLE_URL_AND_CITATION
PETDB|CITATION_SHA1|0734b0c61ced5f9f,PAPER|PETDB|CITATION_SHA1|0734b0c61ced5f9f,PAPER|PETDB|CITATION_SHA1|0734b0c61ced5f9f,"Teng, F., Dauphas, N., ... Marty, B. (2013). IRON ISOTOPIC SYSTEMATICS OF OCEANIC BASALT. GEOCHIM COSMOCHIM ACTA, 107, 12-26.",https://www.earthchem.org/petdb/citation/6832a7b24bc06775d02b7406880b93fc,1,1,38,PetDB_MORB_ALL.csv,2026-08-11,EXACT_SAMPLE_URL_AND_CITATION
PETDB|CITATION_SHA1|085b1eaf5e80667e,PAPER|PETDB|CITATION_SHA1|085b1eaf5e80667e,PAPER|PETDB|CITATION_SHA1|085b1eaf5e80667e,"Choi, S., Park, J., ... Han, S. (2024). MELT-ROCK REACTION IN THE LOWER OCEANIC CRUST AND THE INFLUENCE ON THE EVOLUTION OF MID-OCEAN RIDGE BASALTS AT THE CENTRAL INDIAN RIDGE (7°50’–8°30’S). JOURNAL OF PETROLOGY, 6(65), null.",https://www.earthchem.org/petdb/citation/30d411fdc0e6daf092a74354094359bb,16,16,16,PetDB_MORB_ALL.csv,2026-08-11,EXACT_SAMPLE_URL_AND_CITATION
PETDB|CITATION_SHA1|0868b733e6d34e17,PAPER|PETDB|CITATION_SHA1|0868b733e6d34e17,PAPER|PETDB|CITATION_SHA1|0868b733e6d34e17,"Sinton, C. W., Harpp, K. S., ... Christie, D. M. (2014). A PRELIMINARY SURVEY OF THE NORTHEAST SEAMOUNTS, GALÁPAGOS PLATFORM. A NATURAL LABORATORY FOR THE EARTH SCIENCES, 362.",https://www.earthchem.org/petdb/citation/d309cd6396e744600c943fada20f686a,13,13,33,PetDB_MORB_ALL.csv,2026-08-11,EXACT_SAMPLE_URL_AND_CITATION
PETDB|CITATION_SHA1|0b059dbd4f0f8dc9,PAPER|PETDB|CITATION_SHA1|0b059dbd4f0f8dc9,PAPER|PETDB|CITATION_SHA1|0b059dbd4f0f8dc9,"Funkhouser, J. G., Bonatti, E., ... Fisher, D. E. (1968). EXCESS ARGON IN DEEP-SEA ROCKS. EARTH PLANET SCI LETT, 5, 95-100.",https://www.earthchem.org/petdb/citation/ab88b15733f543179858600245108dd8,1,1,24,PetDB_MORB_ALL.csv,2026-08-11,EXACT_SAMPLE_URL_AND_CITATION
PETDB|CITATION_SHA1|0b174ce73243bd98,PAPER|PETDB|CITATION_SHA1|0b174ce73243bd98,PAPER|PETDB|CITATION_SHA1|0b174ce73243bd98,"Scoon, J. H., Muir, I. D., ... Tilley, C. E. (1966). BASALTS FROM THE NORTHERN PART OF THE MID-ATLANTIC RIDGE II, THE ATLANTIS COLLECTION NEAR 30 DEGREE N. J PETROL, 7, 193-201.",https://www.earthchem.org/petdb/citation/a597e50502f5ff68e3e25b9114205d4a,6,6,8,PetDB_MORB_ALL.csv,2026-08-11,EXACT_SAMPLE_URL_AND_CITATION
PETDB|CITATION_SHA1|0b4624ec756e88af,PAPER|PETDB|CITATION_SHA1|0b4624ec756e88af,PAPER|PETDB|CITATION_SHA1|0b4624ec756e88af,"Futa, K., Batiza, R., ... Oestrike, R. (1982). CHEMICAL AND ISOTOPIC DIVERSITY IN BASALTS DREDGED FROM THE EAST PACIFIC RISE AT 10 DEGREE S, THE FOSSIL GALAPAGOS RISE AND THE NAZCA PLATE. MARINE GEOLOGY, 49, 115-132.",https://www.earthchem.org/petdb/citation/14bfa6bb14875e45bba028a21ed38046,3,3,19,PetDB_MORB_ALL.csv,2026-08-11,EXACT_SAMPLE_URL_AND_CITATION
PETDB|CITATION_SHA1|0b8d1ae71264de0f,PAPER|PETDB|CITATION_SHA1|0b8d1ae71264de0f,PAPER|PETDB|CITATION_SHA1|0b8d1ae71264de0f,"Joron, J., Bougault, H., ... Briqueu, L. (1980). EAST PACIFIC RISE, GALAPAGOS SPREADING CENTER AND SIQUEIROS FRACTURE ZONE, DEEP SEA DRILLING PROJECT LEG 54: HYGROMAGMAPHILE ELEMENTS - A COMPARISON WITH THE NORTH ATLANTIC. INIT REP DSDP, 54, 725-735.",https://www.earthchem.org/petdb/citation/f4552671f8909587cf485ea990207f3b,29,29,112,PetDB_MORB_ALL.csv,2026-08-11,EXACT_SAMPLE_URL_AND_CITATION
PETDB|CITATION_SHA1|0c65942d1900bc84,PAPER|PETDB|CITATION_SHA1|0c65942d1900bc84,PAPER|PETDB|CITATION_SHA1|0c65942d1900bc84,"Ewing, M., Shido, F., ... Miyashiro, A. (1971). CRYSTALLIZATION OF ABYSSAL THOLEIITES. CONTRIB MINERAL PETROL, 31, 251-266.",https://www.earthchem.org/petdb/citation/5fd0b37cd7dbbb00f97ba6ce92bf5add,2,2,6,PetDB_MORB_ALL.csv,2026-08-11,EXACT_SAMPLE_URL_AND_CITATION
PETDB|CITATION_SHA1|0cc3823141522d67,PAPER|PETDB|CITATION_SHA1|0cc3823141522d67,PAPER|PETDB|CITATION_SHA1|0cc3823141522d67,"Le Roex, A. P. (1998). SUBMITTED DATA SET: MAJOR AND TRACE ELEMENT AND MINERAL COMPOSITIONS OF BASALTS FROM THE AGULHAS 32 CRUISE, SOUTHERN MID-ATLANTIC RIDGE.",https://www.earthchem.org/petdb/citation/3328bdf9a4b9504b9398284244fe97c2,73,73,146,PetDB_MORB_ALL.csv,2026-08-11,EXACT_SAMPLE_URL_AND_CITATION
PETDB|CITATION_SHA1|0cef6bab12e930aa,PAPER|PETDB|CITATION_SHA1|0cef6bab12e930aa,PAPER|PETDB|CITATION_SHA1|0cef6bab12e930aa,"Machida, S., Orihashi, Y., ... Tamaki, K. (2014). REGIONAL MANTLE HETEROGENEITY REGULATES MELT PRODUCTION ALONG THE REUNION HOTSPOT-INFLUENCED CENTRAL INDIAN RIDGE. GEOCHEM J, 48, 17.",https://www.earthchem.org/petdb/citation/028ee724157b05d04e7bdcf237d12e60,8,8,56,PetDB_MORB_ALL.csv,2026-08-11,EXACT_SAMPLE_URL_AND_CITATION
PETDB|CITATION_SHA1|0cfb406091de13dd,PAPER|PETDB|CITATION_SHA1|0cfb406091de13dd,PAPER|PETDB|CITATION_SHA1|0cfb406091de13dd,"Engel, A. E. J., Engel, C. G. (1964). IGNEOUS ROCKS OF THE EAST PACIFIC RISE. SCIENCE, 146, 477-485.",https://www.earthchem.org/petdb/citation/3b8a614226a953a8cd9526fca6fe9ba5,2,2,12,PetDB_MORB_ALL.csv,2026-08-11,EXACT_SAMPLE_URL_AND_CITATION
PETDB|CITATION_SHA1|0d4ac449f0c7c1ee,PAPER|PETDB|CITATION_SHA1|0d4ac449f0c7c1ee,PAPER|PETDB|CITATION_SHA1|0d4ac449f0c7c1ee,"Shido, F., Ewing, M., ... Miyashiro, A. (1974). COMPOSITIONAL VARIATION IN PILLOW LAVAS FROM THE MID-ATLANTIC RIDGE. MARINE GEOLOGY, 16, 177-190.",https://www.earthchem.org/petdb/citation/8d3bba7425e7c98c50f52ca1b52d3735,7,7,12,PetDB_MORB_ALL.csv,2026-08-11,EXACT_SAMPLE_URL_AND_CITATION
PETDB|CITATION_SHA1|0d6a4b39bd58c6f8,PAPER|PETDB|CITATION_SHA1|0d6a4b39bd58c6f8,PAPER|PETDB|CITATION_SHA1|0d6a4b39bd58c6f8,"Zolotarev, B. P., Kashinzev, G., ... Artamonov, A. (1995). DATA REPORT: GEOCHEMISTRY OF BASALTS AND GLASSES FROM THE EAST PACIFIC RISE AXIS ZONE AT 9 DEG 30.45 N, LEG 142. PROC ODP, SCI RESULTS, 142, 83-85.",https://www.earthchem.org/petdb/citation/3806734b256c27e41ec2c6bffa26d9e7,1,1,9,PetDB_MORB_ALL.csv,2026-08-11,EXACT_SAMPLE_URL_AND_CITATION
PETDB|CITATION_SHA1|0e2d912f01f4a2a1,PAPER|PETDB|CITATION_SHA1|0e2d912f01f4a2a1,PAPER|PETDB|CITATION_SHA1|0e2d912f01f4a2a1,"Treuil, M., Joron, J., ... Bougault, H. (1983). BASALTS FROM THE EAST PACIFIC RISE: AN EXAMPLE OF TYPICAL OCEANIC CRUST DEPLETED IN HYGROMAGMAPHILE ELEMENTS. INIT REP DSDP, 65, 623-633.",https://www.earthchem.org/petdb/citation/32bb90e8976aab5298d5da10fe66f21d,48,48,203,PetDB_MORB_ALL.csv,2026-08-11,EXACT_SAMPLE_URL_AND_CITATION
PETDB|CITATION_SHA1|0f0547ec4e7e6dd9,PAPER|PETDB|CITATION_SHA1|0f0547ec4e7e6dd9,PAPER|PETDB|CITATION_SHA1|0f0547ec4e7e6dd9,"Rooney, T., Steiner, A., ... Brown, E. (2025). The transition to tectonic control of magmatism in the East African Rift System- the 20 Ma Samburu Event. null, null.",https://www.earthchem.org/petdb/citation/79a3308b13cd31f096d8a4a34f96b66b,35,35,38,PetDB_MORB_ALL.csv,2026-08-11,EXACT_SAMPLE_URL_AND_CITATION
PETDB|CITATION_SHA1|0f5bb956c4799c8a,PAPER|PETDB|CITATION_SHA1|0f5bb956c4799c8a,PAPER|PETDB|CITATION_SHA1|0f5bb956c4799c8a,"Francis, T. J. G., Embley, R. W., ... Jonasson, I. R. (1988). SUBMERSIBLE INVESTIGATION OF AN EXTINCT HYDROTHERMAL SYSTEM ON THE GALAPAGOS RIDGE: SULFIDE MOUND, STOCKWORK ZONE, AND DIFFERENTIATED LAVAS. CAN MINERAL, 26, 517-539.",https://www.earthchem.org/petdb/citation/846c260d715e5b854ffad5f70a516c88,10,10,102,PetDB_MORB_ALL.csv,2026-08-11,EXACT_SAMPLE_URL_AND_CITATION
PETDB|CITATION_SHA1|10b7e4aa36933242,PAPER|PETDB|CITATION_SHA1|10b7e4aa36933242,PAPER|PETDB|CITATION_SHA1|10b7e4aa36933242,"Allan, J. F. (1995). DATA REPORT: TRACE ELEMENT GEOCHEMISTRY OF LEG 142 BASALTS BY INSTRUMENTAL NEUTRON ACTIVATION ANALYSIS. PROC ODP, SCI RESULTS, 142, 87-89.",https://www.earthchem.org/petdb/citation/84d2004bf28a2095230e8e14993d398d,1,1,8,PetDB_MORB_ALL.csv,2026-08-11,EXACT_SAMPLE_URL_AND_CITATION
PETDB|CITATION_SHA1|10cdd61e3ea84454,PAPER|PETDB|CITATION_SHA1|10cdd61e3ea84454,PAPER|PETDB|CITATION_SHA1|10cdd61e3ea84454,"Zhang, H., Yan, Q., ... Wen, Q. (2025). Subducted Carbon From MantlePlume in Mid‐OceanRidge Basalts. Geophysical Research Letters, 2(52)",https://www.earthchem.org/petdb/citation/f5e647292cc4e1064968ca62bebe7e47,8,8,22,PetDB_MORB_ALL.csv,2026-08-11,EXACT_SAMPLE_URL_AND_CITATION
PETDB|CITATION_SHA1|1139bd1186146d88,PAPER|PETDB|CITATION_SHA1|1139bd1186146d88,PAPER|PETDB|CITATION_SHA1|1139bd1186146d88,"Stewart, S., Klein, E. M., ... Karson, J. A. (2002). GEOCHEMISTRY OF DIKES AND LAVAS FROM THE NORTH WALL OF THE HESS DEEP RIFT: INSIGHTS INTO THE FOUR-DIMENSIONAL CHARACTER OF CRUSTAL CONSTRUCTION AT FAST SPREADING MID-OCEAN RIDGES. J GEOPHYS RES, 107(B2), 24.",https://www.earthchem.org/petdb/citation/6a5889bb0190d0211a991f47bb19a777,136,136,318,PetDB_MORB_ALL.csv,2026-08-11,EXACT_SAMPLE_URL_AND_CITATION
PETDB|CITATION_SHA1|11608b37b6683f8e,PAPER|PETDB|CITATION_SHA1|11608b37b6683f8e,PAPER|PETDB|CITATION_SHA1|11608b37b6683f8e,"Le Saout, M., Palgan, D., ... Brix, S. (2023). VARIATIONS IN VOLCANISM AND TECTONICS ALONG THE HOTSPOT‐INFLUENCED REYKJANES RIDGE. GEOCHEMISTRY, GEOPHYSICS, GEOSYSTEMS, 24(4), null.",https://www.earthchem.org/petdb/citation/3ac48664b7886cf4e4ab4aba7e6b6bc9,29,29,29,PetDB_MORB_ALL.csv,2026-08-11,EXACT_SAMPLE_URL_AND_CITATION
PETDB|CITATION_SHA1|127ac4cd03cd65bd,PAPER|PETDB|CITATION_SHA1|127ac4cd03cd65bd,PAPER|PETDB|CITATION_SHA1|127ac4cd03cd65bd,"Lissenberg, C. J., Macleod, C. J., ... Bennett, E. (2019). CONSEQUENCES OF A CRYSTAL MUSH-DOMINATED MAGMA PLUMBING SYSTEM: A MID-OCEAN RIDGE PERSPECTIVE. PHILOSOPHICAL TRANSACTIONS OF THE ROYAL SOCIETY A: MATHEMATICAL, PHYSICAL AND ENGINEERING SCIENCES, 377(2139), 20180014.",https://www.earthchem.org/petdb/citation/22c5a901070d1c2ad33e821d071ae97e,1,1,95,PetDB_MORB_ALL.csv,2026-08-11,EXACT_SAMPLE_URL_AND_CITATION
PETDB|CITATION_SHA1|12e812e901ac6468,PAPER|PETDB|CITATION_SHA1|12e812e901ac6468,PAPER|PETDB|CITATION_SHA1|12e812e901ac6468,"Pollock, M. A., Klein, E. M., ... Coleman, D. S. (2009). COMPOSITIONS OF DIKES AND LAVAS FROM THE PITO DEEP RIFT:  IMPLICATIONS FOR CRUSTAL ACCRETION AT SUPERFAST SPREADING CENTERS. J GEOPHYS RES, 114(B03207)",https://www.earthchem.org/petdb/citation/186a157b2992e7daed3677ce8e9fe40f,174,174,634,PetDB_MORB_ALL.csv,2026-08-11,EXACT_SAMPLE_URL_AND_CITATION
PETDB|CITATION_SHA1|14c77ecbb043356f,PAPER|PETDB|CITATION_SHA1|14c77ecbb043356f,PAPER|PETDB|CITATION_SHA1|14c77ecbb043356f,"Mccully, B. L., Schilling, J., ... Kingsley, R. H. (1992). ND-SR-PB ISOTOPIC VARIATIONS ALONG THE GULF OF ADEN: EVIDENCE FOR AFAR MANTLE PLUME-CONTINENTAL LITHOSPHERE INTERACTION. J GEOPHYS RES, 97, 10927-10966.",https://www.earthchem.org/petdb/citation/e836d813fd184325132fca8edcdfb40e,2,2,108,PetDB_MORB_ALL.csv,2026-08-11,EXACT_SAMPLE_URL_AND_CITATION
PETDB|CITATION_SHA1|1746f250834579fc,PAPER|PETDB|CITATION_SHA1|1746f250834579fc,PAPER|PETDB|CITATION_SHA1|1746f250834579fc,"Haase, K. M. (2002). GEOCHEMICAL CONSTRAINTS ON MAGMA SOURCES AND MIXING PROCESSES IN EASTER MICROPLATE MORB (SE PACIFIC); A CASE STUDY OF PLUME-RIDGE INTERACTION. CHEMICAL GEOLOGY, 182, 335-355.",https://www.earthchem.org/petdb/citation/47a658229eb2368a99f1d032c8848542,5,5,8,PetDB_MORB_ALL.csv,2026-08-11,EXACT_SAMPLE_URL_AND_CITATION
PETDB|CITATION_SHA1|190d6d0e06c32e2c,PAPER|PETDB|CITATION_SHA1|190d6d0e06c32e2c,PAPER|PETDB|CITATION_SHA1|190d6d0e06c32e2c,"Engel, C. G., Fisher, R. L. (1975). GRANITIC TO ULTRAMAFIC ROCK COMPLEXES OF THE INDIAN OCEAN RIDGE SYSTEM, WESTERN INDIAN OCEAN. GEOL SOC AMER BULL, 96, 1553-1578.",https://www.earthchem.org/petdb/citation/46ba9f2a6976570b0353203ec4474217,3,3,36,PetDB_MORB_ALL.csv,2026-08-11,EXACT_SAMPLE_URL_AND_CITATION
PETDB|CITATION_SHA1|190fdef2a8b5c255,PAPER|PETDB|CITATION_SHA1|190fdef2a8b5c255,PAPER|PETDB|CITATION_SHA1|190fdef2a8b5c255,"Karsten, J. L. (1988). SPATIAL AND TEMPORAL VARIATIONS IN THE PETROLOGY, MORPHOLOGY AND TECTONICS OF A MIGRATING SPREADING CENTER: THE ENDEAVOR SEGMENT, JUAN DE FUCA RIDGE. THESIS OR DISSERTATION, DOCTORAL, UNIV WASH; MONOGRAPHIC",https://www.earthchem.org/petdb/citation/7dcd340d84f762eba80aa538b0c527f7,51,51,152,PetDB_MORB_ALL.csv,2026-08-11,EXACT_SAMPLE_URL_AND_CITATION
PETDB|CITATION_SHA1|19ac94f3905490af,PAPER|PETDB|CITATION_SHA1|19ac94f3905490af,PAPER|PETDB|CITATION_SHA1|19ac94f3905490af,"Chase, R. L., Van Wagoner, N. A., ... Allan, J. F. (1995). MIXING OF MAGMAS FROM ENRICHED AND DEPLETED MANTLE SOURCES IN THE NORTHEAST PACIFIC: WEST VALLEY SEGMENT, JUAN DE FUCA RIDGE. CONTRIB MINERAL PETROL, 120, 337-357.",https://www.earthchem.org/petdb/citation/d1fe173d08e959397adf34b1d77e88d7,2,2,7,PetDB_MORB_ALL.csv,2026-08-11,EXACT_SAMPLE_URL_AND_CITATION
PETDB|CITATION_SHA1|19bff0a095303f6d,PAPER|PETDB|CITATION_SHA1|19bff0a095303f6d,PAPER|PETDB|CITATION_SHA1|19bff0a095303f6d,"Blichert-toft, J., Agranier, A., ... Albarede, F. (2005). GEOCHEMICAL SEGMENTATION OF THE MIND-ATLANTIC RIDGE NORTH OF ICELAND AND RIDGE-HOT SPOT INTERACTION IN THE NORTH ATLANTIC. GEOCHEM GEOPHYS GEOSYST, 6(1)",https://www.earthchem.org/petdb/citation/1cecc7a77928ca8133fa24680a88d2f9,6,6,115,PetDB_MORB_ALL.csv,2026-08-11,EXACT_SAMPLE_URL_AND_CITATION
PETDB|CITATION_SHA1|1a72f7cf9745ab80,PAPER|PETDB|CITATION_SHA1|1a72f7cf9745ab80,PAPER|PETDB|CITATION_SHA1|1a72f7cf9745ab80,"Wiseman, J. D. H., Poole, J. H. J. (1937). GEOLOGICAL AND MINERALOGICAL INVESTIGATIONS, 1. BASALTS FROM THE CARLSBERG RIDGE, INDIAN OCEAN. REP JOHN MURRAY EXPED, BRIT. MUS.N.H., 3(1), 1-28.",https://www.earthchem.org/petdb/citation/fa14d4fe2f19414de3ebd9f63d5c0169,1,1,1,PetDB_MORB_ALL.csv,2026-08-11,EXACT_SAMPLE_URL_AND_CITATION
PETDB|CITATION_SHA1|1b02433423c35bd7,PAPER|PETDB|CITATION_SHA1|1b02433423c35bd7,PAPER|PETDB|CITATION_SHA1|1b02433423c35bd7,"Fisher, R. L., Le Roex, A. P., ... Dick, H. J. B. (1989). PETROLOGY AND GEOCHEMISTRY OF MORB FROM 25 DEGREE E TO 46 DEGREE E ALONG THE  SOUTHWEST INDIAN RIDGE: EVIDENCE FOR CONTRASTING STYLES OF MANTLE ENRICHMENT. J PETROL, 30, 947-986.",https://www.earthchem.org/petdb/citation/4e732ced3463d06de0ca9a15b6153677,28,28,85,PetDB_MORB_ALL.csv,2026-08-11,EXACT_SAMPLE_URL_AND_CITATION
PETDB|CITATION_SHA1|1bd3f2f0c22e170e,PAPER|PETDB|CITATION_SHA1|1bd3f2f0c22e170e,PAPER|PETDB|CITATION_SHA1|1bd3f2f0c22e170e,"Hall, L. S., Sinton, J. M. (1996). GEOCHEMICAL DIVERSITY OF THE LARGE LAVA FIELD ON THE FLANK OF THE EAST PACIFIC RISE AT 8 DEGREE 17ÕS. EARTH PLANET SCI LETT, 142, 241-251.",https://www.earthchem.org/petdb/citation/8b16ebc056e613024c057be590b542eb,19,19,19,PetDB_MORB_ALL.csv,2026-08-11,EXACT_SAMPLE_URL_AND_CITATION
PETDB|CITATION_SHA1|1be86d9234418459,PAPER|PETDB|CITATION_SHA1|1be86d9234418459,PAPER|PETDB|CITATION_SHA1|1be86d9234418459,"Zolotarev, B. P., Margolin, E. M. (1983). GEOCHEMISTRY AND RARE-EARTH ELEMENT ABUNDANCES OF BASALTS FROM SITES 482, 483, AND 485 IN THE GULF OF CALIFORNIA. INIT REP DSDP, 65, 579-590.",https://www.earthchem.org/petdb/citation/7fa732b517cbed14a48843d74526c11a,33,33,66,PetDB_MORB_ALL.csv,2026-08-11,EXACT_SAMPLE_URL_AND_CITATION
PETDB|CITATION_SHA1|1d0a94ab81d72e68,PAPER|PETDB|CITATION_SHA1|1d0a94ab81d72e68,PAPER|PETDB|CITATION_SHA1|1d0a94ab81d72e68,"Sinton, C. W., Duncan, R. A., ... Christie, D. M. (1996). GEOCHRONOLOGY OF GALAPAGOS SEAMOUNTS. J GEOPHYS RES, 101, 13689-13700.",https://www.earthchem.org/petdb/citation/3cec07e9ba5f5bb252d13f5f431e4bbb,3,3,19,PetDB_MORB_ALL.csv,2026-08-11,EXACT_SAMPLE_URL_AND_CITATION
PETDB|CITATION_SHA1|1e95d742d3e841db,PAPER|PETDB|CITATION_SHA1|1e95d742d3e841db,PAPER|PETDB|CITATION_SHA1|1e95d742d3e841db,"Aumento, F. (1968). THE MID-ATLANTIC RIDGE NEAR 45 DEGREE N  II. BASALTS FROM THE AREA OF CONFEDERATION PEAK. CAN J EARTH SCI, 5, 1-21.",https://www.earthchem.org/petdb/citation/149e9677a5989fd342ae44213df68868,10,10,97,PetDB_MORB_ALL.csv,2026-08-11,EXACT_SAMPLE_URL_AND_CITATION
PETDB|CITATION_SHA1|1ef5b64d0f00e613,PAPER|PETDB|CITATION_SHA1|1ef5b64d0f00e613,PAPER|PETDB|CITATION_SHA1|1ef5b64d0f00e613,"Staudigel, H., Klein, E. M., ... Langmuir, C. H. (1991). GEOCHEMISTRY OF BASALTS FROM THE SOUTHEAST INDIAN RIDGE, 115 DEGREE E-138 DEGREE E. J GEOPHYS RES, 96, 2089-2107.",https://www.earthchem.org/petdb/citation/f2217062e9a397a1dca429e7d70bc6ca,19,19,51,PetDB_MORB_ALL.csv,2026-08-11,EXACT_SAMPLE_URL_AND_CITATION
PETDB|CITATION_SHA1|1f4e842af851e12e,PAPER|PETDB|CITATION_SHA1|1f4e842af851e12e,PAPER|PETDB|CITATION_SHA1|1f4e842af851e12e,"O'connor, J., Jokat, W., ... Class, C. (2010). SHONA AND DISCOVERY ASEISMIC RIDGE SYSTEMS, SOUTH ATLANTIC: TRACE ELEMENT EVIDENCE FOR ENRICHED MANTLE SOURCES. J PETROL, 51(10), 2089-2120.",https://www.earthchem.org/petdb/citation/0c8ce55163055c4da50a81e0a273468c,9,9,27,PetDB_MORB_ALL.csv,2026-08-11,EXACT_SAMPLE_URL_AND_CITATION
PETDB|CITATION_SHA1|2037ea955295f788,PAPER|PETDB|CITATION_SHA1|2037ea955295f788,PAPER|PETDB|CITATION_SHA1|2037ea955295f788,"Hekinian, R., Hoffert, M. (1975). RATE OF PALAGONITIZATION AND MANGANESE COATING ON BASALTIC ROCKS FROM THE RIFT VALLEY IN THE ATLANTIC OCEAN NEAR 36 DEGREE 50 N. MARINE GEOLOGY, 19, 91-109.",https://www.earthchem.org/petdb/citation/eb6fdc36b281b7d5eabf33396c2683a2,2,2,9,PetDB_MORB_ALL.csv,2026-08-11,EXACT_SAMPLE_URL_AND_CITATION
PETDB|CITATION_SHA1|22196c3eca5b0a17,PAPER|PETDB|CITATION_SHA1|22196c3eca5b0a17,PAPER|PETDB|CITATION_SHA1|22196c3eca5b0a17,"Lundstrom, C. C., Perfit, M. R., ... Sampson, D. E. (1999). INSIGHTS INTO MID-OCEAN RIDGE BASALT PETROGENESIS: U-SERIES DISEQUILIBRIA FROM THE SIQUEIROS TRANSFORM, LAMONT SEAMOUNTS, AND THE EAST PACIFIC RISE. J GEOPHYS RES, 104, 13035-13048.",https://www.earthchem.org/petdb/citation/352407221afb776e3143e8a1a0577885,1,1,9,PetDB_MORB_ALL.csv,2026-08-11,EXACT_SAMPLE_URL_AND_CITATION
PETDB|CITATION_SHA1|22c58ef6969819ad,PAPER|PETDB|CITATION_SHA1|22c58ef6969819ad,PAPER|PETDB|CITATION_SHA1|22c58ef6969819ad,"Flower, M. F. J., O'hearn, T. (1983). AN ELECTRON MICROPROBE STUDY OF BASALT CHEMICAL VARIATION AT DEEP SEA DRILLING PROJECT SITES 482-485, GULF OF CALIFORNIA. INIT REP DSDP, 65, 549-557.",https://www.earthchem.org/petdb/citation/c4015b7f368e6b4871809f49debe0579,9,9,18,PetDB_MORB_ALL.csv,2026-08-11,EXACT_SAMPLE_URL_AND_CITATION
PETDB|CITATION_SHA1|22cc58ddc0a55e6b,PAPER|PETDB|CITATION_SHA1|22cc58ddc0a55e6b,PAPER|PETDB|CITATION_SHA1|22cc58ddc0a55e6b,"Riley, T., Carter, A., ... Bristow, C. (2019). GEOCHRONOLOGY AND GEOCHEMISTRY OF THE NORTHERN SCOTIA SEA: A REVISED INTERPRETATION OF THE NORTH AND WEST SCOTIA RIDGE JUNCTION. EARTH AND PLANETARY SCIENCE LETTERS, 518, 136-147.",https://www.earthchem.org/petdb/citation/9e406957d45fcb6c6f38c2ada7bace91,9,9,30,PetDB_MORB_ALL.csv,2026-08-11,EXACT_SAMPLE_URL_AND_CITATION
PETDB|CITATION_SHA1|2352e3d46cd63189,PAPER|PETDB|CITATION_SHA1|2352e3d46cd63189,PAPER|PETDB|CITATION_SHA1|2352e3d46cd63189,"Johnston, T., White, W. M., ... Zajac, M. (1983). PETROLOGIC AND GEOCHEMICAL VARIATIONS ALONG THE MID-ATLANTIC RIDGE FROM 29 DEGREE N TO 73 DEGREE N. AMERIC J SCI, 283, 510-586.",https://www.earthchem.org/petdb/citation/a1d0c6e83f027327d8461063f4ac58a6,1,1,282,PetDB_MORB_ALL.csv,2026-08-11,EXACT_SAMPLE_URL_AND_CITATION
PETDB|CITATION_SHA1|23b6f7f25fed486f,PAPER|PETDB|CITATION_SHA1|23b6f7f25fed486f,PAPER|PETDB|CITATION_SHA1|23b6f7f25fed486f,"Kelley, K. A., Kingsley, R. H., ... Schilling, J. (2013). COMPOSITION OF PLUME-INFLUENCED MID-OCEAN RIDGE LAVAS AND GLASSES FROM THE MID-ATLANTIC RIDGE, EAST PACIFIC RISE, GALAPAGOS SPREADING CENTER, AND GULF OF ADEN. GEOCHEM GEOPHYS GEOSYST, 14(1), 223-242.",https://www.earthchem.org/petdb/citation/cd4bb35c75ba84b4f39e547b1416fd35,13,13,173,PetDB_MORB_ALL.csv,2026-08-11,EXACT_SAMPLE_URL_AND_CITATION
PETDB|CITATION_SHA1|2783c33000022ff4,PAPER|PETDB|CITATION_SHA1|2783c33000022ff4,PAPER|PETDB|CITATION_SHA1|2783c33000022ff4,"Schilling, J., Le Roex, A. P., ... Le Roux, P. J. (2002). CRYSTALLIZATION PROCESSES BENEATH THE SOUTHERN MID-ATLANTIC RIDGE (40-55 DEG S), EVIDENCE FOR HIGH-PRESSURE INITIATION OF CRYSTALLIZATION. CONTRIB MINERAL PETROL, 142, 582-602.",https://www.earthchem.org/petdb/citation/2cbca44843a864533ec05b321ae1f9d1,30,30,187,PetDB_MORB_ALL.csv,2026-08-11,EXACT_SAMPLE_URL_AND_CITATION
PETDB|CITATION_SHA1|287073cfd64722cf,PAPER|PETDB|CITATION_SHA1|287073cfd64722cf,PAPER|PETDB|CITATION_SHA1|287073cfd64722cf,"Zhou, H., Qian, S., ... Dick, H. J. B. (2025). MECHANISMS OF BIMODAL MAGMATISM GENERATION BENEATH SOUTHWEST INDIAN RIDGE: IMPLICATIONS FOR THE VARIABLE COMPOSITION OF MORBS. JOURNAL OF GEOPHYSICAL RESEARCH: SOLID EARTH, 130(2), null.",https://www.earthchem.org/petdb/citation/1b33d16fc562464579b7199ca3114982,4,4,7,PetDB_MORB_ALL.csv,2026-08-11,EXACT_SAMPLE_URL_AND_CITATION
PETDB|CITATION_SHA1|298f7c2c8f6b2c01,PAPER|PETDB|CITATION_SHA1|298f7c2c8f6b2c01,PAPER|PETDB|CITATION_SHA1|298f7c2c8f6b2c01,"Richter, M., Nebel, O., ... Cawood, P. A. (2020). AN EARLY CRETACEOUS SUBDUCTION-MODIFIED MANTLE UNDERNEATH THE ULTRASLOW SPREADING GAKKEL RIDGE, ARCTIC OCEAN. SCIENCE ADVANCES, 6(44), eabb4340.",https://www.earthchem.org/petdb/citation/8b5c8441a8ff8e151b191c53c1842a38,19,19,42,PetDB_MORB_ALL.csv,2026-08-11,EXACT_SAMPLE_URL_AND_CITATION
PETDB|CITATION_SHA1|2ab1ccc66f903f63,PAPER|PETDB|CITATION_SHA1|2ab1ccc66f903f63,PAPER|PETDB|CITATION_SHA1|2ab1ccc66f903f63,"Yi, S., Oh, C., ... Moon, J. (2014). GEOCHEMISTRY AND PETROGENESIS OF MAFIC-ULTRAMAFIC ROCKS FROM THE CENTRAL INDIAN RIDGE, LATITUDE 8°–17° S: DENUDATION OF MANTLE HARZBURGITES AND GABBROIC ROCKS AND COMPOSITIONAL VARIATION OF BASALTS. INT GEOL REV, 29.",https://www.earthchem.org/petdb/citation/220a7f49d42406598587a66f02584ac3,46,46,169,PetDB_MORB_ALL.csv,2026-08-11,EXACT_SAMPLE_URL_AND_CITATION
PETDB|CITATION_SHA1|2d3965d88734f893,PAPER|PETDB|CITATION_SHA1|2d3965d88734f893,PAPER|PETDB|CITATION_SHA1|2d3965d88734f893,"Langmuir, C. H., Ryan, J. G. (1993). THE SYSTEMATICS OF BORON ABUNDANCES IN YOUNG VOLCANIC ROCKS. GEOCHIM COSMOCHIM ACTA, 57, 1489-1498.",https://www.earthchem.org/petdb/citation/217eedd1ba8c592db97d0dbe54c7adfc,1,1,15,PetDB_MORB_ALL.csv,2026-08-11,EXACT_SAMPLE_URL_AND_CITATION
PETDB|CITATION_SHA1|2dfa489fd8019b04,PAPER|PETDB|CITATION_SHA1|2dfa489fd8019b04,PAPER|PETDB|CITATION_SHA1|2dfa489fd8019b04,"Hekinian, R. (1971). CHEMICAL AND MINERALOGICAL DIFFERENCES BETWEEN ABYSSAL HILL BASALTS AND RIDGE THOLEIITES IN THE EASTERN PACIFIC OCEAN. MARINE GEOLOGY, 11, 77.",https://www.earthchem.org/petdb/citation/8e98d81f8217304975ccb23337bb5761,3,3,3,PetDB_MORB_ALL.csv,2026-08-11,EXACT_SAMPLE_URL_AND_CITATION
PETDB|CITATION_SHA1|2e179d200b17b3fa,PAPER|PETDB|CITATION_SHA1|2e179d200b17b3fa,PAPER|PETDB|CITATION_SHA1|2e179d200b17b3fa,"Ewing, M., Miyashiro, A., ... Shido, F. (1969). DIVERSITY AND ORIGIN OF ABYSSAL THOLEIITE FROM THE MID-ATLANTIC RIDGE NEAR 24 DEGREE  AND 30 DEGREE N LATITUDE. CONTRIB MINERAL PETROL, 23, 38-52.",https://www.earthchem.org/petdb/citation/bd686fd640be98efaae0091fa301e613,18,18,30,PetDB_MORB_ALL.csv,2026-08-11,EXACT_SAMPLE_URL_AND_CITATION
PETDB|CITATION_SHA1|2e2b5f66cfa44f7e,PAPER|PETDB|CITATION_SHA1|2e2b5f66cfa44f7e,PAPER|PETDB|CITATION_SHA1|2e2b5f66cfa44f7e,"Hazra, A., Saha, A., ... Mahender, K. (2025). CRUSTAL RECYCLING AND MANTLE HETEROGENEITY BENEATH THE CENTRAL INDIAN RIDGE, INDIAN OCEAN. DEEP SEA RESEARCH PART I: OCEANOGRAPHIC RESEARCH PAPERS, 104484.",https://www.earthchem.org/petdb/citation/8c53d30ad023ce50140181f713059ddf,25,25,49,PetDB_MORB_ALL.csv,2026-08-11,EXACT_SAMPLE_URL_AND_CITATION
PETDB|CITATION_SHA1|2e2bad4d109d1326,PAPER|PETDB|CITATION_SHA1|2e2bad4d109d1326,PAPER|PETDB|CITATION_SHA1|2e2bad4d109d1326,"Condomines, M., Allegre, C. J., ... Morand, P. (1981). 230TH-238U RADIOACTIVE DISEQUILIBRIA IN THOLEIITES FROM THE FAMOUS ZONE (MID-ATLANTIC RIDGE, 36 DEGREE 50ÕN): TH AND SR ISOTOPIC GEOCHEMISTRY. EARTH PLANET SCI LETT, 55, 247-256.",https://www.earthchem.org/petdb/citation/8eefcfdf5990e441f0fb6f3fad709e21,4,4,41,PetDB_MORB_ALL.csv,2026-08-11,EXACT_SAMPLE_URL_AND_CITATION
PETDB|CITATION_SHA1|2e6330d4a3240f6e,PAPER|PETDB|CITATION_SHA1|2e6330d4a3240f6e,PAPER|PETDB|CITATION_SHA1|2e6330d4a3240f6e,"Erlank, A. J., Reid, A. M., ... Dick, H. J. B. (1982). FERROBASALT FROM THE SPIESS RIDGE SEGMENT OF THE SOUTHWEST INDIAN RIDGE. EARTH PLANET SCI LETT, 60, 437-451.",https://www.earthchem.org/petdb/citation/02e74f10e0327ad868d138f2b4fdd6f0,8,8,20,PetDB_MORB_ALL.csv,2026-08-11,EXACT_SAMPLE_URL_AND_CITATION
PETDB|CITATION_SHA1|2e6b492596f99bb1,PAPER|PETDB|CITATION_SHA1|2e6b492596f99bb1,PAPER|PETDB|CITATION_SHA1|2e6b492596f99bb1,"Michael, P. J., Mcconachy, T. F., ... Chase, R. L. (1990). SULPHIDE DEPOSITS, TECTONICS AND PETROGENESIS OF SOUTHERN EXPLORER RIDGE, NORTHEAST PACIFIC OCEAN. , 710-733.",https://www.earthchem.org/petdb/citation/289dff07669d7a23de0ef88d2f7129e7,1,1,5,PetDB_MORB_ALL.csv,2026-08-11,EXACT_SAMPLE_URL_AND_CITATION
PETDB|CITATION_SHA1|2fac4cd36e77269e,PAPER|PETDB|CITATION_SHA1|2fac4cd36e77269e,PAPER|PETDB|CITATION_SHA1|2fac4cd36e77269e,"Janney, P. E., Le Roex, A. P., ... Carlson, R. L. (2005). HAFNIUM ISOTOPE AND TRACE ELEMENT CONSTRAINTS ON THE NATURE OF MANTLE HETEROGENEITY BENEATH THE CENTRAL SOUTHWEST INDIAN RIDGE. J PETROL, 46(12), 2427-2464.",https://www.earthchem.org/petdb/citation/944bdd9636749a0801c39b6e449dbedc,9,9,91,PetDB_MORB_ALL.csv,2026-08-11,EXACT_SAMPLE_URL_AND_CITATION
PETDB|CITATION_SHA1|31e3a3c8d522e8de,PAPER|PETDB|CITATION_SHA1|31e3a3c8d522e8de,PAPER|PETDB|CITATION_SHA1|31e3a3c8d522e8de,"Todd, E., Gill, J. B., ... Mortimer, N. (2011). HF ISOTOPIC EVIDENCE FOR SMALL-SCALE HETEROGENEITY IN THE MODE OF MANTLE WEDGE ENRICHMENT: SOUTHERN HAVRE TROUGH AND SOUTH FIJI BASIN BACK ARCS. GEOCHEM GEOPHYS GEOSYST, 12(9)",https://www.earthchem.org/petdb/citation/9e984c108157cea74c894b5cf34efc44,1,1,5,PetDB_MORB_ALL.csv,2026-08-11,EXACT_SAMPLE_URL_AND_CITATION
PETDB|CITATION_SHA1|329279883c5fe7a6,PAPER|PETDB|CITATION_SHA1|329279883c5fe7a6,PAPER|PETDB|CITATION_SHA1|329279883c5fe7a6,"Michard, A., Schlich, R., ... Montigny, R. (1986). GEOCHEMISTRY OF THE MANTLE BENEATH THE RODRIGUEZ TRIPLE JUNCTION AND THE SOUTH-EAST INDIAN RIDGE. EARTH PLANET SCI LETT, 78, 104-111.",https://www.earthchem.org/petdb/citation/a8abb4bb284b5b27aa7cb790dc20f80b,1,1,32,PetDB_MORB_ALL.csv,2026-08-11,EXACT_SAMPLE_URL_AND_CITATION
PETDB|CITATION_SHA1|3363180fdbd5f2eb,PAPER|PETDB|CITATION_SHA1|3363180fdbd5f2eb,PAPER|PETDB|CITATION_SHA1|3363180fdbd5f2eb,"Herbrich, A., Hauff, F., ... White, S. M. (2016). A 1.5MA RECORD OF PLUME-RIDGE INTERACTION AT THE WESTERN GALÁPAGOS SPREADING CENTER (91°40'–92°00'W). GEOCHIM COSMOCHIM ACTA, 185, 159.",https://www.earthchem.org/petdb/citation/39ae2ed11b14a4ccb41d35e9d1ba5d11,8,8,83,PetDB_MORB_ALL.csv,2026-08-11,EXACT_SAMPLE_URL_AND_CITATION
PETDB|CITATION_SHA1|3391e74f22e3463c,PAPER|PETDB|CITATION_SHA1|3391e74f22e3463c,PAPER|PETDB|CITATION_SHA1|3391e74f22e3463c,"Sani, C., Sanfilippo, A., ... Stracke, A. (2024). SAMPLING EARTH’S MANTLE AT INTRA-TRANSFORM SPREADING RIDGES. GEOCHIMICA ET COSMOCHIMICA ACTA, 374, 156-172.",https://www.earthchem.org/petdb/citation/fcfe9c770eb9372e6961a17f7eaffd5f,60,60,161,PetDB_MORB_ALL.csv,2026-08-11,EXACT_SAMPLE_URL_AND_CITATION
PETDB|CITATION_SHA1|3429270165848020,PAPER|PETDB|CITATION_SHA1|3429270165848020,PAPER|PETDB|CITATION_SHA1|3429270165848020,"White, W. M. (1979). GEOCHEMISTRY OF BASALTS FROM THE FAMOUS AREA: A RE-EXAMINATION. CARN INST, DTM, YEARBOOK, 325-331.",https://www.earthchem.org/petdb/citation/7eabe3a1649ffa2b3ff8c02ebfd5659f,2,2,16,PetDB_MORB_ALL.csv,2026-08-11,EXACT_SAMPLE_URL_AND_CITATION
PETDB|CITATION_SHA1|34437ab522901f3d,PAPER|PETDB|CITATION_SHA1|34437ab522901f3d,PAPER|PETDB|CITATION_SHA1|34437ab522901f3d,"Cann, J. R. (1970). PETROLOGY OF BASALTS DREDGED FROM THE GULF OF ADEN. DEEP SEA RESEARCH, 17, 477-482.",https://www.earthchem.org/petdb/citation/298f95e1bf9136124592c8d4825a06fc,2,2,4,PetDB_MORB_ALL.csv,2026-08-11,EXACT_SAMPLE_URL_AND_CITATION
PETDB|CITATION_SHA1|3476e560b378121f,PAPER|PETDB|CITATION_SHA1|3476e560b378121f,PAPER|PETDB|CITATION_SHA1|3476e560b378121f,"Frey, F. A., Shibata, T., ... Thompson, G. (1979). THOLEIITIC AND ALKALI BASALTS FROM THE MID-ATLANTIC RIDGE AT 43 DEGREE N. CONTRIB MINERAL PETROL, 70, 127-141.",https://www.earthchem.org/petdb/citation/73278a4a86960eeb576a8fd4c9ec6997,10,10,44,PetDB_MORB_ALL.csv,2026-08-11,EXACT_SAMPLE_URL_AND_CITATION
PETDB|CITATION_SHA1|34bbb3b6f8a8e2e1,PAPER|PETDB|CITATION_SHA1|34bbb3b6f8a8e2e1,PAPER|PETDB|CITATION_SHA1|34bbb3b6f8a8e2e1,"Humler, E., Al'mukhamedov, A., ... Juteau, T. (1989). PETROLOGY AND GEOCHEMISTRY OF BASALTS FROM THE RED SEA AXIAL RIFT AT 18 DEGREE N. J PETROL, 30, 791-839.",https://www.earthchem.org/petdb/citation/e0c641195b27425bb056ac56f8953d24,32,32,109,PetDB_MORB_ALL.csv,2026-08-11,EXACT_SAMPLE_URL_AND_CITATION
PETDB|CITATION_SHA1|377e9627c06cbc5a,PAPER|PETDB|CITATION_SHA1|377e9627c06cbc5a,PAPER|PETDB|CITATION_SHA1|377e9627c06cbc5a,"Niu, Y., Bideau, R. D., ... Batiza, R. (2001). MANTLE COMPOSITIONAL CONTROL ON THE EXTENT OF MANTLE MELTING, CRUST PRODUCTION, GRAVITY ANOMALY, RIDGE MORPHOLOGY, AND RIDGE SEGMENTATION: A CASE STUDY AT THE MID-ATLANTIC RIDGE 3-35 DEG N. EARTH PLANET SCI LETT, 186, 383-399.",https://www.earthchem.org/petdb/citation/dd77279f7d325eec933f05b1672f6a1f,25,25,93,PetDB_MORB_ALL.csv,2026-08-11,EXACT_SAMPLE_URL_AND_CITATION
PETDB|CITATION_SHA1|3886c2a6eb6ed3fe,PAPER|PETDB|CITATION_SHA1|3886c2a6eb6ed3fe,PAPER|PETDB|CITATION_SHA1|3886c2a6eb6ed3fe,"Krolikowska-ciaglo, S., Deyhle, A. T., ... Hoernle, K. (2007). BORON ISOTOPE GEOCHEMISTRY AND U-Pb SYSTEMATICS OF ALTERED MORB FROM THE AUSTRALIAN ANTARCTIC DISCORDANCE (ODP LEG 187). CHEMICAL GEOLOGY, 242, 455-469.",https://www.earthchem.org/petdb/citation/86e8f7ab32cfd12577bc2619bc635690,4,4,54,PetDB_MORB_ALL.csv,2026-08-11,EXACT_SAMPLE_URL_AND_CITATION
PETDB|CITATION_SHA1|3906913210f606fd,PAPER|PETDB|CITATION_SHA1|3906913210f606fd,PAPER|PETDB|CITATION_SHA1|3906913210f606fd,"Ridley, W. I., Jonasson, I. R., ... Perfit, M. R. (1994). HYDROTHERMAL ALTERATION IN OCEANIC RIDGE VOLCANIS: A DETAILED STUDY AT THE GALAPAGOS FOSSIL HYDROTHERMAL FIELD. GEOCHIM COSMOCHIM ACTA, 58(11), 2477-2494.",https://www.earthchem.org/petdb/citation/2ca65f58e35d9ad45bf7f3ae5cfd08f1,8,8,113,PetDB_MORB_ALL.csv,2026-08-11,EXACT_SAMPLE_URL_AND_CITATION
PETDB|CITATION_SHA1|3b4d83fa2bea8331,PAPER|PETDB|CITATION_SHA1|3b4d83fa2bea8331,PAPER|PETDB|CITATION_SHA1|3b4d83fa2bea8331,"Dreyer, B., Clague, D. A., ... Gill, J. B. (2013). PETROLOGICAL VARIABILITY OF RECENT MAGMATISM AT AXIAL SEAMOUNT, JUAN DE FUCA RIDGE. GEOCHEM GEOPHYS GEOSYST, 14(10), 4306-4333.",https://www.earthchem.org/petdb/citation/47810f956e3d8fb8a32fb276448b464d,7,7,14,PetDB_MORB_ALL.csv,2026-08-11,EXACT_SAMPLE_URL_AND_CITATION
PETDB|CITATION_SHA1|40a7f8d4b29ae4c9,PAPER|PETDB|CITATION_SHA1|40a7f8d4b29ae4c9,PAPER|PETDB|CITATION_SHA1|40a7f8d4b29ae4c9,"Styles, P., Bloxam, T. W., ... O'reilly, W. (1993). A DETAILED GEOCHEMICAL AND ROCK MAGNETIC STUDY OF DREDGED BASALT FROM THE SHEBA RIDGE, GULF OF ADEN. MARINE GEOPHYS RES, 15, 101-119.",https://www.earthchem.org/petdb/citation/aace49c7d80767cffec0e513ae886df0,7,7,7,PetDB_MORB_ALL.csv,2026-08-11,EXACT_SAMPLE_URL_AND_CITATION
PETDB|CITATION_SHA1|4137ab9bdfe80d30,PAPER|PETDB|CITATION_SHA1|4137ab9bdfe80d30,PAPER|PETDB|CITATION_SHA1|4137ab9bdfe80d30,"Yonover, R. N. (1989). PETROLOGICAL EFFECTS OF RIFT FAILURE AT THE GALAPAGOS SPREADING CENTER NEAR 95.5 DEGREE W. INCLUDING ANALYSES OF GLASS INCLUSIONS BY LASER MASS SPECTROMETRY AND ION MICROPROBE. THESIS OR DISSERTATION, DOCTORAL, UNIV HAWAII; MONOGRAPHIC",https://www.earthchem.org/petdb/citation/389bc7bb1e1c2a5e7e147703232a88f6,5,5,79,PetDB_MORB_ALL.csv,2026-08-11,EXACT_SAMPLE_URL_AND_CITATION
PETDB|CITATION_SHA1|414d7a1f7d672d4d,PAPER|PETDB|CITATION_SHA1|414d7a1f7d672d4d,PAPER|PETDB|CITATION_SHA1|414d7a1f7d672d4d,"Perfit, M. R., Jonasson, I. R., ... Ridley, W. I. (1998). GEOLOGIC, PETROLOGIC AND GEOCHEMICAL RELATIONSHIPS BETWEEN MAGMATISM AND MASSIVE SULFIDE MINERALIZATION ALONG THE EASTERN GALAPAGOS SPREADING CENTER. REVIEWS ECON GEOL, 100.",https://www.earthchem.org/petdb/citation/d58072be2820e8682c0a27c0518e805e,27,27,152,PetDB_MORB_ALL.csv,2026-08-11,EXACT_SAMPLE_URL_AND_CITATION
PETDB|CITATION_SHA1|414e034c448c57c4,PAPER|PETDB|CITATION_SHA1|414e034c448c57c4,PAPER|PETDB|CITATION_SHA1|414e034c448c57c4,"Rotella, M., Sinton, J. M., ... Chazey Iii, W. (2009). GEOCHEMICAL EVIDENCE FOR LOW MAGMA SUPPLY AND INACTIVE PROPAGATION AT THE GALAPAGOS 93.25 DEG W OVERLAPPING SPREADING CENTER. GEOCHEM GEOPHYS GEOSYST, 10",https://www.earthchem.org/petdb/citation/7895fc13088ee37f511913bac71fa66f,19,19,42,PetDB_MORB_ALL.csv,2026-08-11,EXACT_SAMPLE_URL_AND_CITATION
PETDB|CITATION_SHA1|41eb0e8d2e90a994,PAPER|PETDB|CITATION_SHA1|41eb0e8d2e90a994,PAPER|PETDB|CITATION_SHA1|41eb0e8d2e90a994,"Humphris, S. E., Thompson, G., ... Bryan, W. B. (1990). MORPHOLOGY, GEOCHEMISTRY, AND EVOLUTION OF SEROCKI VOLCANO. PROC ODP, SCI RESULTS, 106/109, 67-84.",https://www.earthchem.org/petdb/citation/2bcab9d935d219641434683dd9d18a03,52,52,101,PetDB_MORB_ALL.csv,2026-08-11,EXACT_SAMPLE_URL_AND_CITATION
PETDB|CITATION_SHA1|41f0a94eccae9af3,PAPER|PETDB|CITATION_SHA1|41f0a94eccae9af3,PAPER|PETDB|CITATION_SHA1|41f0a94eccae9af3,"Joron, J., Treuil, M., ... Cambon, P. (1979). EVIDENCE FOR VARIABILITY OF MAGMATIC PROCESSES AND UPPER MANTLE HETEROGENEITY IN THE AXIAL REGION OF THE MID-ATLANTIC RIDGE NEAR 22 DEGREE  AND 36 DEGREE N. TECTONOPHYSICS, 55, 11-34.",https://www.earthchem.org/petdb/citation/5737c6ec2e0716f3d8a7a5c4e0de0d9a,10,10,88,PetDB_MORB_ALL.csv,2026-08-11,EXACT_SAMPLE_URL_AND_CITATION
PETDB|CITATION_SHA1|4268864b275f73e8,PAPER|PETDB|CITATION_SHA1|4268864b275f73e8,PAPER|PETDB|CITATION_SHA1|4268864b275f73e8,"Joron, J., Dosso, L., ... Bougault, H. (1993). GEOCHEMICAL MORPHOLOGY OF THE NORTH MID-ATLANTIC RIDGE, 10 DEGREE -24 DEGREE N: TRACE ELEMENT - ISOTOPE COMPLEMENTARITY. EARTH PLANET SCI LETT, 120, 443-462.",https://www.earthchem.org/petdb/citation/2838023a778dfaecdc212708f721b788,52,52,371,PetDB_MORB_ALL.csv,2026-08-11,EXACT_SAMPLE_URL_AND_CITATION
PETDB|CITATION_SHA1|434f93331eda8d68,PAPER|PETDB|CITATION_SHA1|434f93331eda8d68,PAPER|PETDB|CITATION_SHA1|434f93331eda8d68,"Ray, D., Misra, S., ... Banerjee, R. (2013). GEOCHEMICAL VARIABILITY OF MORBS ALONG SLOW TO INTERMEDIATE SPREADING CARLSBERG-CENTRAL INDIAN RIDGE, INDIAN OCEAN. J ASIAN EARTH SCI, 70-71, 125-141.",https://www.earthchem.org/petdb/citation/6cd9313ed34ef58bad3fdd504355e72c,19,19,38,PetDB_MORB_ALL.csv,2026-08-11,EXACT_SAMPLE_URL_AND_CITATION
PETDB|CITATION_SHA1|45ad50bb48197cf3,PAPER|PETDB|CITATION_SHA1|45ad50bb48197cf3,PAPER|PETDB|CITATION_SHA1|45ad50bb48197cf3,"Batiza, R., Vanko, D. A. (1984). PETROLOGY OF YOUNG PACIFIC SEAMOUNTS. J GEOPHYS RES, 89, 11235-11260.",https://www.earthchem.org/petdb/citation/eb163727917cbba1eea208541a643e74,2,2,11,PetDB_MORB_ALL.csv,2026-08-11,EXACT_SAMPLE_URL_AND_CITATION
PETDB|CITATION_SHA1|45e7c08b7911d411,PAPER|PETDB|CITATION_SHA1|45e7c08b7911d411,PAPER|PETDB|CITATION_SHA1|45e7c08b7911d411,"Yang Yang, A., Zhao, T., ... Wang, G. (2013). Os ISOTOPIC COMPOSITIONS OF MORBS FROM THE ULTRA-SLOW SPREADING SOUTHWEST INDIAN RIDGE. LITHOS, 179, 28-35.",https://www.earthchem.org/petdb/citation/98e6f17209029f4ae6dc9d88ec8eac2c,1,1,6,PetDB_MORB_ALL.csv,2026-08-11,EXACT_SAMPLE_URL_AND_CITATION
PETDB|CITATION_SHA1|46132b2a490e09be,PAPER|PETDB|CITATION_SHA1|46132b2a490e09be,PAPER|PETDB|CITATION_SHA1|46132b2a490e09be,"Sharaskin, A. Y., Sun, S. S., ... Nesbitt, R. W. (1979). GEOCHEMICAL CHARACTERISTICS OF MID-OCEAN RIDGE BASALTS. EARTH PLANET SCI LETT, 44, 119-138.",https://www.earthchem.org/petdb/citation/5ef059938ba799aaa845e1c2e8a762bd,9,9,46,PetDB_MORB_ALL.csv,2026-08-11,EXACT_SAMPLE_URL_AND_CITATION
PETDB|CITATION_SHA1|4635a8dff0fdbdfb,PAPER|PETDB|CITATION_SHA1|4635a8dff0fdbdfb,PAPER|PETDB|CITATION_SHA1|4635a8dff0fdbdfb,"Lissner, M., Koenig, S., ... Le Roex, A. P. (2014). SELENIUM AND TELLURIUM SYSTEMATICS IN MORBS FROM THE SOUTHERN MID-ATLANTIC RIDGE (47–50°S). GEOCHIM COSMOCHIM ACTA, 144, 402.",https://www.earthchem.org/petdb/citation/ab452534c5ce28c4fbb0e102d4a4fb2e,20,20,132,PetDB_MORB_ALL.csv,2026-08-11,EXACT_SAMPLE_URL_AND_CITATION
PETDB|CITATION_SHA1|470547a8f93c8c16,PAPER|PETDB|CITATION_SHA1|470547a8f93c8c16,PAPER|PETDB|CITATION_SHA1|470547a8f93c8c16,"Frey, F. A., Erlank, A. J., ... Dick, H. J. B. (1985). PETROLOGY AND GEOCHEMISTRY OF BASALTS FROM THE AMERICAN-ANTARCTIC RIDGE, SOUTHERN OCEAN: IMPLICATIONS FOR THE WESTWARD INFLUENCE OF THE BOUVET MANTLE PLUME. CONTRIB MINERAL PETROL, 90, 367-380.",https://www.earthchem.org/petdb/citation/96da2f590cd7246bbde0051047b0d6f7,18,18,27,PetDB_MORB_ALL.csv,2026-08-11,EXACT_SAMPLE_URL_AND_CITATION
PETDB|CITATION_SHA1|47e26e1d10ded04e,PAPER|PETDB|CITATION_SHA1|47e26e1d10ded04e,PAPER|PETDB|CITATION_SHA1|47e26e1d10ded04e,"Zhang, W., Zeng, Z., ... Yin, X. (2018). GEOCHEMICAL CONSTRAINS ON MORB COMPOSITION AND MAGMA SOURCES AT EAST PACIFIC RISE BETWEEN 1°S AND 2°S. JOURNAL OF OCEAN UNIVERSITY OF CHINA, 17(2), 304.",https://www.earthchem.org/petdb/citation/ddcbe25988981920c872c1787382f04d,9,9,29,PetDB_MORB_ALL.csv,2026-08-11,EXACT_SAMPLE_URL_AND_CITATION
PETDB|CITATION_SHA1|49b66da5c6dd4942,PAPER|PETDB|CITATION_SHA1|49b66da5c6dd4942,PAPER|PETDB|CITATION_SHA1|49b66da5c6dd4942,"Needham, H. D., Le Roex, A. P., ... Erlank, A. J. (1981). GEOCHEMICAL AND MINERALOGICAL EVIDENCE FOR THE OCCURENCE OF AT LEAST THREE DISTINCT MAGMA TYPES IN THE FAMOUS REGION. CONTRIB MINERAL PETROL, 77, 24-37.",https://www.earthchem.org/petdb/citation/9dcb88e0137649590b755372b040afad,13,13,68,PetDB_MORB_ALL.csv,2026-08-11,EXACT_SAMPLE_URL_AND_CITATION
PETDB|CITATION_SHA1|4ad94766889bf84e,PAPER|PETDB|CITATION_SHA1|4ad94766889bf84e,PAPER|PETDB|CITATION_SHA1|4ad94766889bf84e,"Paster, T. P. (1968). PETROLOGIC VARIATIONS WITHIN SUBMARINE BASALT PILLOWS OF THE SOUTH PACIFIC-ANTARCTIC OCEAN. THESIS OR DISSERTATION, DOCTORAL, FLORIDA STATE UNIV; MONOGRAPHIC",https://www.earthchem.org/petdb/citation/061412e4a03c02f9902576ec55ebbe77,4,4,4,PetDB_MORB_ALL.csv,2026-08-11,EXACT_SAMPLE_URL_AND_CITATION
PETDB|CITATION_SHA1|4c07720a89af3f81,PAPER|PETDB|CITATION_SHA1|4c07720a89af3f81,PAPER|PETDB|CITATION_SHA1|4c07720a89af3f81,"Treuil, M., Loubet, M., ... Di Donato, G. (1990). GEOCHEMISTRY OF ZERO-AGE N-MORB FROM HOLE 648B, ODP LEGS 106-109, MAR, 22 DEG N. PROC ODP, SCI RESULTS, 106/109, 57-65.",https://www.earthchem.org/petdb/citation/7cce53cf90577442771720a370c3c723,6,6,41,PetDB_MORB_ALL.csv,2026-08-11,EXACT_SAMPLE_URL_AND_CITATION
PETDB|CITATION_SHA1|4c3ad30f49dd244d,PAPER|PETDB|CITATION_SHA1|4c3ad30f49dd244d,PAPER|PETDB|CITATION_SHA1|4c3ad30f49dd244d,"Hao, H., Campbell, I., ... Perfit, M. R. (2021). USING PRECIOUS METAL PROBES TO QUANTIFY MID-OCEAN RIDGE MAGMATIC PROCESSES. EARTH AND PLANETARY SCIENCE LETTERS, 553, 116603.",https://www.earthchem.org/petdb/citation/9f60ab2b55468f104055b16df8f69e81,6,6,21,PetDB_MORB_ALL.csv,2026-08-11,EXACT_SAMPLE_URL_AND_CITATION
PETDB|CITATION_SHA1|4d21f41e7a6872f9,PAPER|PETDB|CITATION_SHA1|4d21f41e7a6872f9,PAPER|PETDB|CITATION_SHA1|4d21f41e7a6872f9,"Meyzen, C. M., Blichert-toft, J., ... Albarede, F. (2007). ISOTOPIC PORTRAYAL OF THE EARTHS UPPER MANTLE FLOW FIELD. NATURE, 447, 1069-1074.",https://www.earthchem.org/petdb/citation/fb508ef074ee78a0e58c68be06d8a2eb,2,2,26,PetDB_MORB_ALL.csv,2026-08-11,EXACT_SAMPLE_URL_AND_CITATION
PETDB|CITATION_SHA1|4dc15beae2c5e4f9,PAPER|PETDB|CITATION_SHA1|4dc15beae2c5e4f9,PAPER|PETDB|CITATION_SHA1|4dc15beae2c5e4f9,"Gao, Y., Vils, F., ... Muehlenbachs, K. (2012). DOWNHOLE VARIATION OF LITHIUM AND OXYGEN ISOTOPIC COMPOSITIONS OF OCEANIC CRUST AT EAST PACIFIC RISE, ODP SITE 1256. GEOCHEM GEOPHYS GEOSYST, 13(10), 1-24.",https://www.earthchem.org/petdb/citation/e0a209539d1e74ab9fe46b9e01a19a97,12,12,358,PetDB_MORB_ALL.csv,2026-08-11,EXACT_SAMPLE_URL_AND_CITATION
PETDB|CITATION_SHA1|4e7c7e0f5ff5b05f,PAPER|PETDB|CITATION_SHA1|4e7c7e0f5ff5b05f,PAPER|PETDB|CITATION_SHA1|4e7c7e0f5ff5b05f,"Melson, W. G., Thompson, G. (1971). PETROLOGY OF A TRANSFORM FAULT ZONE AND ADJACENT RIDGE SEGMENT. PHIL TRANS R SOC LOND, 268, 423-441.",https://www.earthchem.org/petdb/citation/2291d2ec3b3048d1a6f86c2c4591b7e0,1,1,2,PetDB_MORB_ALL.csv,2026-08-11,EXACT_SAMPLE_URL_AND_CITATION
PETDB|CITATION_SHA1|4eec9536d51f9b1e,PAPER|PETDB|CITATION_SHA1|4eec9536d51f9b1e,PAPER|PETDB|CITATION_SHA1|4eec9536d51f9b1e,"Hamelin, C., Hanan, B. B., ... Ondreas, H. (2010). Sr-Nd-Hf ISOTOPES ALONG THE PACIFIC ANTARCTIC RIDGE FROM 41 TO 53 DEG S. GEOPHYS RES LETT, 37",https://www.earthchem.org/petdb/citation/1abb1e1ea5f481b589da52303b091cbb,22,22,148,PetDB_MORB_ALL.csv,2026-08-11,EXACT_SAMPLE_URL_AND_CITATION
PETDB|CITATION_SHA1|4febc7652a9a0ad6,PAPER|PETDB|CITATION_SHA1|4febc7652a9a0ad6,PAPER|PETDB|CITATION_SHA1|4febc7652a9a0ad6,"Chen, Z., Teng, F., ... Zeng, Z. (2025). Molybdenum isotope evidence for subduction-modified mantle beneath mid-ocean ridges. EPSL, 658, null.",https://www.earthchem.org/petdb/citation/50d2d2262762648589b1943078712aa6,10,10,17,PetDB_MORB_ALL.csv,2026-08-11,EXACT_SAMPLE_URL_AND_CITATION
PETDB|CITATION_SHA1|5141fede92173522,PAPER|PETDB|CITATION_SHA1|5141fede92173522,PAPER|PETDB|CITATION_SHA1|5141fede92173522,"Vincent, C., Revillon, S., ... Oh, J. (2024). MORB geochemistry from the Central Indian Ridge segments between 8°S and 12°S. null, null.",https://www.earthchem.org/petdb/citation/549406198764950208345d143aa67c7d,4,4,8,PetDB_MORB_ALL.csv,2026-08-11,EXACT_SAMPLE_URL_AND_CITATION
PETDB|CITATION_SHA1|51b2bee44c4eb239,PAPER|PETDB|CITATION_SHA1|51b2bee44c4eb239,PAPER|PETDB|CITATION_SHA1|51b2bee44c4eb239,"Vlastelic, I., Dosso, L., ... Aslanian, D. (1999). LARGE-SCALE CHEMICAL AND THERMAL DIVISION OF THE PACIFIC MANTLE. NATURE, 399, 345-350.",https://www.earthchem.org/petdb/citation/670e8a43b246801ca1eaca97b3e19189,2,2,23,PetDB_MORB_ALL.csv,2026-08-11,EXACT_SAMPLE_URL_AND_CITATION
PETDB|CITATION_SHA1|524fcdbc14866aff,PAPER|PETDB|CITATION_SHA1|524fcdbc14866aff,PAPER|PETDB|CITATION_SHA1|524fcdbc14866aff,"Chernysheva, V. I., Bezrukov, P. L. (1966). SERPENTINITES FROM THE CREST OF THE ARABIAN-INDIAN (CARLSBERG) RIDGE. DOKL AKAD NAUK SSSR, 166, 961-964.",https://www.earthchem.org/petdb/citation/df877f3865752637daa540ea9cbc474f,1,1,1,PetDB_MORB_ALL.csv,2026-08-11,EXACT_SAMPLE_URL_AND_CITATION
PETDB|CITATION_SHA1|535d7cfb6abe08e4,PAPER|PETDB|CITATION_SHA1|535d7cfb6abe08e4,PAPER|PETDB|CITATION_SHA1|535d7cfb6abe08e4,"Saunders, A. D., Joron, J., ... Fornari, D. J. (1982). GEOCHEMISTRY OF BASIC IGNEOUS ROCKS, GULF OF CALIFORNIA, DEEP SEA DRILLING PROJECT LEG 64. INIT REP DSDP, 64, 595-642.",https://www.earthchem.org/petdb/citation/b7892fb3c2f009c65f686f6355c895b5,13,13,39,PetDB_MORB_ALL.csv,2026-08-11,EXACT_SAMPLE_URL_AND_CITATION
PETDB|CITATION_SHA1|55495187c0760b7b,PAPER|PETDB|CITATION_SHA1|55495187c0760b7b,PAPER|PETDB|CITATION_SHA1|55495187c0760b7b,"Bezrukov, P. L., Chernysheva, V. I., ... Krylov, A. Y. (1966). PETROGRAPHY AND ABSOLUTE AGE OF BASALTS FROM THE INDIAN OCEAN. OKEANOLOGIYA, 6, 261-266.",https://www.earthchem.org/petdb/citation/d64a340bcb633f536d56e51874281454,1,1,2,PetDB_MORB_ALL.csv,2026-08-11,EXACT_SAMPLE_URL_AND_CITATION
PETDB|CITATION_SHA1|554acb38be8b3a7a,PAPER|PETDB|CITATION_SHA1|554acb38be8b3a7a,PAPER|PETDB|CITATION_SHA1|554acb38be8b3a7a,"Gass, I. G., Cox, K. G., ... Mallick, I. J. (1973). VOLCANIC ISLANDS OF THE RED SEA. J GEOL SOC LONDON, 129, 275-310.",https://www.earthchem.org/petdb/citation/f2201f5191c4e92cc5af043eebfd0946,27,27,51,PetDB_MORB_ALL.csv,2026-08-11,EXACT_SAMPLE_URL_AND_CITATION
PETDB|CITATION_SHA1|58ceb9446db4b744,PAPER|PETDB|CITATION_SHA1|58ceb9446db4b744,PAPER|PETDB|CITATION_SHA1|58ceb9446db4b744,"Perinelli, C., Gaeta, M., ... Armienti, P. (2017). CUMULATE XENOLITHS FROM MT. OVERLORD, NORTHERN VICTORIA LAND, ANTARCTICA: A WINDOW INTO HIGH PRESSURE STORAGE AND DIFFERENTIATION OF MANTLE-DERIVED BASALTS. LITHOS, 268-271, 239.",https://www.earthchem.org/petdb/citation/fd8c07a31f8a85910ad8476f5f7efb27,1,1,1,PetDB_MORB_ALL.csv,2026-08-11,EXACT_SAMPLE_URL_AND_CITATION
PETDB|CITATION_SHA1|5911e643249062dc,PAPER|PETDB|CITATION_SHA1|5911e643249062dc,PAPER|PETDB|CITATION_SHA1|5911e643249062dc,"Schilling, J. (1975). AZORES MANTLE BLOB: RARE-EARTH EVIDENCE. EARTH PLANET SCI LETT, 25, 103-115.",https://www.earthchem.org/petdb/citation/89f0fd5c927d466d6ec9a21b9ac34ffa,1,1,44,PetDB_MORB_ALL.csv,2026-08-11,EXACT_SAMPLE_URL_AND_CITATION
PETDB|CITATION_SHA1|5b0370d9da5e13be,PAPER|PETDB|CITATION_SHA1|5b0370d9da5e13be,PAPER|PETDB|CITATION_SHA1|5b0370d9da5e13be,"Engel, C. G., Engel, A. E. J., ... Fisher, R. L. (1965). IGNEOUS ROCKS OF THE INDIAN OCEAN FLOOR. SCIENCE, 150, 605-610.",https://www.earthchem.org/petdb/citation/33e8075e9970de0cfea955afd4644bb2,6,6,8,PetDB_MORB_ALL.csv,2026-08-11,EXACT_SAMPLE_URL_AND_CITATION
PETDB|CITATION_SHA1|5c628296823b87d2,PAPER|PETDB|CITATION_SHA1|5c628296823b87d2,PAPER|PETDB|CITATION_SHA1|5c628296823b87d2,"Waggoner, D. G. (1989). AN ISOTOPIC AND TRACE ELEMENT STUDY OF MANTLE HETEROGENEITY BENEATH THE NORWEGIAN-GREENLAND SEA. THESIS OR DISSERTATION, DOCTORAL, URI; MONOGRAPHIC",https://www.earthchem.org/petdb/citation/17d63b1625c816c22647a73e1482372b,7,7,77,PetDB_MORB_ALL.csv,2026-08-11,EXACT_SAMPLE_URL_AND_CITATION
PETDB|CITATION_SHA1|5cd24a591a90e414,PAPER|PETDB|CITATION_SHA1|5cd24a591a90e414,PAPER|PETDB|CITATION_SHA1|5cd24a591a90e414,"Thirlwall, M. F., Murton, B. J., ... Taylor, R. N. (2002). PLUME-RIDGE INTERACTION: A GEOCHEMICAL PERSPECTIVE FROM THE REYKJANES RIDGE. J PETROL, 43, 1987-2012.",https://www.earthchem.org/petdb/citation/a7d8ae4569120b5bec12e7b6e9648b86,195,195,956,PetDB_MORB_ALL.csv,2026-08-11,EXACT_SAMPLE_URL_AND_CITATION
PETDB|CITATION_SHA1|5cd3f87ed91cebe8,PAPER|PETDB|CITATION_SHA1|5cd3f87ed91cebe8,PAPER|PETDB|CITATION_SHA1|5cd3f87ed91cebe8,"Colman, A., Sinton, J. M., ... Wanless, V. D. (2015). CONSTRAINTS FROM MELT INCLUSIONS ON DEPTHS OF MAGMA RESIDENCE AT INTERMEDIATE MAGMA SUPPLY ALONG THE GALÁPAGOS SPREADING CENTER. EARTH PLANET SCI LETT, 412, 131.",https://www.earthchem.org/petdb/citation/64a08e5f1e6c39faeb90108c430eb120,15,15,15,PetDB_MORB_ALL.csv,2026-08-11,EXACT_SAMPLE_URL_AND_CITATION
PETDB|CITATION_SHA1|5d39fa0661b49549,PAPER|PETDB|CITATION_SHA1|5d39fa0661b49549,PAPER|PETDB|CITATION_SHA1|5d39fa0661b49549,"Taylor, R. N., Murton, B. J., ... Hilton, D. R. (2000). CONTROLS ON MAGMATIC DEGASSING ALONG THE REYKJANES RIDGE WITH IMPLICATIONS FOR THE HELIUM PARADOX. EARTH PLANET SCI LETT, 183, 43-50.",https://www.earthchem.org/petdb/citation/a5e0ff62be0b08456fc7f1e88812af3d,3,3,28,PetDB_MORB_ALL.csv,2026-08-11,EXACT_SAMPLE_URL_AND_CITATION
PETDB|CITATION_SHA1|5f02cfaaa2a7f4c2,PAPER|PETDB|CITATION_SHA1|5f02cfaaa2a7f4c2,PAPER|PETDB|CITATION_SHA1|5f02cfaaa2a7f4c2,"Flower, M. F. J., Schmincke, H. U., ... Pritchard, R. G. (1983). GEOCHEMISTRY OF BASALTS: DEEP SEA DRILLING PROJECT SITES 482, 483, AND 485 NEAR THE TAMAYO FRACTURE ZONE, GULF OF CALIFORNIA. INIT REP DSDP, 65, 559-578.",https://www.earthchem.org/petdb/citation/bea5955b308361a1b07bc55042e25e54,69,69,142,PetDB_MORB_ALL.csv,2026-08-11,EXACT_SAMPLE_URL_AND_CITATION
PETDB|CITATION_SHA1|5f03c5a704db012e,PAPER|PETDB|CITATION_SHA1|5f03c5a704db012e,PAPER|PETDB|CITATION_SHA1|5f03c5a704db012e,"Joron, J., Vlastelic, I., ... Dosso, L. (2000). CHEMICAL SYSTEMATICS OF AN INTERMEDIATE SPREADING RIDGE: THE PACIFIC-ANTARCTIC RIDGE BETWEEN 56 DEG S AND 66 DEG S. J GEOPHYS RES, 105, 2915-2936.",https://www.earthchem.org/petdb/citation/e205ee2a5de471a70c1fd1b46033a75f,8,8,52,PetDB_MORB_ALL.csv,2026-08-11,EXACT_SAMPLE_URL_AND_CITATION
PETDB|CITATION_SHA1|6015025bfac1b580,PAPER|PETDB|CITATION_SHA1|6015025bfac1b580,PAPER|PETDB|CITATION_SHA1|6015025bfac1b580,"Schneider, V. W., Wachendorf, H. (1973). VULKANISMUS UND GRABENBILDUNG IM ROTEN MEER. INT J EARTH SCI (GEOL RUNDSCH), 62, 754-773.",https://www.earthchem.org/petdb/citation/8c6744c9d42ec2cb9e8885b54ff744d0,8,8,19,PetDB_MORB_ALL.csv,2026-08-11,EXACT_SAMPLE_URL_AND_CITATION
PETDB|CITATION_SHA1|62d8f44579c19309,PAPER|PETDB|CITATION_SHA1|62d8f44579c19309,PAPER|PETDB|CITATION_SHA1|62d8f44579c19309,"Gao, C., Dick, H. J. B., ... Zhou, H. (2016). MELT EXTRACTION AND MANTLE SOURCE AT A SOUTHWEST INDIAN RIDGE DRAGON BONE AMAGMATIC SEGMENT ON THE MARION RISE. LITHOS, 246-247, 60.",https://www.earthchem.org/petdb/citation/6917ff2a7b53421ff4066020e2d89eec,7,7,22,PetDB_MORB_ALL.csv,2026-08-11,EXACT_SAMPLE_URL_AND_CITATION
PETDB|CITATION_SHA1|64647479e82197ed,PAPER|PETDB|CITATION_SHA1|64647479e82197ed,PAPER|PETDB|CITATION_SHA1|64647479e82197ed,"Schilling, J., Fontignie, D., ... Tomza, U. (2003). PB-HF-ND-SR ISOTOPE VARIATIONS ALONG THE GALAPAGOS SPREADING CENTER (101 DEG- 83 DEG W): CONSTRAINTS ON THE DISPERSAL OF THE GALAPAGOS MANTLE PLUME. GEOCHEM GEOPHYS GEOSYST, 4(10)",https://www.earthchem.org/petdb/citation/3948ead63a9f2944218de038d8934305,5,5,56,PetDB_MORB_ALL.csv,2026-08-11,EXACT_SAMPLE_URL_AND_CITATION
PETDB|CITATION_SHA1|6499c6513aec0642,PAPER|PETDB|CITATION_SHA1|6499c6513aec0642,PAPER|PETDB|CITATION_SHA1|6499c6513aec0642,"Schilling, J., Vogt, P. R., ... Anderson, R. N. (1976). RARE EARTH, FE AND TI VARIATIONS ALONG THE GALAPAGOS SPREADING CENTER AND THEIR RELATIONSHIP TO THE GALAPAGOS MANTLE PLUME. NATURE, 261, 108-113.",https://www.earthchem.org/petdb/citation/550a141f12de6341fba65b0ad0433500,9,9,68,PetDB_MORB_ALL.csv,2026-08-11,EXACT_SAMPLE_URL_AND_CITATION
PETDB|CITATION_SHA1|65acd4c2e0902fc0,PAPER|PETDB|CITATION_SHA1|65acd4c2e0902fc0,PAPER|PETDB|CITATION_SHA1|65acd4c2e0902fc0,"Li, W., Tao, C., ... Yang, W. (2019). MELT INCLUSIONS IN PLAGIOCLASE MACROCRYSTS AT MOUNT JOURDANNE, SOUTHWEST INDIAN RIDGE (~64° E): IMPLICATIONS FOR AN ENRICHED MANTLE SOURCE AND SHALLOW MAGMATIC PROCESSES. MINERALS, 9(8), 493.",https://www.earthchem.org/petdb/citation/27b587bbe83aecf9a98c8fe6ab48cacc,8,8,9,PetDB_MORB_ALL.csv,2026-08-11,EXACT_SAMPLE_URL_AND_CITATION
PETDB|CITATION_SHA1|666d1a017db6cef9,PAPER|PETDB|CITATION_SHA1|666d1a017db6cef9,PAPER|PETDB|CITATION_SHA1|666d1a017db6cef9,"Snow, J. E. (2002). MAJOR AND TRACE ELEMENT EVOLUTION OF HOLE 735B GABBROS. PROC ODP, SCI RESULTS, 176",https://www.earthchem.org/petdb/citation/ab1a4d0dd4d48a2ba1077c4494791306,1,1,2,PetDB_MORB_ALL.csv,2026-08-11,EXACT_SAMPLE_URL_AND_CITATION
PETDB|CITATION_SHA1|6671a2ae42b6a553,PAPER|PETDB|CITATION_SHA1|6671a2ae42b6a553,PAPER|PETDB|CITATION_SHA1|6671a2ae42b6a553,"Chase, R. L. (1969). BASALT FROM THE AXIAL TROUGH OF THE RED SEA. , 128.",https://www.earthchem.org/petdb/citation/58d4d1e7b1e97b258c9ed0b37e02d087,2,2,10,PetDB_MORB_ALL.csv,2026-08-11,EXACT_SAMPLE_URL_AND_CITATION
PETDB|CITATION_SHA1|679acd39ee820041,PAPER|PETDB|CITATION_SHA1|679acd39ee820041,PAPER|PETDB|CITATION_SHA1|679acd39ee820041,"Amsellem, E., Moynier, F., ... Teng, F. (2018). THE STABLE STRONTIUM ISOTOPIC COMPOSITION OF OCEAN ISLAND BASALTS, MID-OCEAN RIDGE BASALTS, AND KOMATIITES. CHEMICAL GEOLOGY, null.",https://www.earthchem.org/petdb/citation/d38ee19a4815c4aeba48227913092a6e,1,1,10,PetDB_MORB_ALL.csv,2026-08-11,EXACT_SAMPLE_URL_AND_CITATION
PETDB|CITATION_SHA1|67d966f6adbd8ced,PAPER|PETDB|CITATION_SHA1|67d966f6adbd8ced,PAPER|PETDB|CITATION_SHA1|67d966f6adbd8ced,"Hamelin, C., Dosso, L., ... Thomas, M. Y. (2011). GEOCHEMICAL PORTRAY OF THE PACIFIC RIDGE: NEW ISOTOPIC DATA AND STATISTICAL TECHNIQUES. EARTH PLANET SCI LETT, 302(1-2), 154-162.",https://www.earthchem.org/petdb/citation/ebd6d2f5d60ff9afaeda1a81fc53e2d0,13,13,96,PetDB_MORB_ALL.csv,2026-08-11,EXACT_SAMPLE_URL_AND_CITATION
PETDB|CITATION_SHA1|6ab3668755a8823e,PAPER|PETDB|CITATION_SHA1|6ab3668755a8823e,PAPER|PETDB|CITATION_SHA1|6ab3668755a8823e,"Hays, E. E., Nicholls, G. D., ... Nalwalk, A. J. (1964). THE NATURE AND COMPOSITION OF ROCK SAMPLES DREDGED FROM THE MID-ATLANTIC RIDGE BETWEEN 22 DEGREE N AND 52 DEGREE N. MARINE GEOLOGY, 1, 333-343.",https://www.earthchem.org/petdb/citation/0336dcbab05b9d5ad24f4333c7658a0e,6,6,6,PetDB_MORB_ALL.csv,2026-08-11,EXACT_SAMPLE_URL_AND_CITATION
PETDB|CITATION_SHA1|6b2b858b93d1238f,PAPER|PETDB|CITATION_SHA1|6b2b858b93d1238f,PAPER|PETDB|CITATION_SHA1|6b2b858b93d1238f,"Scheidegger, K. F., Corliss, J. B. (1981). PETROGENESIS AND SECONDARY ALTERATION OF UPPER LAYER 2 BASALTS OF THE NAZCA PLATE. GEOL SOC AMER MEMOIR, 154, 77-107.",https://www.earthchem.org/petdb/citation/f8c1f23d6a8d8d7904fc0ea8e066b3bb,37,37,75,PetDB_MORB_ALL.csv,2026-08-11,EXACT_SAMPLE_URL_AND_CITATION
PETDB|CITATION_SHA1|6b97f0a20448dfbb,PAPER|PETDB|CITATION_SHA1|6b97f0a20448dfbb,PAPER|PETDB|CITATION_SHA1|6b97f0a20448dfbb,"Chase, R. L., Barr, S. (1974). GEOLOGY OF THE NORTHERN END OF THE JUAN DE FUCA RIDGE AND SEA-FLOOR SPREADING. CAN J EARTH SCI, 11, 1384-1406.",https://www.earthchem.org/petdb/citation/d5cfead94f5350c12c322b5b664544c1,6,6,13,PetDB_MORB_ALL.csv,2026-08-11,EXACT_SAMPLE_URL_AND_CITATION
PETDB|CITATION_SHA1|6c3aa6040d6a9816,PAPER|PETDB|CITATION_SHA1|6c3aa6040d6a9816,PAPER|PETDB|CITATION_SHA1|6c3aa6040d6a9816,"Hekinian, R., Subbarao, K. V. (1978). ALKALI-ENRICHED ROCKS FROM THE CENTRAL EASTERN PACIFIC OCEAN. MARINE GEOLOGY, 26, 249-268.",https://www.earthchem.org/petdb/citation/e7f8a7fb0b77bcb3b283af5be021448f,2,2,9,PetDB_MORB_ALL.csv,2026-08-11,EXACT_SAMPLE_URL_AND_CITATION
PETDB|CITATION_SHA1|708838bdbdbaba07,PAPER|PETDB|CITATION_SHA1|708838bdbdbaba07,PAPER|PETDB|CITATION_SHA1|708838bdbdbaba07,"Wang, J., Zhou, H., ... Wang, C. (2020). TRACE ELEMENT AND ISOTOPIC EVIDENCE FOR RECYCLED LITHOSPHERE FROM BASALTS FROM 48 TO 53°E, SOUTHWEST INDIAN RIDGE. JOURNAL OF PETROLOGY, 61(10), null.",https://www.earthchem.org/petdb/citation/77cdfc1e11e36a23bb030892ee00b8cf,40,40,76,PetDB_MORB_ALL.csv,2026-08-11,EXACT_SAMPLE_URL_AND_CITATION
PETDB|CITATION_SHA1|724025ffebf6abfd,PAPER|PETDB|CITATION_SHA1|724025ffebf6abfd,PAPER|PETDB|CITATION_SHA1|724025ffebf6abfd,"Caracciolo, A., Marshall, E. W., ... Runarsdottir, R. (2025). Geochemical dataset of bulk and in-situ analyses for the 2022 and 2023 Fagradalsfjall eruption, Iceland. null, null.",https://www.earthchem.org/petdb/citation/0e64a7b00c83e3d22ce6b3acf2c582b6,30,30,30,PetDB_MORB_ALL.csv,2026-08-11,EXACT_SAMPLE_URL_AND_CITATION
PETDB|CITATION_SHA1|736fc255f69ac247,PAPER|PETDB|CITATION_SHA1|736fc255f69ac247,PAPER|PETDB|CITATION_SHA1|736fc255f69ac247,"Hart, S. R. (1971). K, RB, CS, SR AND BA CONTENTS AND SR ISOTOPE RATIOS OF OCEAN FLOOR BASALTS. PHIL TRANS R SOC LOND, 268, 573-587.",https://www.earthchem.org/petdb/citation/41f1f19176d383480afa65d325c06ed0,2,2,42,PetDB_MORB_ALL.csv,2026-08-11,EXACT_SAMPLE_URL_AND_CITATION
PETDB|CITATION_SHA1|738f240acbaf595e,PAPER|PETDB|CITATION_SHA1|738f240acbaf595e,PAPER|PETDB|CITATION_SHA1|738f240acbaf595e,"Rogers, N. W. (1993). THE ISOTOPE AND TRACE ELEMENT GEOCHEMISTRY OF BASALTS FROM VOLCANIC ISLANDS OF THE SOUTHER RED SEA. GEOL SOC LONDON SPEC PUB, 76, 455-467.",https://www.earthchem.org/petdb/citation/d1f255a373a3cef72e03aa9d980c7eca,10,10,25,PetDB_MORB_ALL.csv,2026-08-11,EXACT_SAMPLE_URL_AND_CITATION
PETDB|CITATION_SHA1|740d864cc624f4be,PAPER|PETDB|CITATION_SHA1|740d864cc624f4be,PAPER|PETDB|CITATION_SHA1|740d864cc624f4be,"Poreda, R. J., Bloomer, S. H., ... Natland, J. H. (1989). ISOTOPIC AND GEOCHEMICAL PROVINCES OF THE WESTERN INDIAN OCEAN SPREADING CENTERS. J GEOPHYS RES, 94, 4033-4052.",https://www.earthchem.org/petdb/citation/33e75ff09dd601bbe69f351039152189,1,1,1,PetDB_MORB_ALL.csv,2026-08-11,EXACT_SAMPLE_URL_AND_CITATION
PETDB|CITATION_SHA1|74c347ff29b3a7c3,PAPER|PETDB|CITATION_SHA1|74c347ff29b3a7c3,PAPER|PETDB|CITATION_SHA1|74c347ff29b3a7c3,"Michael, P. J., Chase, R. L. (1987). THE INFLUENCE OF PRIMARY MAGMA COMPOSITION, H2O AND PRESSURE ON MID-OCEAN RIDGE BASALT DIFFERENTIATION. CONTRIB MINERAL PETROL, 96, 245-263.",https://www.earthchem.org/petdb/citation/9778d5d219c5080b9a6a17bef029331c,1,1,22,PetDB_MORB_ALL.csv,2026-08-11,EXACT_SAMPLE_URL_AND_CITATION
PETDB|CITATION_SHA1|750d702a4da148c3,PAPER|PETDB|CITATION_SHA1|750d702a4da148c3,PAPER|PETDB|CITATION_SHA1|750d702a4da148c3,"Hanson, G. N., Taylor, S. R., ... Bender, J. F. (1977). PETROGENESIS OF BASALTS FROM THE FAMOUS AREA; MID-ATLANTIC RIDGE. EARTH PLANET SCI LETT, 36, 133-156.",https://www.earthchem.org/petdb/citation/d9d4f495e875a2e075a1a4a6e1b9770f,6,6,8,PetDB_MORB_ALL.csv,2026-08-11,EXACT_SAMPLE_URL_AND_CITATION
PETDB|CITATION_SHA1|75357abbd891580c,PAPER|PETDB|CITATION_SHA1|75357abbd891580c,PAPER|PETDB|CITATION_SHA1|75357abbd891580c,"Delaney, J. R., Eaby, J. S., ... Clague, D. A. (1984). SR ISOTOPIC VARIATIONS ALONG THE JUAN DE FUCA RIDGE. J GEOPHYS RES, 89, 7883-7890.",https://www.earthchem.org/petdb/citation/a8f15eda80c50adb0e71943adc8015cf,2,2,7,PetDB_MORB_ALL.csv,2026-08-11,EXACT_SAMPLE_URL_AND_CITATION
PETDB|CITATION_SHA1|75b70748ab5af1f9,PAPER|PETDB|CITATION_SHA1|75b70748ab5af1f9,PAPER|PETDB|CITATION_SHA1|75b70748ab5af1f9,"Melson, W. G., Van Andel, T. H., ... Thompson, G. (1968). VOLCANISM AND METAMORPHISM IN THE MID-ATLANTIC RIDGE, 22 DEGREE N LATITUDE. J GEOPHYS RES, 73, 5925-5941.",https://www.earthchem.org/petdb/citation/b337e84de8752b27eda3a12363109e80,2,2,8,PetDB_MORB_ALL.csv,2026-08-11,EXACT_SAMPLE_URL_AND_CITATION
PETDB|CITATION_SHA1|77524eef59aa5d05,PAPER|PETDB|CITATION_SHA1|77524eef59aa5d05,PAPER|PETDB|CITATION_SHA1|77524eef59aa5d05,"Bach, W., Bostroem, K. (1995). DATA REPORT: CHEMICAL ANALYSES OF BASALTIC ROCKS: AN INTERLABORATORY COMPARISON. PROC ODP, SCI RESULTS, 142, 75-81.",https://www.earthchem.org/petdb/citation/883e881bb4d22a7add958f2d6b052c9f,8,8,27,PetDB_MORB_ALL.csv,2026-08-11,EXACT_SAMPLE_URL_AND_CITATION
PETDB|CITATION_SHA1|77c861c637f5c597,PAPER|PETDB|CITATION_SHA1|77c861c637f5c597,PAPER|PETDB|CITATION_SHA1|77c861c637f5c597,"Bali, E., Matthews, S., ... Beier, C. (2025). MAGMA STORAGE AND TRANSPORT BENEATH THE NEAR-RIFT FJALLGARÐAR VOLCANIC RIDGE, NORTHEAST ICELAND. CONTRIBUTIONS TO MINERALOGY AND PETROLOGY, 180(3), null.",https://www.earthchem.org/petdb/citation/502cbcfede9f1df5528af4204f33e0c8,36,36,50,PetDB_MORB_ALL.csv,2026-08-11,EXACT_SAMPLE_URL_AND_CITATION
PETDB|CITATION_SHA1|79e4b6878753b5a2,PAPER|PETDB|CITATION_SHA1|79e4b6878753b5a2,PAPER|PETDB|CITATION_SHA1|79e4b6878753b5a2,"Neo, N., Yamazaki, S., ... Miyashita, S. (2009). DATA REPORT: BULK ROCK COMPOSITIONS OF SAMPLES FROM THE IODP EXPEDITION 309/312 SAMPLE POOL, ODP HOLE 1256D. PROC IODP, 309/312",https://www.earthchem.org/petdb/citation/6d9cb7de5e8ac30bd5e8734bc96a35c1,129,129,479,PetDB_MORB_ALL.csv,2026-08-11,EXACT_SAMPLE_URL_AND_CITATION
PETDB|CITATION_SHA1|7b541436de82f4ab,PAPER|PETDB|CITATION_SHA1|7b541436de82f4ab,PAPER|PETDB|CITATION_SHA1|7b541436de82f4ab,"Bougault, H., Hekinian, R. (1974). RIFT VALLEY IN THE ATLANTIC OCEAN NEAR 36 DEGREE 50ÕN: PETROLOGY AND GEOCHEMISTRY OF BASALTIC ROCKS. EARTH PLANET SCI LETT, 24, 249-261.",https://www.earthchem.org/petdb/citation/642e92efb79421734881b53e1e1b18b6,23,23,58,PetDB_MORB_ALL.csv,2026-08-11,EXACT_SAMPLE_URL_AND_CITATION
PETDB|CITATION_SHA1|7b7608cca6cf4aaa,PAPER|PETDB|CITATION_SHA1|7b7608cca6cf4aaa,PAPER|PETDB|CITATION_SHA1|7b7608cca6cf4aaa,"Johnson, G. L., Jakobsson, S. P. (1985). STRUCTURE AND PETROLOGY OF THE REYKJANES RIDGE BETWEEN 62 DEGREE 55ÕN AND 63 DEGREE 48ÕN. J GEOPHYS RES, 90, 10073-10083.",https://www.earthchem.org/petdb/citation/d1c38a09acc34845c6be3a127a5aacaf,8,8,32,PetDB_MORB_ALL.csv,2026-08-11,EXACT_SAMPLE_URL_AND_CITATION
PETDB|CITATION_SHA1|7c08f63d1fa8c180,PAPER|PETDB|CITATION_SHA1|7c08f63d1fa8c180,PAPER|PETDB|CITATION_SHA1|7c08f63d1fa8c180,"Humphris, S. E., Gibson, I. L., ... Thompson, R. N. (1980). COMPARISON OF GEOCHEMISTRY OF BASALTS FROM THE EAST PACIFIC RISE, OCP RIDGE, AND SIQUEIROS FRACTURE ZONE, DEEP SEA DRILLING PROJECT LEG 54. INIT REP DSDP, 54, 635-649.",https://www.earthchem.org/petdb/citation/3d8e28caf901313a554cebc7d32e67e5,15,15,51,PetDB_MORB_ALL.csv,2026-08-11,EXACT_SAMPLE_URL_AND_CITATION
PETDB|CITATION_SHA1|7cb8a865f75dafc6,PAPER|PETDB|CITATION_SHA1|7cb8a865f75dafc6,PAPER|PETDB|CITATION_SHA1|7cb8a865f75dafc6,"Liu, X., Klaver, M., ... Elliott, T. (2025). SI ISOTOPE COMPOSITION OF EARTH’S MANTLE AND OCEANIC BASALTS. GEOCHIMICA ET COSMOCHIMICA ACTA, 404, 223-233.",https://www.earthchem.org/petdb/citation/2654d1a3f16bf62d0dc4f91fa3ec9377,22,22,23,PetDB_MORB_ALL.csv,2026-08-11,EXACT_SAMPLE_URL_AND_CITATION
PETDB|CITATION_SHA1|7f34e87734cbc7f6,PAPER|PETDB|CITATION_SHA1|7f34e87734cbc7f6,PAPER|PETDB|CITATION_SHA1|7f34e87734cbc7f6,"Zhang, H., Yan, Q., ... Zhao, R. (2021). TRACING MATERIAL CONTRIBUTIONS FROM SAINT HELENA PLUME TO THE SOUTH MID-ATLANTIC RIDGE SYSTEM. EARTH AND PLANETARY SCIENCE LETTERS, 572, 117130.",https://www.earthchem.org/petdb/citation/e546594ad40b116388b50d48c6955f2b,19,19,56,PetDB_MORB_ALL.csv,2026-08-11,EXACT_SAMPLE_URL_AND_CITATION
PETDB|CITATION_SHA1|7f41f16d5a680856,PAPER|PETDB|CITATION_SHA1|7f41f16d5a680856,PAPER|PETDB|CITATION_SHA1|7f41f16d5a680856,"Perfit, M. R., Smith, M. C., ... Fornari, D. J. (2013). COMPILATION OF EAST PACIFIC RISE 9 DEG-10 DEG N BASALT GEOCHEMISTRY. SUBMITTED DATA SET",https://www.earthchem.org/petdb/citation/35464c848f410e55a13bb9d78e7fddd0,1,1,14,PetDB_MORB_ALL.csv,2026-08-11,EXACT_SAMPLE_URL_AND_CITATION
PETDB|CITATION_SHA1|7f82fe13a15099e0,PAPER|PETDB|CITATION_SHA1|7f82fe13a15099e0,PAPER|PETDB|CITATION_SHA1|7f82fe13a15099e0,"Meurer, W., Sturm, M. E., ... Karson, J. A. (2001). BASALT COMPOSITIONS FROM THE MID-ATLANTIC RIDGE AT THE SMARK AREA (22 DEG 30' N TO 22 DEG 50' N) - IMPLICATIONS FOR PARENTAL LIQUID VARIABILITY AT ISOTOPICALLY HOMOGENEOUS SPREADING CENTERS. EARTH PLANET SCI LETT, 186, 451-469.",https://www.earthchem.org/petdb/citation/d6ef5f7fa914c19931a55bb262ec879c,35,35,86,PetDB_MORB_ALL.csv,2026-08-11,EXACT_SAMPLE_URL_AND_CITATION
PETDB|CITATION_SHA1|811383117f74ccba,PAPER|PETDB|CITATION_SHA1|811383117f74ccba,PAPER|PETDB|CITATION_SHA1|811383117f74ccba,"Davis, A. S., Clague, D. A., ... Keaten, R. (2008). GEOCHEMISTRY OF BASALT FROM THE NORTH GORDA SEGMENT OF THE GORDA RIDGE:  EVOLUTION TOWARD ULTRASLOW SPREADING RIDGE LAVAS DUE TO DECREASING MAGMA SUPPLY. GEOCHEM GEOPHYS GEOSYST, 9(4)",https://www.earthchem.org/petdb/citation/d1ee59e20ad01cedc15f5118a7626099,14,14,50,PetDB_MORB_ALL.csv,2026-08-11,EXACT_SAMPLE_URL_AND_CITATION
PETDB|CITATION_SHA1|82f1ad6aaa8414df,PAPER|PETDB|CITATION_SHA1|82f1ad6aaa8414df,PAPER|PETDB|CITATION_SHA1|82f1ad6aaa8414df,"Edwards, M., Kirk, P. D., ... Fornari, D. J. (1996). RECENT VOLCANISM IN THE SIQUEIROS TRANSFORM FAULT: PICRITIC BASALTS AND IMPLICATIONS For MORB MAGMA GENESIS. EARTH PLANET SCI LETT, 141, 91-108.",https://www.earthchem.org/petdb/citation/7f39f8317fbdb1988ef4c628eba02591,7,7,29,PetDB_MORB_ALL.csv,2026-08-11,EXACT_SAMPLE_URL_AND_CITATION
PETDB|CITATION_SHA1|847f57452fb42187,PAPER|PETDB|CITATION_SHA1|847f57452fb42187,PAPER|PETDB|CITATION_SHA1|847f57452fb42187,"Frey, F. A., Riggs-sneeringer, M., ... Kennedy, A. K. (1986). GEOCHEMISTRY OF BASALTS FROM THE INDIAN OCEAN TRIPLE JUNCTION: IMPLICATIONS FOR THE GENERATION AND EVOLUTION OF INDIAN OCEAN RIDGE BASALTS. EARTH PLANET SCI LETT, 78, 379-396.",https://www.earthchem.org/petdb/citation/c16a5320fa475530d9583c34fd356ef5,11,11,69,PetDB_MORB_ALL.csv,2026-08-11,EXACT_SAMPLE_URL_AND_CITATION
PETDB|CITATION_SHA1|8492ccc571c67998,PAPER|PETDB|CITATION_SHA1|8492ccc571c67998,PAPER|PETDB|CITATION_SHA1|8492ccc571c67998,"Rehkaemper, M., Halliday, A. N., ... Arndt, N. (1999). Ir, Ru, Pt, AND Pb IN BASALTS AND KOMATIITES: NEW CONSTRAINTS FOR THE GEOCHEMICAL BEHAVIOR OF THE PLATINUM-GROUP ELEMENTS IN THE MANTLE. GEOCHIM COSMOCHIM ACTA, 63, 3915-3934.",https://www.earthchem.org/petdb/citation/36a1694bce9815b7e38a9dad05ad42e0,1,1,5,PetDB_MORB_ALL.csv,2026-08-11,EXACT_SAMPLE_URL_AND_CITATION
PETDB|CITATION_SHA1|8a377bbbaf4c29ef,PAPER|PETDB|CITATION_SHA1|8a377bbbaf4c29ef,PAPER|PETDB|CITATION_SHA1|8a377bbbaf4c29ef,"Gast, P. W., Kay, R., ... Hubbard, N. J. (1970). CHEMICAL CHARACTERISTICS AND ORIGIN OF OCEANIC RIDGE VOLCANIC ROCKS. J GEOPHYS RES, 75, 1585-1613.",https://www.earthchem.org/petdb/citation/eecca5b6365d9607ee5a9d336962c534,12,12,79,PetDB_MORB_ALL.csv,2026-08-11,EXACT_SAMPLE_URL_AND_CITATION
PETDB|CITATION_SHA1|8ab8d1ddd5171093,PAPER|PETDB|CITATION_SHA1|8ab8d1ddd5171093,PAPER|PETDB|CITATION_SHA1|8ab8d1ddd5171093,"Muehlenbachs, K., Clayton, R. N. (1972). OXYGEN ISOTOPE STUDIES OF FRESH AND WEATHERED SUBMARINE BASALTS. CAN J EARTH SCI, 9, 172-184.",https://www.earthchem.org/petdb/citation/9be40cee5b0eee1462c82c6964087ff9,1,1,38,PetDB_MORB_ALL.csv,2026-08-11,EXACT_SAMPLE_URL_AND_CITATION
PETDB|CITATION_SHA1|8ac4b810c9b34dd9,PAPER|PETDB|CITATION_SHA1|8ac4b810c9b34dd9,PAPER|PETDB|CITATION_SHA1|8ac4b810c9b34dd9,"Murton, B. J., Rona, P. (2015). CARLSBERG RIDGE AND MID-ATLANTIC RIDGE: COMPARISON OF SLOW SPREADING CENTRE ANALOGUES. DEEP SEA RESEARCH PART II: TOPICAL STUDIES IN OCEANOGRAPHY, 121, 84.",https://www.earthchem.org/petdb/citation/51be2fed6c55f5aa0c16ff14c140b187,27,27,28,PetDB_MORB_ALL.csv,2026-08-11,EXACT_SAMPLE_URL_AND_CITATION
PETDB|CITATION_SHA1|8b60ad32177cfb29,PAPER|PETDB|CITATION_SHA1|8b60ad32177cfb29,PAPER|PETDB|CITATION_SHA1|8b60ad32177cfb29,"Sarda, P., Allegre, C. J., ... Staudacher, T. (1985). 40AR/36AR IN MORB GLASSES: CONSTRAINTS ON ATMOSPHERE AND MANTLE EVOLUTION. EARTH PLANET SCI LETT, 72, 357-375.",https://www.earthchem.org/petdb/citation/577bcc914f9e55d5e4e4f82f9f00e7d4,1,1,2,PetDB_MORB_ALL.csv,2026-08-11,EXACT_SAMPLE_URL_AND_CITATION
PETDB|CITATION_SHA1|8df4ab6bb2507507,PAPER|PETDB|CITATION_SHA1|8df4ab6bb2507507,PAPER|PETDB|CITATION_SHA1|8df4ab6bb2507507,"Cann, J. R. (1970). RB, SR, Y, ZR AND NB IN SOME OCEAN FLOOR BASALTIC RICKS. EARTH PLANET SCI LETT, 10, 7-11.",https://www.earthchem.org/petdb/citation/5ef698cd9fe650923ea331c15af3b160,2,2,12,PetDB_MORB_ALL.csv,2026-08-11,EXACT_SAMPLE_URL_AND_CITATION
PETDB|CITATION_SHA1|8f12fb0ef683c615,PAPER|PETDB|CITATION_SHA1|8f12fb0ef683c615,PAPER|PETDB|CITATION_SHA1|8f12fb0ef683c615,"Schilling, J., Cousens, B. L., ... Chase, R. L. (1984). BASALT GEOCHEMISTRY OF THE EXPLORER RIDGE AREA, NORTHEAST PACIFIC OCEAN. CAN J EARTH SCI, 31, 157-170.",https://www.earthchem.org/petdb/citation/be83ab3ecd0db773eb2dc1b0a17836a1,30,30,88,PetDB_MORB_ALL.csv,2026-08-11,EXACT_SAMPLE_URL_AND_CITATION
PETDB|CITATION_SHA1|902ccb15cd4c57f6,PAPER|PETDB|CITATION_SHA1|902ccb15cd4c57f6,PAPER|PETDB|CITATION_SHA1|902ccb15cd4c57f6,"Campsie, J., Rasmussen, M. H., ... Bailey, J. C. (1973). CHEMISTRY OF THOLEIITES FROM THE GALAPAGOS ISLANDS AND ADJACENT RIDGES. NATURE, 245, 122-124.",https://www.earthchem.org/petdb/citation/3fe94a002317b5f9259f82690aeea4cd,1,1,1,PetDB_MORB_ALL.csv,2026-08-11,EXACT_SAMPLE_URL_AND_CITATION
PETDB|CITATION_SHA1|904038910ab834ec,PAPER|PETDB|CITATION_SHA1|904038910ab834ec,PAPER|PETDB|CITATION_SHA1|904038910ab834ec,"Harpp, K. S., Anderson, D. M., ... Batiza, R. (1993). SITE 864. PROC ODP, INIT REPORTS, 142, 55-99.",https://www.earthchem.org/petdb/citation/5055cbf43fac3f7e2336b27310f0b9ef,3,3,27,PetDB_MORB_ALL.csv,2026-08-11,EXACT_SAMPLE_URL_AND_CITATION
PETDB|CITATION_SHA1|9102cce1bd72e66d,PAPER|PETDB|CITATION_SHA1|9102cce1bd72e66d,PAPER|PETDB|CITATION_SHA1|9102cce1bd72e66d,"Devine, J. D., Schilling, J., ... Kingsley, R. H. (1982). GALAPAGOS HOT SPOT SPREADING CENTER SYSTEM 1. SPATIAL PETROLOGICAL AND GEOCHEMICAL VARIATIONS (83 DEGREE W-101 DEGREE W). J GEOPHYS RES, 87, 5593-5610.",https://www.earthchem.org/petdb/citation/6512bd43d9caa6e02c990b0a82652dca,33,33,121,PetDB_MORB_ALL.csv,2026-08-11,EXACT_SAMPLE_URL_AND_CITATION
PETDB|CITATION_SHA1|9124a64983ef3831,PAPER|PETDB|CITATION_SHA1|9124a64983ef3831,PAPER|PETDB|CITATION_SHA1|9124a64983ef3831,"Evans, R., Schilling, J., ... Bergeron, M. B. (1980). HALOGENS IN THE MANTLE BENEATH THE NORTH ATLANTIC. PHIL TRANS R SOC LOND, A 297, 147-178.",https://www.earthchem.org/petdb/citation/7f1de29e6da19d22b51c68001e7e0e54,1,1,129,PetDB_MORB_ALL.csv,2026-08-11,EXACT_SAMPLE_URL_AND_CITATION
PETDB|CITATION_SHA1|91d2907d95100b75,PAPER|PETDB|CITATION_SHA1|91d2907d95100b75,PAPER|PETDB|CITATION_SHA1|91d2907d95100b75,"Allan, J. F., Michael, P. J., ... Chase, R. L. (1989). PETROLOGIC AND GEOLOGIC VARIATIONS ALONG THE SOUTHERN EXPLORER RIDGE, NORTHEAST PACIFIC OCEAN. J GEOPHYS RES, 94, 13895-13918.",https://www.earthchem.org/petdb/citation/8d5e957f297893487bd98fa830fa6413,35,35,142,PetDB_MORB_ALL.csv,2026-08-11,EXACT_SAMPLE_URL_AND_CITATION
PETDB|CITATION_SHA1|931d8fcb584c8bce,PAPER|PETDB|CITATION_SHA1|931d8fcb584c8bce,PAPER|PETDB|CITATION_SHA1|931d8fcb584c8bce,"Zentilli, M., Gibson, I. L., ... Walker, J. A. (1984). THE ORIGIN OF COMPOSITIONAL VARIATION IN BASALTS RECOVERED BY SUBMERSIBLE DRILL FROM MOUNT GLOOSCAP, MID-ATLANTIC RIDGE AT 36 DEG 25 MIN N. CAN J EARTH SCI, 21, 934-948.",https://www.earthchem.org/petdb/citation/1e6e0a04d20f50967c64dac2d639a577,1,1,3,PetDB_MORB_ALL.csv,2026-08-11,EXACT_SAMPLE_URL_AND_CITATION
PETDB|CITATION_SHA1|934c18d1e1553bf7,PAPER|PETDB|CITATION_SHA1|934c18d1e1553bf7,PAPER|PETDB|CITATION_SHA1|934c18d1e1553bf7,"Hu, H., Yu, X., ... Hu, H. (2025). MAGMA EVOLUTION ALONG DETACHMENT FAULT-AFFECTED RIDGE SEGMENTS: PETROLOGY AND GEOCHEMISTRY OF MORBS FROM THE TIANXIU SEGMENT, CARLSBERG RIDGE. LITHOS, 494-495, 107917.",https://www.earthchem.org/petdb/citation/06f7c042b76e4b04f698c75b7b2777ea,11,11,29,PetDB_MORB_ALL.csv,2026-08-11,EXACT_SAMPLE_URL_AND_CITATION
PETDB|CITATION_SHA1|938bb3bea4be8728,PAPER|PETDB|CITATION_SHA1|938bb3bea4be8728,PAPER|PETDB|CITATION_SHA1|938bb3bea4be8728,"Harpp, K. S. (1995). GEOCHEMICAL VARIATIONS IN A SINGLE BASALTIC FLOW AT 9 DEG 30 N ON THE EAST PACIFIC RISE. PROC ODP, SCI RESULTS, 142, 9-22.",https://www.earthchem.org/petdb/citation/ce5140df15d046a66883807d18d0264b,4,4,73,PetDB_MORB_ALL.csv,2026-08-11,EXACT_SAMPLE_URL_AND_CITATION
PETDB|CITATION_SHA1|93c2c53132d98c42,PAPER|PETDB|CITATION_SHA1|93c2c53132d98c42,PAPER|PETDB|CITATION_SHA1|93c2c53132d98c42,"Liias, R. A., Rhodes, J. M., ... Delaney, J. R. (1990). SPATIAL AND TEMPORAL EVOLUTION OF MAGMATIC SYSTEMS BENEATH THE ENDEAVOR SEGMENT, JUAN DE FUCA RIDGE: TECTONIC AND PETROLOGIC CONSTRAINTS. J GEOPHYS RES, 95, 19235-19256.",https://www.earthchem.org/petdb/citation/539fd53b59e3bb12d203f45a912eeaf2,17,17,43,PetDB_MORB_ALL.csv,2026-08-11,EXACT_SAMPLE_URL_AND_CITATION
PETDB|CITATION_SHA1|93efce9a748a4944,PAPER|PETDB|CITATION_SHA1|93efce9a748a4944,PAPER|PETDB|CITATION_SHA1|93efce9a748a4944,"Humphris, S. E., Smith, S. E. (1998). GEOCHEMISTRY OF BASALTIC ROCKS FROM THE TAG HYDROTHERMAL MOUND (26 DEG 08 N), MID-ATLANTIC RIDGE. PROC ODP, SCI RESULTS, 158, 213-229.",https://www.earthchem.org/petdb/citation/bdb106a0560c4e46ccc488ef010af787,15,15,45,PetDB_MORB_ALL.csv,2026-08-11,EXACT_SAMPLE_URL_AND_CITATION
PETDB|CITATION_SHA1|93fb9598a0f90f0e,PAPER|PETDB|CITATION_SHA1|93fb9598a0f90f0e,PAPER|PETDB|CITATION_SHA1|93fb9598a0f90f0e,"Bonatti, E., Seyler, M., ... Joron, J. (1988). BASALTIC DYKES FROM ZABARGAD ISLAND, RED SEA: PETROLOGY AND GEOCHEMISTRY. TECTONOPHYSICS, 150, 229-248.",https://www.earthchem.org/petdb/citation/26337353b7962f533d78c762373b3318,44,44,331,PetDB_MORB_ALL.csv,2026-08-11,EXACT_SAMPLE_URL_AND_CITATION
PETDB|CITATION_SHA1|94239cd4ae887eaf,PAPER|PETDB|CITATION_SHA1|94239cd4ae887eaf,PAPER|PETDB|CITATION_SHA1|94239cd4ae887eaf,"Niu, Y., Batiza, R. (1994). MAGMATIC PROCESSES AT A SLOW SPREADING RIDGE SEGMENT: 26 DEGREE S MID-ATLANTIC RIDGE. J GEOPHYS RES, 99, 19719-19740.",https://www.earthchem.org/petdb/citation/2f2b265625d76a6704b08093c652fd79,15,15,30,PetDB_MORB_ALL.csv,2026-08-11,EXACT_SAMPLE_URL_AND_CITATION
PETDB|CITATION_SHA1|94851147926c1486,PAPER|PETDB|CITATION_SHA1|94851147926c1486,PAPER|PETDB|CITATION_SHA1|94851147926c1486,"Yang Yang, A., Zhao, T., ... Deng, X. (2017). ISOTOPICALLY ENRICHED N-MORB: A NEW GEOCHEMICAL SIGNATURE OF OFF-AXIS PLUME-RIDGE INTERACTION-A CASE STUDY AT 50°28'E, SOUTHWEST INDIAN RIDGE. JOURNAL OF GEOPHYSICAL RESEARCH: SOLID EARTH, null.",https://www.earthchem.org/petdb/citation/946e3ece1fc8b24bd656449d88eca941,14,14,30,PetDB_MORB_ALL.csv,2026-08-11,EXACT_SAMPLE_URL_AND_CITATION
PETDB|CITATION_SHA1|9501fe41ee475a31,PAPER|PETDB|CITATION_SHA1|9501fe41ee475a31,PAPER|PETDB|CITATION_SHA1|9501fe41ee475a31,"Eason, D., Sinton, J. M. (2006). ORIGIN OF HIGH-AL N-MORB BY FRACTIONAL CRYSTALLIZATION IN THE UPPER MANTLE BENEATH THE GALAPAGOS SPREADING CENTER. EARTH PLANET SCI LETT, 252, 423-436.",https://www.earthchem.org/petdb/citation/286674e3082feb7e5afb92777e48821f,23,23,33,PetDB_MORB_ALL.csv,2026-08-11,EXACT_SAMPLE_URL_AND_CITATION
PETDB|CITATION_SHA1|96b4769452af016b,PAPER|PETDB|CITATION_SHA1|96b4769452af016b,PAPER|PETDB|CITATION_SHA1|96b4769452af016b,"Andres, M., Blichert-toft, J., ... Schilling, J. (2002). HAFNIUM ISOTOPES IN BASALTS FROM THE SOUTHERN MID-ATLANTIC RIDGE FROM 40 DEG S TO 55 DEG S: DISCOVERY AND SHONA PLUME-RIDGE INTERACTIONS AND THE ROLE OF RECYCLED SEDIMENTS. GEOCHEM GEOPHYS GEOSYST, 3(10)",https://www.earthchem.org/petdb/citation/dabd8d2ce74e782c65a973ef76fd540b,2,2,10,PetDB_MORB_ALL.csv,2026-08-11,EXACT_SAMPLE_URL_AND_CITATION
PETDB|CITATION_SHA1|97a1dc1d5feb4d98,PAPER|PETDB|CITATION_SHA1|97a1dc1d5feb4d98,PAPER|PETDB|CITATION_SHA1|97a1dc1d5feb4d98,"Debaille, V., Blichert-toft, J., ... Albarede, F. (2006). GEOCHEMICL COMPONENT RELATIONSHIPS IN MORBFROM THE MID-ATLANTIC RIDGE, 22-35degN. EARTH PLANET SCI LETT, 241, 844-862.",https://www.earthchem.org/petdb/citation/5caf41d62364d5b41a893adc1a9dd5d4,18,18,73,PetDB_MORB_ALL.csv,2026-08-11,EXACT_SAMPLE_URL_AND_CITATION
PETDB|CITATION_SHA1|9989eabc12f94e8f,PAPER|PETDB|CITATION_SHA1|9989eabc12f94e8f,PAPER|PETDB|CITATION_SHA1|9989eabc12f94e8f,"Nicholls, G. A., Islam, M. R. (1971). GEOCHEMICAL INVESTIGATIONS OF BASALTS AND ASSOCIATED ROCKS FROM THE OCEAN FLOOR AND THEIR IMPLICATIONS. PHIL TRANS R SOC LOND, 268, 469-486.",https://www.earthchem.org/petdb/citation/24b16fede9a67c9251d3e7c7161c83ac,3,3,17,PetDB_MORB_ALL.csv,2026-08-11,EXACT_SAMPLE_URL_AND_CITATION
PETDB|CITATION_SHA1|9997cab57a0b1ca3,PAPER|PETDB|CITATION_SHA1|9997cab57a0b1ca3,PAPER|PETDB|CITATION_SHA1|9997cab57a0b1ca3,"Saunders, A. D. (1983). GEOCHEMISTRY OF BASALTS RECOVERED FROM THE GULF OF CALIFORNIA DURING LEG 65 OF THE DEEP SEA DRILLING PROJECT. INIT REP DSDP, 65, 591-621.",https://www.earthchem.org/petdb/citation/cbb6a3b884f4f88b3a8e3d44c636cbd8,21,21,33,PetDB_MORB_ALL.csv,2026-08-11,EXACT_SAMPLE_URL_AND_CITATION
PETDB|CITATION_SHA1|9b3a555dcdef9e92,PAPER|PETDB|CITATION_SHA1|9b3a555dcdef9e92,PAPER|PETDB|CITATION_SHA1|9b3a555dcdef9e92,"Yu, X., Dick, H. J. B. (2019). PLATE-DRIVEN MICRO-HOTSPOTS AND THE EVOLUTION OF THE DRAGON FLAG MELTING ANOMALY, SOUTHWEST INDIAN RIDGE. EARTH AND PLANETARY SCIENCE LETTERS, 116002.",https://www.earthchem.org/petdb/citation/a8badd37c221a3f19d9ad0ac2196849a,30,30,51,PetDB_MORB_ALL.csv,2026-08-11,EXACT_SAMPLE_URL_AND_CITATION
PETDB|CITATION_SHA1|9c449aa92c2c9ada,PAPER|PETDB|CITATION_SHA1|9c449aa92c2c9ada,PAPER|PETDB|CITATION_SHA1|9c449aa92c2c9ada,"Bjerga, A., Stubseid, H., ... Pedersen, R. B. (2022). A HIGHLY DEPLETED AND SUBDUCTION‐MODIFIED MANTLE BENEATH THE SLOW‐SPREADING MOHNS RIDGE. GEOCHEMISTRY, GEOPHYSICS, GEOSYSTEMS, 23(11), null.",https://www.earthchem.org/petdb/citation/cb3ce9b06932da6faaa7fc70d5b5d2f4,4,4,4,PetDB_MORB_ALL.csv,2026-08-11,EXACT_SAMPLE_URL_AND_CITATION
PETDB|CITATION_SHA1|9cf7ac4611853a94,PAPER|PETDB|CITATION_SHA1|9cf7ac4611853a94,PAPER|PETDB|CITATION_SHA1|9cf7ac4611853a94,"Pedersen, R. B., Malpas, J., ... Falloon, T. J. (1996). PETROLOGY AND GEOCHEMISTRY OF GABBROIC AND RELATED ROCKS FROM SITE 894, HESS DEEP. PROC ODP, SCI RESULTS, 147, 3-19.",https://www.earthchem.org/petdb/citation/712a3c9878efeae8ff06d57432016ceb,6,6,17,PetDB_MORB_ALL.csv,2026-08-11,EXACT_SAMPLE_URL_AND_CITATION
PETDB|CITATION_SHA1|9d5fc4cb48d6560f,PAPER|PETDB|CITATION_SHA1|9d5fc4cb48d6560f,PAPER|PETDB|CITATION_SHA1|9d5fc4cb48d6560f,"Paquet, M., Cannat, M., ... Humler, E. (2016). EFFECT OF MELT/MANTLE INTERACTIONS ON MORB CHEMISTRY AT THE EASTERNMOST SOUTHWEST INDIAN RIDGE (61 TO 67°E). GEOCHEM GEOPHYS GEOSYST",https://www.earthchem.org/petdb/citation/326fb04c3abf030fe3f4e341f39b573f,74,74,190,PetDB_MORB_ALL.csv,2026-08-11,EXACT_SAMPLE_URL_AND_CITATION
PETDB|CITATION_SHA1|9de00cd4fbaa97f4,PAPER|PETDB|CITATION_SHA1|9de00cd4fbaa97f4,PAPER|PETDB|CITATION_SHA1|9de00cd4fbaa97f4,"Morse, R. H. (1967). POTASSIUM, RUBIDIUM, AND CESIUM CONTENTS OF SOME OCEAN FLOOR ROCKS. THESIS OR DISSERTATION, DOCTORAL, COLUMBIA UNIVERSITY; MONOGRAPHIC",https://www.earthchem.org/petdb/citation/fc3cf452d3da8402bebb765225ce8c0e,1,1,15,PetDB_MORB_ALL.csv,2026-08-11,EXACT_SAMPLE_URL_AND_CITATION
PETDB|CITATION_SHA1|9e50c97cbaf98894,PAPER|PETDB|CITATION_SHA1|9e50c97cbaf98894,PAPER|PETDB|CITATION_SHA1|9e50c97cbaf98894,"Agranier, A., Blichert-toft, J., ... Albarede, F. (2005). THE SPECTRA OF ISOTOPIC HETEROGENEITIES ALONG THE MID-ATLANTIC RIDGE. EARTH PLANET SCI LETT, 238, 96-109.",https://www.earthchem.org/petdb/citation/d282ef263719ab842e05382dc235f69e,4,4,73,PetDB_MORB_ALL.csv,2026-08-11,EXACT_SAMPLE_URL_AND_CITATION
PETDB|CITATION_SHA1|9e73d03ab759908b,PAPER|PETDB|CITATION_SHA1|9e73d03ab759908b,PAPER|PETDB|CITATION_SHA1|9e73d03ab759908b,"Silantyev, S. A., Buikin, A., ... Bich, A. (2024). GEOCHEMICAL SIGNATURE OF BASALTS OF THE MAR RIFT VALLEY AT 20°31′ N: ORIGIN CONDITIONS OF THE ANOMALOUS VOLCANIC CENTER OF PUY DES FOLLES IN THE AXIAL ZONE OF THE MID-ATLANTIC RIDGE. GEOCHEMISTRY INTERNATIONAL, 62(11), 1111-1122.",https://www.earthchem.org/petdb/citation/3713bdda7149579475f3734e8bd0e14a,3,3,12,PetDB_MORB_ALL.csv,2026-08-11,EXACT_SAMPLE_URL_AND_CITATION
PETDB|CITATION_SHA1|9ea79ce02fcba5e0,PAPER|PETDB|CITATION_SHA1|9ea79ce02fcba5e0,PAPER|PETDB|CITATION_SHA1|9ea79ce02fcba5e0,"Schilling, J., Fontignie, D., ... Kingsley, R. H. (1999). DISPERSION OF THE JAN MAYEN AND ICELAND MANTLE PLUMES IN THE ARCTIC: A HE-PB-ND-SR ISOTOPE TRACER STUDY OF BASALTS FROM THE KOLBEINSEY, MOHNS, AND KNIPOVICH RIDGES. J GEOPHYS RES, 104, 10543-10569.",https://www.earthchem.org/petdb/citation/8f7d807e1f53eff5f9efbe5cb81090fb,1,1,82,PetDB_MORB_ALL.csv,2026-08-11,EXACT_SAMPLE_URL_AND_CITATION
PETDB|CITATION_SHA1|9f9fcb0b979bbec7,PAPER|PETDB|CITATION_SHA1|9f9fcb0b979bbec7,PAPER|PETDB|CITATION_SHA1|9f9fcb0b979bbec7,"Humphris, S. E., Thompson, G., ... Bryan, W. B. (1989). AXIAL VOLCANISM ON THE EAST PACIFIC RISE, 10-12 DEGREE N. GEOL SOC LONDON SPEC PUB, 42, 181-200.",https://www.earthchem.org/petdb/citation/5f93f983524def3dca464469d2cf9f3e,148,148,184,PetDB_MORB_ALL.csv,2026-08-11,EXACT_SAMPLE_URL_AND_CITATION
PETDB|CITATION_SHA1|a0ead0f2367e53b6,PAPER|PETDB|CITATION_SHA1|a0ead0f2367e53b6,PAPER|PETDB|CITATION_SHA1|a0ead0f2367e53b6,"Liias, R. A., Rhodes, J. M., ... Morgan, C. (1990). GEOCHEMISTRY OF AXIAL SEAMOUNT LAVAS: MAGMATIC RELATIONSHIP BETWEEN THE COBB HOTSPOT AND THE JUAN DE FUCA RIDGE. J GEOPHYS RES, 95, 12713-12733.",https://www.earthchem.org/petdb/citation/0777d5c17d4066b82ab86dff8a46af6f,36,36,70,PetDB_MORB_ALL.csv,2026-08-11,EXACT_SAMPLE_URL_AND_CITATION
PETDB|CITATION_SHA1|a0f1b6bb0ef4e7e9,PAPER|PETDB|CITATION_SHA1|a0f1b6bb0ef4e7e9,PAPER|PETDB|CITATION_SHA1|a0f1b6bb0ef4e7e9,"Reid, A. M., Frey, F. A., ... Dick, H. J. B. (1983). GEOCHEMISTRY, MINERALOGY AND PETROGENESIS OF LAVAS ERUPTED ALONG THE SOUTHWEST INDIAN RIDGE BETWEEN THE BOUVET TRIPLE JUNCTION AND 11 DEGREE E. J PETROL, 24, 267-318.",https://www.earthchem.org/petdb/citation/8e296a067a37563370ded05f5a3bf3ec,31,31,77,PetDB_MORB_ALL.csv,2026-08-11,EXACT_SAMPLE_URL_AND_CITATION
PETDB|CITATION_SHA1|a114860a583eba5f,PAPER|PETDB|CITATION_SHA1|a114860a583eba5f,PAPER|PETDB|CITATION_SHA1|a114860a583eba5f,"Coogan, L. A., Thompson, G. M., ... Barry, T. L. (2004). A COMBINED BASALT AND PERIDOTITE PERSPECTIVE ON 14 MILLION YEARS OF MELT GENERATION AT THE ATLANTIS BANK SEGMENT OF THE SOUTHWEST INDIAN RIDGE:EVIDENCE FOR TEMPORAL CHANGES IN MANTLE DYNAMICS?. CHEMICAL GEOLOGY, 207, 13-30.",https://www.earthchem.org/petdb/citation/a9078e8653368c9c291ae2f8b74012e7,6,6,18,PetDB_MORB_ALL.csv,2026-08-11,EXACT_SAMPLE_URL_AND_CITATION
PETDB|CITATION_SHA1|a1ffef6d1065c07e,PAPER|PETDB|CITATION_SHA1|a1ffef6d1065c07e,PAPER|PETDB|CITATION_SHA1|a1ffef6d1065c07e,"Hekinian, R. (1968). ROCKS FROM THE MID-OCEAN RIDGE IN THE INDIAN OCEAN. DEEP SEA RESEARCH, 15, 195-213.",https://www.earthchem.org/petdb/citation/019d385eb67632a7e958e23f24bd07d7,2,2,2,PetDB_MORB_ALL.csv,2026-08-11,EXACT_SAMPLE_URL_AND_CITATION
PETDB|CITATION_SHA1|a209c382994a8d9d,PAPER|PETDB|CITATION_SHA1|a209c382994a8d9d,PAPER|PETDB|CITATION_SHA1|a209c382994a8d9d,"Keller, R. A., Duncan, R. A., ... Fisk, M. R. (1995). GEOCHEMISTRY AND 40AR/39AR GEOCHRONOLOGY OF BASALTS FROM ODP LEG 145 (NORTH PACIFIC TRANSECT). PROC ODP, SCI RESULTS, 145, 333-344.",https://www.earthchem.org/petdb/citation/3323fe11e9595c09af38fe67567a9394,1,1,2,PetDB_MORB_ALL.csv,2026-08-11,EXACT_SAMPLE_URL_AND_CITATION
PETDB|CITATION_SHA1|a22c03feaf071f3a,PAPER|PETDB|CITATION_SHA1|a22c03feaf071f3a,PAPER|PETDB|CITATION_SHA1|a22c03feaf071f3a,"Neumann, E. R., Schilling, J. (1984). PETROLOGY OF BASALTS FROM THE MOHNS-KNIPOVICH RIDGE; THE NORWEGIAN-GREENLAND SEA. CONTRIB MINERAL PETROL, 85, 209-223.",https://www.earthchem.org/petdb/citation/43ec517d68b6edd3015b3edc9a11367b,32,32,235,PetDB_MORB_ALL.csv,2026-08-11,EXACT_SAMPLE_URL_AND_CITATION
PETDB|CITATION_SHA1|a273b9fb7959ea5b,PAPER|PETDB|CITATION_SHA1|a273b9fb7959ea5b,PAPER|PETDB|CITATION_SHA1|a273b9fb7959ea5b,"Sano, T., Sakuyama, T., ... Yamasaki, T. (2011). PETROLOGICAL RELATIONSHIPS AMONG LAVAS, DIKES, AND GABBROS FROM INTEGRATED OCEAN DRILLING PROGRAM HOLE 1256D: INSIGHT INTO THE MAGMA PLUMBING SYSTEM BENEATH THE EAST PACIFIC RISE. GEOCHEM GEOPHYS GEOSYST, 12(6)",https://www.earthchem.org/petdb/citation/b710915795b9e9c02cf10d6d2bdb688c,32,32,158,PetDB_MORB_ALL.csv,2026-08-11,EXACT_SAMPLE_URL_AND_CITATION
PETDB|CITATION_SHA1|a43f28feea9f78f5,PAPER|PETDB|CITATION_SHA1|a43f28feea9f78f5,PAPER|PETDB|CITATION_SHA1|a43f28feea9f78f5,"Huang, J., Casey, J. F., ... Gao, Y. (2009). DATA REPORT: TRACE ELEMENT GEOCHEMISTRY OF THE OCEANIC CRUST FORMED AT SUPERFAST-SPREADING RIDGE, HOLE 1256D. PROC ODP, SCI RESULTS, 309/312, 1-10.",https://www.earthchem.org/petdb/citation/4b4edc2630fe75800ddc29a7b4070add,5,5,141,PetDB_MORB_ALL.csv,2026-08-11,EXACT_SAMPLE_URL_AND_CITATION
PETDB|CITATION_SHA1|a5ed5507c3551728,PAPER|PETDB|CITATION_SHA1|a5ed5507c3551728,PAPER|PETDB|CITATION_SHA1|a5ed5507c3551728,"Della Vedova, B., Taviani, M., ... Bonatti, E. (1984). GEOLOGY OF THE RED SEA TRANSITIONAL REGION (22 DEG N TO 25 DEG N). OCEANOL ACTA, 7, 385-398.",https://www.earthchem.org/petdb/citation/83fa5a432ae55c253d0e60dbfa716723,2,2,2,PetDB_MORB_ALL.csv,2026-08-11,EXACT_SAMPLE_URL_AND_CITATION
PETDB|CITATION_SHA1|a98ffeac4e8bc4e2,PAPER|PETDB|CITATION_SHA1|a98ffeac4e8bc4e2,PAPER|PETDB|CITATION_SHA1|a98ffeac4e8bc4e2,"Fisher, R. L., Hedge, C. E., ... Futa, K. (1979). THE RARE EARTH ABUNDANCES AND RB-SR SYSTEMATICS OF BASALTS, GABBRO, ANORTHOSITE AND MINOR GRANITE ROCKS FROM THE INDIAN OCEAN RIDGE SYSTEM, WESTERN INDIAN OCEAN. CONTRIB MINERAL PETROL, 68, 373-376.",https://www.earthchem.org/petdb/citation/07cdfd23373b17c6b337251c22b7ea57,2,2,8,PetDB_MORB_ALL.csv,2026-08-11,EXACT_SAMPLE_URL_AND_CITATION
PETDB|CITATION_SHA1|ac259e5b4f1e967c,PAPER|PETDB|CITATION_SHA1|ac259e5b4f1e967c,PAPER|PETDB|CITATION_SHA1|ac259e5b4f1e967c,"Humler, E., Whitechurch, H. (1988). PETROLOGY OF BASALTS FROM THE CENTRAL INDIAN RIDGE (LAT. 25 DEGREE 23ÕS, LONG. 70 DEGREE 04ÕE): ESTIMATES OF FREQUENCIES AND FRACTIONAL VOLUMES OF MAGMA INJECTIONS IN A TWO-LAYERED RESERVOIR. EARTH PLANET SCI LETT, 88, 169-181.",https://www.earthchem.org/petdb/citation/7647966b7343c29048673252e490f736,3,3,16,PetDB_MORB_ALL.csv,2026-08-11,EXACT_SAMPLE_URL_AND_CITATION
PETDB|CITATION_SHA1|ac51fa95850e772d,PAPER|PETDB|CITATION_SHA1|ac51fa95850e772d,PAPER|PETDB|CITATION_SHA1|ac51fa95850e772d,"Prytulak, J., Avanzinelli, R., ... Elliott, T. (2014). MELTING VERSUS CONTAMINATION EFFECTS ON 238U_230TH-226RA AND 235U_231PA DISEQUILIBRIA IN LAVAS FROM SAO MIGUEL, AZORES. CHEMICAL GEOLOGY, 381, 94-109.",https://www.earthchem.org/petdb/citation/8c1b6fa97c4288a4514365198566c6fa,9,9,126,PetDB_MORB_ALL.csv,2026-08-11,EXACT_SAMPLE_URL_AND_CITATION
PETDB|CITATION_SHA1|ac9a0577d766b24b,PAPER|PETDB|CITATION_SHA1|ac9a0577d766b24b,PAPER|PETDB|CITATION_SHA1|ac9a0577d766b24b,"Zhang, G., Zeng, Z., ... Turner, S. (2010). GENERATION AND EVOLUTION OF MAGMA BENEATH THE EAST PACIFIC RISE: CONSTRAINTS FROM U-SERIES DISEQUILIBRIUM AND PLAGIOCLASE-HOSTED MELT INCLUSIONS. J VOLCANOL GEOTHERM RES, 193, 1-17.",https://www.earthchem.org/petdb/citation/3bbfdde8842a5c44a0323518eec97cbe,2,2,13,PetDB_MORB_ALL.csv,2026-08-11,EXACT_SAMPLE_URL_AND_CITATION
PETDB|CITATION_SHA1|ae460eafa1b15a96,PAPER|PETDB|CITATION_SHA1|ae460eafa1b15a96,PAPER|PETDB|CITATION_SHA1|ae460eafa1b15a96,"Heft, K., Gillis, K. M., ... Klein, E. M. (2008). ROLE OF UPWELLING HYDROTHERMAL FLUIDS IN THE DEVELOPMENT OF ALTERATION PATTERNS AT FAST SPREADING RIDGES: EVIDENCE FROM THE SHEETED DIKE COMPLEX AT PITO DEEP. GEOCHEM GEOPHYS GEOSYST, 9(5)",https://www.earthchem.org/petdb/citation/cf1f78fe923afe05f7597da2be7a3da8,28,28,177,PetDB_MORB_ALL.csv,2026-08-11,EXACT_SAMPLE_URL_AND_CITATION
PETDB|CITATION_SHA1|ae707db6e96459d2,PAPER|PETDB|CITATION_SHA1|ae707db6e96459d2,PAPER|PETDB|CITATION_SHA1|ae707db6e96459d2,"Erlank, A. J., Kable, E. J. D. (1976). THE SIGNIFICANCE OF INCOMPATIBLE ELEMENTS IN MID-ATLANTIC RIDGE BASALTS FROM 45 DEGREE N WITH PARTICULAR REFERENCE TO ZR/NB. CONTRIB MINERAL PETROL, 54, 281-291.",https://www.earthchem.org/petdb/citation/2a79ea27c279e471f4d180b08d62b00a,1,1,22,PetDB_MORB_ALL.csv,2026-08-11,EXACT_SAMPLE_URL_AND_CITATION
PETDB|CITATION_SHA1|ae7caaa07be06772,PAPER|PETDB|CITATION_SHA1|ae7caaa07be06772,PAPER|PETDB|CITATION_SHA1|ae7caaa07be06772,"Sobolev, A. V., Joron, J., ... Dmitriev, L. V. (1988). MANTLE HETEROGENEITY FROM TRACE ELEMENTS: MAR TRIPLE JUNCTION NEAR 14 DEGREE N. EARTH PLANET SCI LETT, 88, 27-36.",https://www.earthchem.org/petdb/citation/f457c545a9ded88f18ecee47145a72c0,6,6,43,PetDB_MORB_ALL.csv,2026-08-11,EXACT_SAMPLE_URL_AND_CITATION
PETDB|CITATION_SHA1|b01f4c6e050c3e27,PAPER|PETDB|CITATION_SHA1|b01f4c6e050c3e27,PAPER|PETDB|CITATION_SHA1|b01f4c6e050c3e27,"Ballard, R. D., Needham, D., ... Eissen, J. P. (1980). HOMOGENEOUS BASALTS FROM THE EAST PACIFIC RISE AT 21 DEGREE N: STEADY STATE MAGMA RESERVOIRS AT MODERATELY FAST SPREADING CENTERS. OCEANOL ACTA, 3",https://www.earthchem.org/petdb/citation/26657d5ff9020d2abefe558796b99584,14,14,37,PetDB_MORB_ALL.csv,2026-08-11,EXACT_SAMPLE_URL_AND_CITATION
PETDB|CITATION_SHA1|b258234b14df38c6,PAPER|PETDB|CITATION_SHA1|b258234b14df38c6,PAPER|PETDB|CITATION_SHA1|b258234b14df38c6,"Graham, A. L., Nicholls, G. D. (1969). MASS SPECTROGRAPHIC DETERMINATION OF LANTHANIDE ELEMENT CONTENTS IN BASALTS. GEOCHIM COSMOCHIM ACTA, 33, 555-568.",https://www.earthchem.org/petdb/citation/045117b0e0a11a242b9765e79cbf113f,4,4,9,PetDB_MORB_ALL.csv,2026-08-11,EXACT_SAMPLE_URL_AND_CITATION
PETDB|CITATION_SHA1|b35d9a2b78ee7b6d,PAPER|PETDB|CITATION_SHA1|b35d9a2b78ee7b6d,PAPER|PETDB|CITATION_SHA1|b35d9a2b78ee7b6d,"Dmitriev, Y. I. (1980). BASALTS FROM THE EAST PACIFIC RISE NEAR 9 DEG N DRILLED ON DEEP SEA DRILLING PROJECT LEG 54 COMPARED WITH MARGINAL-BASIN AND OCEAN-ISLAND BASALTS. INIT REP DSDP, 54, 695-704.",https://www.earthchem.org/petdb/citation/84f7e69969dea92a925508f7c1f9579a,3,3,6,PetDB_MORB_ALL.csv,2026-08-11,EXACT_SAMPLE_URL_AND_CITATION
PETDB|CITATION_SHA1|b3e52765b7e8b539,PAPER|PETDB|CITATION_SHA1|b3e52765b7e8b539,PAPER|PETDB|CITATION_SHA1|b3e52765b7e8b539,"Dosso, L., Langmuir, C. H., ... Bougault, H. (1999). THE AGE AND DISTRIBUTION OF MANTLE HETEROGENEITY ALONG THE MID-ATLANTIC RIDGE (31-41 DEG N). EARTH PLANET SCI LETT, 170, 269-286.",https://www.earthchem.org/petdb/citation/61b4a64be663682e8cb037d9719ad8cd,9,9,214,PetDB_MORB_ALL.csv,2026-08-11,EXACT_SAMPLE_URL_AND_CITATION
PETDB|CITATION_SHA1|b44628f617733fb3,PAPER|PETDB|CITATION_SHA1|b44628f617733fb3,PAPER|PETDB|CITATION_SHA1|b44628f617733fb3,"Hays, M. R. (2004). INTRA-TRANSFORM VOLCANISM ALONG THE SIQUEIROS FRACTURE ZONE 8DEG 20MIN N TO 8DEG 30MIN N, EAST PACIFIC RISE. THESIS OR DISSERTATION, MASTER'S, UNIVERSITY OF FLORIDA; MONOGRAPHIC",https://www.earthchem.org/petdb/citation/80537a945c7aaa788ccfcdf1b99b5d8f,13,13,29,PetDB_MORB_ALL.csv,2026-08-11,EXACT_SAMPLE_URL_AND_CITATION
PETDB|CITATION_SHA1|b51e4deb67bc42e2,PAPER|PETDB|CITATION_SHA1|b51e4deb67bc42e2,PAPER|PETDB|CITATION_SHA1|b51e4deb67bc42e2,"Guillou, H., Bougault, H., ... Vlastelic, I. (1998). GEOCHEMISTRY OF THE HOLLISTER RIDGE: RELATION WITH THE LOUISVILLE HOTSPOT AND THE PACIFIC-ANTARCTIC RIDGE. EARTH PLANET SCI LETT, 160, 777-793.",https://www.earthchem.org/petdb/citation/8df707a948fac1b4a0f97aa554886ec8,3,3,15,PetDB_MORB_ALL.csv,2026-08-11,EXACT_SAMPLE_URL_AND_CITATION
PETDB|CITATION_SHA1|b5b8c8f8d82ada2b,PAPER|PETDB|CITATION_SHA1|b5b8c8f8d82ada2b,PAPER|PETDB|CITATION_SHA1|b5b8c8f8d82ada2b,"Sano, T., Miyoshi, M., ... Fukuoka, T. (2008). BORON AND CHLORINE CONTENTS OF UPPER OCEANIC CRUST: BASEMENT SAMPLES FROM IODP HOLE 1256D. GEOCHEM GEOPHYS GEOSYST, 9(12)",https://www.earthchem.org/petdb/citation/bad5f33780c42f2588878a9d07405083,20,20,121,PetDB_MORB_ALL.csv,2026-08-11,EXACT_SAMPLE_URL_AND_CITATION
PETDB|CITATION_SHA1|b62dd712230f5755,PAPER|PETDB|CITATION_SHA1|b62dd712230f5755,PAPER|PETDB|CITATION_SHA1|b62dd712230f5755,"Ludden, J. N., Bryan, W. B., ... Thompson, G. (1981). COMPOSITIONAL VARIATION IN NORMAL MORB FROM 22 DEGREE -25 DEGREE N: MID-ATLANTIC RIDGE AND KANE FRACTURE ZONE. J GEOPHYS RES, 86, 11815-11836.",https://www.earthchem.org/petdb/citation/a5bfc9e07964f8dddeb95fc584cd965d,28,28,92,PetDB_MORB_ALL.csv,2026-08-11,EXACT_SAMPLE_URL_AND_CITATION
PETDB|CITATION_SHA1|b67f473b5fc46553,PAPER|PETDB|CITATION_SHA1|b67f473b5fc46553,PAPER|PETDB|CITATION_SHA1|b67f473b5fc46553,"Lopez, M. M., Urrutia, J. F., ... Perez, J. R. (1978). GEOCHEMISTRY AND PETROLOGY OF SOME VOLCANIC ROCKS DREDGED FROM THE GULF OF CALIFORNIA. GEOCHEM J, 12, 127-132.",https://www.earthchem.org/petdb/citation/89fcd07f20b6785b92134bd6c1d0fa42,1,1,7,PetDB_MORB_ALL.csv,2026-08-11,EXACT_SAMPLE_URL_AND_CITATION
PETDB|CITATION_SHA1|b7f12b39592053ab,PAPER|PETDB|CITATION_SHA1|b7f12b39592053ab,PAPER|PETDB|CITATION_SHA1|b7f12b39592053ab,"Shibata, T., Fox, P. J. (1975). FRACTIONATION OF ABYSSAL THOLEIITES; SAMPLES FROM THE OCEANOGRAPHER FRACTURE ZONE (35 DEGREE N, 35 DEGREE W). EARTH PLANET SCI LETT, 27, 62-72.",https://www.earthchem.org/petdb/citation/9188905e74c28e489b44e954ec0b9bca,1,1,29,PetDB_MORB_ALL.csv,2026-08-11,EXACT_SAMPLE_URL_AND_CITATION
PETDB|CITATION_SHA1|b8816b5b42eae91b,PAPER|PETDB|CITATION_SHA1|b8816b5b42eae91b,PAPER|PETDB|CITATION_SHA1|b8816b5b42eae91b,"Nikitczuk, M., Bebout, G., ... Nakamura, E. (2022). NITROGENOUS ALTERED VOLCANIC GLASSES AS TARGETS FOR MARS SAMPLE RETURN: EXAMPLES FROM ANTARCTICA AND ICELAND. JOURNAL OF GEOPHYSICAL RESEARCH: PLANETS, 127(2), null.",https://www.earthchem.org/petdb/citation/43cf3ae60279360eab2d678461a565c3,14,14,31,PetDB_MORB_ALL.csv,2026-08-11,EXACT_SAMPLE_URL_AND_CITATION
PETDB|CITATION_SHA1|b8e94f42a3a42305,PAPER|PETDB|CITATION_SHA1|b8e94f42a3a42305,PAPER|PETDB|CITATION_SHA1|b8e94f42a3a42305,"Barrat, J. A., Jahn, B. M., ... Joron, J. (1993). MAGMA GENESIS IN AN ONGOING RIFTING ZONE: THE TADJOURA GULF (AFAR AREA). GEOCHIM COSMOCHIM ACTA, 57, 2291-2302.",https://www.earthchem.org/petdb/citation/6e7b33fdea3adc80ebd648fffb665bb8,7,7,61,PetDB_MORB_ALL.csv,2026-08-11,EXACT_SAMPLE_URL_AND_CITATION
PETDB|CITATION_SHA1|b92da3761396490e,PAPER|PETDB|CITATION_SHA1|b92da3761396490e,PAPER|PETDB|CITATION_SHA1|b92da3761396490e,"Bougault, H., Treuil, M., ... Joron, J. (1984). MANTLE HETEROGENEITY: ALONG STRIKE VARIATIONS OF HYGROMAGMAPHILE ELEMENTS BETWEEN AZORES AND 10 DEG N. PROC 27TH INT GEOL CONGR, 6, 213-244.",https://www.earthchem.org/petdb/citation/b56a18e0eacdf51aa2a5306b0f533204,4,4,95,PetDB_MORB_ALL.csv,2026-08-11,EXACT_SAMPLE_URL_AND_CITATION
PETDB|CITATION_SHA1|b93042c18e423149,PAPER|PETDB|CITATION_SHA1|b93042c18e423149,PAPER|PETDB|CITATION_SHA1|b93042c18e423149,"Roy-barman, M., Allegre, C. J. (1994). 187OS/186OS IN OCEANIC MID-OCEAN RIDGE BASALTS AND ABYSSAL PERIDOTITES. GEOCHIM COSMOCHIM ACTA, 58, 5043-5054.",https://www.earthchem.org/petdb/citation/c9892a989183de32e976c6f04e700201,2,2,21,PetDB_MORB_ALL.csv,2026-08-11,EXACT_SAMPLE_URL_AND_CITATION
PETDB|CITATION_SHA1|bb8b8f5f161e6e5b,PAPER|PETDB|CITATION_SHA1|bb8b8f5f161e6e5b,PAPER|PETDB|CITATION_SHA1|bb8b8f5f161e6e5b,"Le Roex, A. P., Watkins, R. T., ... Dick, H. J. B. (1992). PETROGENESIS OF ANOMALOUS K-ENRICHED MORB FROM THE SOUTHWEST INDIAN RIDGE: 11 DEGREE 53'E TO 14 DEGREE 38'E. CONTRIB MINERAL PETROL, 110, 253-268.",https://www.earthchem.org/petdb/citation/9cc138f8dc04cbf16240daa92d8d50e2,13,13,59,PetDB_MORB_ALL.csv,2026-08-11,EXACT_SAMPLE_URL_AND_CITATION
PETDB|CITATION_SHA1|bb9f988ab63d4f6f,PAPER|PETDB|CITATION_SHA1|bb9f988ab63d4f6f,PAPER|PETDB|CITATION_SHA1|bb9f988ab63d4f6f,"Shea, G. T. F. (1987). A PETROLOGIC STUDY OF BASALTS FROM THE MAGIC MOUNTAIN HYDROTHERMAL AREA, SOUTHERN EXPLORER RIDGE, NORTHEAST PACIFIC OCEAN. THESIS OR DISSERTATION, MASTER'S, UNIV BC; MONOGRAPHIC",https://www.earthchem.org/petdb/citation/e165421110ba03099a1c0393373c5b43,5,5,58,PetDB_MORB_ALL.csv,2026-08-11,EXACT_SAMPLE_URL_AND_CITATION
PETDB|CITATION_SHA1|bc66d85deffc8151,PAPER|PETDB|CITATION_SHA1|bc66d85deffc8151,PAPER|PETDB|CITATION_SHA1|bc66d85deffc8151,"Yang Yang, A., Zhou, M., ... Xu, J. (2014). CHALCOPHILE ELEMENTAL COMPOSITIONS OF MORBS FROM THE ULTRA-SLOW-SPREADING SOUTHWEST INDIAN RIDGE AND CONTROLS OF LITHOSPHERIC STRUCTURE ON S-SATURATED DIFFERENTIATION. CHEMICAL GEOLOGY, 382, 1-13.",https://www.earthchem.org/petdb/citation/7884a9652e94555c70f96b6be63be216,14,14,41,PetDB_MORB_ALL.csv,2026-08-11,EXACT_SAMPLE_URL_AND_CITATION
PETDB|CITATION_SHA1|bd762a8bf72b1b90,PAPER|PETDB|CITATION_SHA1|bd762a8bf72b1b90,PAPER|PETDB|CITATION_SHA1|bd762a8bf72b1b90,"Sours-page, R. E., Nielsen, R. L., ... Batiza, R. (2002). MELT INCLUSIONS AS INDICATORS OF PARENTAL MAGMA DIVERSITY ON THE NORTHERN EAST PACIFIC RISE. CHEMICAL GEOLOGY, 183, 237-261.",https://www.earthchem.org/petdb/citation/09c6c3783b4a70054da74f2538ed47c6,1,1,1,PetDB_MORB_ALL.csv,2026-08-11,EXACT_SAMPLE_URL_AND_CITATION
PETDB|CITATION_SHA1|bd9378c062b55099,PAPER|PETDB|CITATION_SHA1|bd9378c062b55099,PAPER|PETDB|CITATION_SHA1|bd9378c062b55099,"Chauvel, C., Mertz, D. F., ... Garbe-schönberg, D. (1994). GEOCHEMICAL EFFECTS OF DYNAMIC MELTING BENEATH RIDGES: RECONCILING MAJOR AND TRACE ELEMENT VARIATIONS IN KOLBEINSEY (AND GLOBAL) MID-OCEAN RIDGE BASALT. J GEOPHYS RES, 99, 9077-9095.",https://www.earthchem.org/petdb/citation/bbcbff5c1f1ded46c25d28119a85c6c2,23,23,115,PetDB_MORB_ALL.csv,2026-08-11,EXACT_SAMPLE_URL_AND_CITATION
PETDB|CITATION_SHA1|bef3c376df1d500b,PAPER|PETDB|CITATION_SHA1|bef3c376df1d500b,PAPER|PETDB|CITATION_SHA1|bef3c376df1d500b,"Arcyana,  (1977). ROCKS COLLECTED BY BATHYSCAPH AND DIVING SAUCER IN THE FAMOUS AREA OF THE MID-ATLANTIC RIFT VALLEY: PETROLOGICAL DIVERSITY AND STRUCTURAL SETTING. DEEP SEA RESEARCH, 24, 565-589.",https://www.earthchem.org/petdb/citation/f033ab37c30201f73f142449d037028d,7,7,25,PetDB_MORB_ALL.csv,2026-08-11,EXACT_SAMPLE_URL_AND_CITATION
PETDB|CITATION_SHA1|c016f6e3ab0e3bd5,PAPER|PETDB|CITATION_SHA1|c016f6e3ab0e3bd5,PAPER|PETDB|CITATION_SHA1|c016f6e3ab0e3bd5,"Liias, R. A. (1986). GEOCHEMISTRY AND PETROGENESIS OF BASALTS ERUPTED ALONG THE JUAN DE FUCA RIDGE. THESIS OR DISSERTATION, DOCTORAL, UNIV MASS, AMHERST; MONOGRAPHIC",https://www.earthchem.org/petdb/citation/1d7f7abc18fcb43975065399b0d1e48e,116,116,298,PetDB_MORB_ALL.csv,2026-08-11,EXACT_SAMPLE_URL_AND_CITATION
PETDB|CITATION_SHA1|c0337fa7dbb3c015,PAPER|PETDB|CITATION_SHA1|c0337fa7dbb3c015,PAPER|PETDB|CITATION_SHA1|c0337fa7dbb3c015,"Brant, C., Coogan, L. A., ... Spence, J. (2012). LITHIUM AND LI-ISOTOPES IN YOUNG ALTERED UPPER OCEANIC CRUST FROM THE EAST PACIFIC RISE. GEOCHIM COSMOCHIM ACTA, 96, 272-293.",https://www.earthchem.org/petdb/citation/647c722bf90a49140184672e0d3723e3,9,9,44,PetDB_MORB_ALL.csv,2026-08-11,EXACT_SAMPLE_URL_AND_CITATION
PETDB|CITATION_SHA1|c0525dd76ef8ea6a,PAPER|PETDB|CITATION_SHA1|c0525dd76ef8ea6a,PAPER|PETDB|CITATION_SHA1|c0525dd76ef8ea6a,"Schilling, J., Joron, J., ... Hanan, B. B. (1991). SR-ND-PB GEOCHEMICAL MORPHOLOGY BETWEEN 10 DEGREE  AND 17 DEGREE N ON THE MID-ATLANTIC RIDGE: A NEW MORB ISOTOPE SIGNATURE. EARTH PLANET SCI LETT, 106, 29-43.",https://www.earthchem.org/petdb/citation/c0c7c76d30bd3dcaefc96f40275bdc0a,2,2,38,PetDB_MORB_ALL.csv,2026-08-11,EXACT_SAMPLE_URL_AND_CITATION
PETDB|CITATION_SHA1|c2183a22732b7e26,PAPER|PETDB|CITATION_SHA1|c2183a22732b7e26,PAPER|PETDB|CITATION_SHA1|c2183a22732b7e26,"White, W. M. (1977). GEOCHEMISTRY OF IGNEOUS ROCKS FROM THE CENTRAL NORTH ATLANTIC: THE AZORES AND THE MID-ATLANTIC RIDGE. THESIS OR DISSERTATION, DOCTORAL, URI; MONOGRAPHIC",https://www.earthchem.org/petdb/citation/a684eceee76fc522773286a895bc8436,2,2,196,PetDB_MORB_ALL.csv,2026-08-11,EXACT_SAMPLE_URL_AND_CITATION
PETDB|CITATION_SHA1|c285a800294291f4,PAPER|PETDB|CITATION_SHA1|c285a800294291f4,PAPER|PETDB|CITATION_SHA1|c285a800294291f4,"Lonsdale, P. F., Allan, J. F., ... Batiza, R. (1987). PETROLOGY AND CHEMISTRY OF LAVAS FROM SEAMOUNTS FLANKING THE EAST PACIFIC RISE AXIS, 21 DEG N: IMPLICATIONS CONCERNING THE MANTLE SOURCE COMPOSITION FOR BOTH SEAMOUNT AND ADJACENT EPR LAVAS. AGU GEOPHYS MONOGR, 43, 255-282.",https://www.earthchem.org/petdb/citation/109a0ca3bc27f3e96597370d5c8cf03d,1,1,3,PetDB_MORB_ALL.csv,2026-08-11,EXACT_SAMPLE_URL_AND_CITATION
PETDB|CITATION_SHA1|c3774e50768825ed,PAPER|PETDB|CITATION_SHA1|c3774e50768825ed,PAPER|PETDB|CITATION_SHA1|c3774e50768825ed,"Miller, D. J., Kelley, J. (2004). LOW-TEMPERATURE ALTERATION OF BASALT OVER TIME:  A SYNTHESIS OF RESULTS FROM OCEAN DRILLING PROGRAM LEG 187. PROC ODP, SCI RESULTS, 187",https://www.earthchem.org/petdb/citation/c1e39d912d21c91dce811d6da9929ae8,55,55,173,PetDB_MORB_ALL.csv,2026-08-11,EXACT_SAMPLE_URL_AND_CITATION
PETDB|CITATION_SHA1|c3c3d55ee1bb430b,PAPER|PETDB|CITATION_SHA1|c3c3d55ee1bb430b,PAPER|PETDB|CITATION_SHA1|c3c3d55ee1bb430b,"Clarke, D. B., Cameron, B., ... Bates, J. L. (1989). EARLY TERTIARY BASALTS FROM THE LABRADOR SEA FLOOR AND DAVIS STRAIT. CAN J EARTH SCI, 26, 956-968.",https://www.earthchem.org/petdb/citation/28dd2c7955ce926456240b2ff0100bde,7,7,24,PetDB_MORB_ALL.csv,2026-08-11,EXACT_SAMPLE_URL_AND_CITATION
PETDB|CITATION_SHA1|c412af1ce6c490ff,PAPER|PETDB|CITATION_SHA1|c412af1ce6c490ff,PAPER|PETDB|CITATION_SHA1|c412af1ce6c490ff,"Campsie, J., Brooks, C. K., ... Jakobsson, S. P. (1974). DREDGED BASALTIC ROCKS FROM THE SEAWARD EXTENSIONS OF THE REYKJANES AND SNAEFELLSNES VOLCANIC ZONES, ICELAND. EARTH PLANET SCI LETT, 22, 320-327.",https://www.earthchem.org/petdb/citation/556f391937dfd4398cbac35e050a2177,4,4,8,PetDB_MORB_ALL.csv,2026-08-11,EXACT_SAMPLE_URL_AND_CITATION
PETDB|CITATION_SHA1|c41c8b04b008efd0,PAPER|PETDB|CITATION_SHA1|c41c8b04b008efd0,PAPER|PETDB|CITATION_SHA1|c41c8b04b008efd0,"Kendrick, M. A. (2019). HALOGENS IN ALTERED OCEAN CRUST FROM THE EAST PACIFIC RISE (ODP\/IODP HOLE 1256D). GEOCHIMICA ET COSMOCHIMICA ACTA, 261, 93-112.",https://www.earthchem.org/petdb/citation/4837ba5cd49c7f03caaa423049e66daf,1,1,17,PetDB_MORB_ALL.csv,2026-08-11,EXACT_SAMPLE_URL_AND_CITATION
PETDB|CITATION_SHA1|c4773d98c3babea8,PAPER|PETDB|CITATION_SHA1|c4773d98c3babea8,PAPER|PETDB|CITATION_SHA1|c4773d98c3babea8,"Wilson, S., Murton, B. J., ... Taylor, R. N. (2013). MANTLE COMPOSITION CONTROLS THE DEVELOPMENT OF AN OCEANIC CORE COMPLEX. GEOCHEM GEOPHYS GEOSYST, 40(4), 979-995.",https://www.earthchem.org/petdb/citation/ef41d488755367316f04fc0e0e9dc9fc,124,124,500,PetDB_MORB_ALL.csv,2026-08-11,EXACT_SAMPLE_URL_AND_CITATION
PETDB|CITATION_SHA1|c83eb0532ce6db0b,PAPER|PETDB|CITATION_SHA1|c83eb0532ce6db0b,PAPER|PETDB|CITATION_SHA1|c83eb0532ce6db0b,"Clauer, N., Vidal, P. (1981). PB AND SR ISOTOPIC SYSTEMATICS OF SOME BASALTS AND SULFIDES FROM THE EAST PACIFIC RISE AT 21 DEGREE N (PROJECT RITA). EARTH PLANET SCI LETT, 55, 237-246.",https://www.earthchem.org/petdb/citation/edfbe1afcf9246bb0d40eb4d8027d90f,3,3,21,PetDB_MORB_ALL.csv,2026-08-11,EXACT_SAMPLE_URL_AND_CITATION
PETDB|CITATION_SHA1|c8b851c825237b41,PAPER|PETDB|CITATION_SHA1|c8b851c825237b41,PAPER|PETDB|CITATION_SHA1|c8b851c825237b41,"Schilling, J., Hanan, B. B., ... Kingsley, R. H. (1986). PB ISOTOPE EVIDENCE IN THE SOUTH ATLANTIC FOR MIGRATING RIDGE-HOT SPOT INTERACTIONS. NATURE, 322, 137-144.",https://www.earthchem.org/petdb/citation/060ad92489947d410d897474079c1477,1,1,31,PetDB_MORB_ALL.csv,2026-08-11,EXACT_SAMPLE_URL_AND_CITATION
PETDB|CITATION_SHA1|c8e07f76b5fb469e,PAPER|PETDB|CITATION_SHA1|c8e07f76b5fb469e,PAPER|PETDB|CITATION_SHA1|c8e07f76b5fb469e,"Sims, K. W. W., Blichert-toft, J., ... Donnellan, N. C. B. (2002). CHEMICAL AND ISOTOPIC CONSTRAINTS ON THE GENERATION AND TRANSPORT OF MAGMA BENEATH THE EAST PACIFIC RISE. GEOCHIM COSMOCHIM ACTA, 66, 3481-3504.",https://www.earthchem.org/petdb/citation/4d2e7bd33c475784381a64e43e50922f,20,20,23,PetDB_MORB_ALL.csv,2026-08-11,EXACT_SAMPLE_URL_AND_CITATION
PETDB|CITATION_SHA1|c9f237a8b32b045c,PAPER|PETDB|CITATION_SHA1|c9f237a8b32b045c,PAPER|PETDB|CITATION_SHA1|c9f237a8b32b045c,"Allegre, C. J., Rousseau, D., ... Lambret, B. (1981). LIMITATIONS ON THE SCALE OF MANTLE HETEROGENEITIES UNDER OCEANIC RIDGES, LEAD AND STRONTIUM ISOTOPE VARIATIONS IN THE FAMOUS AND CYAMEX AREAS. NATURE, 294, 552-554.",https://www.earthchem.org/petdb/citation/38af86134b65d0f10fe33d30dd76442e,3,3,43,PetDB_MORB_ALL.csv,2026-08-11,EXACT_SAMPLE_URL_AND_CITATION
PETDB|CITATION_SHA1|cd63c14785d91464,PAPER|PETDB|CITATION_SHA1|cd63c14785d91464,PAPER|PETDB|CITATION_SHA1|cd63c14785d91464,"Moore, J. G. (1970). WATER CONTENT OF BASALT ERUPTED ON THE OCEAN FLOOR. CONTRIB MINERAL PETROL, 28, 272-279.",https://www.earthchem.org/petdb/citation/e5841df2166dd424a57127423d276bbe,9,9,27,PetDB_MORB_ALL.csv,2026-08-11,EXACT_SAMPLE_URL_AND_CITATION
PETDB|CITATION_SHA1|ce8e12c20939b930,PAPER|PETDB|CITATION_SHA1|ce8e12c20939b930,PAPER|PETDB|CITATION_SHA1|ce8e12c20939b930,"Davis, A. S., White, W. M., ... Clague, D. A. (1998). GEOCHEMISTRY OF BASALT FROM ESCANABA TROUGH: EVIDENCE FOR SEDIMENT CONTAMINATION. J PETROL, 39, 841-858.",https://www.earthchem.org/petdb/citation/aeb3135b436aa55373822c010763dd54,1,1,17,PetDB_MORB_ALL.csv,2026-08-11,EXACT_SAMPLE_URL_AND_CITATION
PETDB|CITATION_SHA1|cfd5019498a89bf8,PAPER|PETDB|CITATION_SHA1|cfd5019498a89bf8,PAPER|PETDB|CITATION_SHA1|cfd5019498a89bf8,"Eissen, J. P. (1982). PETROLOGIE COMPAREE DE BASALTES DE DIFFERENTS SEGMENTS DE ZONES D'ACCRETION OCEANIQUE Ë TAUX D'ACCRETION VARIES (MER ROUGE, ATLANTIQUE, PACIFIQUE). THESIS OR DISSERTATION, DOCTORAL, UNIV STRASBOURG; MONOGRAPHIC",https://www.earthchem.org/petdb/citation/051e4e127b92f5d98d3c79b195f2b291,183,183,444,PetDB_MORB_ALL.csv,2026-08-11,EXACT_SAMPLE_URL_AND_CITATION
PETDB|CITATION_SHA1|d151c0aed76acd1c,PAPER|PETDB|CITATION_SHA1|d151c0aed76acd1c,PAPER|PETDB|CITATION_SHA1|d151c0aed76acd1c,"Hoernle, K., Van Den Bogaard, P., ... Mocek, B. (1999). EVIDENCE FOR MIOCENE SUBDUCTION BENEATH THE ALBORAN SEA: AR40_AR39 DATING AND GEOCHEMISTRY OF VOLCANIC ROCKS FROM HOLES 977A AND 978A. PROC ODP, SCI RESULTS, 161, 357-373.",https://www.earthchem.org/petdb/citation/db116b39f7a3ac5366079b1d9fe249a5,2,2,9,PetDB_MORB_ALL.csv,2026-08-11,EXACT_SAMPLE_URL_AND_CITATION
PETDB|CITATION_SHA1|d15f01acbd2401ba,PAPER|PETDB|CITATION_SHA1|d15f01acbd2401ba,PAPER|PETDB|CITATION_SHA1|d15f01acbd2401ba,"Ryan, J. G., Langmuir, C. H. (1987). THE SYSTEMATICS OF LITHIUM ABUNDANCES IN YOUNG VOLCANIC ROCKS. GEOCHIM COSMOCHIM ACTA, 51, 1727-1741.",https://www.earthchem.org/petdb/citation/1543843a4723ed2ab08e18053ae6dc5b,4,4,8,PetDB_MORB_ALL.csv,2026-08-11,EXACT_SAMPLE_URL_AND_CITATION
PETDB|CITATION_SHA1|d309da0be80817b6,PAPER|PETDB|CITATION_SHA1|d309da0be80817b6,PAPER|PETDB|CITATION_SHA1|d309da0be80817b6,"Meyzen, C. M., Ludden, J. N., ... Storey, M. (2005). NEW INSIGHTS INTO THE ORIGIN AND DISTRIBUTION OF THE DUPAL ISOTOPE ANOMALY IN THE INDIAN OCEAN MANTLE FROM MORB OF THE SOUTHWEST INDIAN RIDGE. GEOCHEM GEOPHYS GEOSYST, 6(11)",https://www.earthchem.org/petdb/citation/c0a271bc0ecb776a094786474322cb82,4,4,208,PetDB_MORB_ALL.csv,2026-08-11,EXACT_SAMPLE_URL_AND_CITATION
PETDB|CITATION_SHA1|d4539e7183c0d1d6,PAPER|PETDB|CITATION_SHA1|d4539e7183c0d1d6,PAPER|PETDB|CITATION_SHA1|d4539e7183c0d1d6,"Subbarao, K. V. (1972). THE STRONTIUM ISOTOPIC COMPOSITION OF BASALTS FROM THE EAST PACIFIC AND CHILE RISES AND ABYSSAL HILLS IN THE EASTERN PACIFIC OCEAN. CONTRIB MINERAL PETROL, 37, 111.",https://www.earthchem.org/petdb/citation/13f9896df61279c928f19721878fac41,1,1,28,PetDB_MORB_ALL.csv,2026-08-11,EXACT_SAMPLE_URL_AND_CITATION
PETDB|CITATION_SHA1|d5729a11721b19e5,PAPER|PETDB|CITATION_SHA1|d5729a11721b19e5,PAPER|PETDB|CITATION_SHA1|d5729a11721b19e5,"Erzinger, J., Bach, W. (1995). VOLATILE COMPONENTS IN BASALTS AND BASALTIC GLASSES FROM THE EPR AT 9 DEG 30 N. PROC ODP, SCI RESULTS, 142, 23-29.",https://www.earthchem.org/petdb/citation/021bbc7ee20b71134d53e20206bd6feb,1,1,23,PetDB_MORB_ALL.csv,2026-08-11,EXACT_SAMPLE_URL_AND_CITATION
PETDB|CITATION_SHA1|d5a09dddf7e7b602,PAPER|PETDB|CITATION_SHA1|d5a09dddf7e7b602,PAPER|PETDB|CITATION_SHA1|d5a09dddf7e7b602,"Barker, A. K., Coogan, L. A., ... Gillis, K. M. (2010). INSIGHTS INTO THE BEHAVIOUR OF SULPHUR IN MID-OCEAN RIDGE AXIAL HYDROTHERMAL SYSTEMS FROM THE COMPOSITION OF THE SHEETED DYKE COMPLEX AT PITO DEEP. CHEMICAL GEOLOGY, 275, 105-115.",https://www.earthchem.org/petdb/citation/cec6f62cfb44b1be110b7bf70c8362d8,12,12,186,PetDB_MORB_ALL.csv,2026-08-11,EXACT_SAMPLE_URL_AND_CITATION
PETDB|CITATION_SHA1|d807a485a47014c9,PAPER|PETDB|CITATION_SHA1|d807a485a47014c9,PAPER|PETDB|CITATION_SHA1|d807a485a47014c9,"Hohenberg, C. M., Podosek, F. A., ... Batiza, R. (1979). RELATIONS OF NOBLE GAS ABUNDANCES TO PETROGENESIS AND MAGMATIC EVOLUTION OF SOME OCEANIC BASALTS AND DIFFERENTIATED VOLCANIC ROCKS. CONTRIB MINERAL PETROL, 69, 301-313.",https://www.earthchem.org/petdb/citation/5f2c22cb4a5380af7ca75622a6426917,1,1,8,PetDB_MORB_ALL.csv,2026-08-11,EXACT_SAMPLE_URL_AND_CITATION
PETDB|CITATION_SHA1|d8cea20e2f10faea,PAPER|PETDB|CITATION_SHA1|d8cea20e2f10faea,PAPER|PETDB|CITATION_SHA1|d8cea20e2f10faea,"Scoon, J. H., Muir, I. D., ... Tilley, C. E. (1964). BASALTS FROM THE NORTHERN PART OF THE RIFT ZONE OF THE MID-ATLANTIC RIDGE. J PETROL, 5, 409-434.",https://www.earthchem.org/petdb/citation/6974ce5ac660610b44d9b9fed0ff9548,3,3,18,PetDB_MORB_ALL.csv,2026-08-11,EXACT_SAMPLE_URL_AND_CITATION
PETDB|CITATION_SHA1|d9ad1e0aac379a09,PAPER|PETDB|CITATION_SHA1|d9ad1e0aac379a09,PAPER|PETDB|CITATION_SHA1|d9ad1e0aac379a09,"Pineau, F., Shilobreeva, S., ... Javoy, M. (2004). DEEP-SEA EXPLOSIVE ACTIVITY ON THE MID-ATLANTIC RIDGE NEAR 34 50 N: A STABLE ISOTOPE (C, H, O) STUDY. CHEMICAL GEOLOGY, 211, 159-175.",https://www.earthchem.org/petdb/citation/f4573fc71c731d5c362f0d7860945b88,1,1,10,PetDB_MORB_ALL.csv,2026-08-11,EXACT_SAMPLE_URL_AND_CITATION
PETDB|CITATION_SHA1|da3d2a075ded3384,PAPER|PETDB|CITATION_SHA1|da3d2a075ded3384,PAPER|PETDB|CITATION_SHA1|da3d2a075ded3384,"Church, S. E., Tatsumoto, M. (1975). LEAD ISOTOPE RELATIONS IN OCEANIC RIDGE BASALTS FROM THE JUAN DE FUCA-GORDA RIDGE AREA, NE PACIFIC OCEAN. CONTRIB MINERAL PETROL, 53, 253-279.",https://www.earthchem.org/petdb/citation/eae27d77ca20db309e056e3d2dcd7d69,3,3,84,PetDB_MORB_ALL.csv,2026-08-11,EXACT_SAMPLE_URL_AND_CITATION
PETDB|CITATION_SHA1|de21dc27876fac41,PAPER|PETDB|CITATION_SHA1|de21dc27876fac41,PAPER|PETDB|CITATION_SHA1|de21dc27876fac41,"O'nions, R. K., Pankhurst, R. J. (1974). PETROGENETIC SIGNIFICANCE OF ISOTOPE AND TRACE ELEMENT VARIATIONS IN VOLCANIC ROCKS FROM THE MID-ATLANTIC. J PETROL, 15, 603-634.",https://www.earthchem.org/petdb/citation/084b6fbb10729ed4da8c3d3f5a3ae7c9,1,1,21,PetDB_MORB_ALL.csv,2026-08-11,EXACT_SAMPLE_URL_AND_CITATION
PETDB|CITATION_SHA1|df45b95bd9dab401,PAPER|PETDB|CITATION_SHA1|df45b95bd9dab401,PAPER|PETDB|CITATION_SHA1|df45b95bd9dab401,"Yamazaki, S., Neo, N., ... Miyashita, S. (2009). DATA REPORT: WHOLE-ROCK MAJOR AND TRACE ELEMENTS AND MINERAL COMPOSITIONS OF THE SHEETED DIKE-GABBRO TRANSITION IN ODP HOLE 1256D. PROC ODP, SCI RESULTS, 309/312, 1-31.",https://www.earthchem.org/petdb/citation/598920e11d1eb2a49501d59fce5ecbb7,7,7,21,PetDB_MORB_ALL.csv,2026-08-11,EXACT_SAMPLE_URL_AND_CITATION
PETDB|CITATION_SHA1|dfeb7f7964f3b2c3,PAPER|PETDB|CITATION_SHA1|dfeb7f7964f3b2c3,PAPER|PETDB|CITATION_SHA1|dfeb7f7964f3b2c3,"Kingsley, R. H., Schilling, J., ... Thompson, G. (1985). PETROLOGICAL AND GEOCHEMICAL VARIATIONS ALONG THE MID-ATLANTIC RIDGE BETWEEN 46 DEGREE S AND 32 DEGREE S: INFLUENCE OF THE TRISTAN DE CUNHA MANTLE PLUME. GEOCHIM COSMOCHIM ACTA, 49, 1445-1464.",https://www.earthchem.org/petdb/citation/54229abfcfa5649e7003b83dd4755294,32,32,170,PetDB_MORB_ALL.csv,2026-08-11,EXACT_SAMPLE_URL_AND_CITATION
PETDB|CITATION_SHA1|e230df1f3ccb6418,PAPER|PETDB|CITATION_SHA1|e230df1f3ccb6418,PAPER|PETDB|CITATION_SHA1|e230df1f3ccb6418,"Chen, L., Tang, L., ... Dong, Y. (2016). MANTLE SOURCE HETEROGENEITY AND MAGMATIC EVOLUTION AT CARLSBERG RIDGE (3.7°N): CONSTRAINS FROM ELEMENTAL AND ISOTOPIC (SR, ND, PB) DATA. MARINE GEOPHYS RES",https://www.earthchem.org/petdb/citation/52b738b303d90a884137546353e09ebb,7,7,10,PetDB_MORB_ALL.csv,2026-08-11,EXACT_SAMPLE_URL_AND_CITATION
PETDB|CITATION_SHA1|e56d75bc9077f4aa,PAPER|PETDB|CITATION_SHA1|e56d75bc9077f4aa,PAPER|PETDB|CITATION_SHA1|e56d75bc9077f4aa,"Haskin, L. A., Poetz, J. A., ... Haskin, M. A. (1968). RARE EARTH ABUNDANCES IN SOME BASIC ROCKS. J GEOPHYS RES, 73, 6085-6098.",https://www.earthchem.org/petdb/citation/8f53295a73878494e9bc8dd6c3c7104f,1,1,8,PetDB_MORB_ALL.csv,2026-08-11,EXACT_SAMPLE_URL_AND_CITATION
PETDB|CITATION_SHA1|e5add29c1ec0a2c7,PAPER|PETDB|CITATION_SHA1|e5add29c1ec0a2c7,PAPER|PETDB|CITATION_SHA1|e5add29c1ec0a2c7,"Satir, M., Bach, W., ... Hegner, E. (1994). CHEMICAL AND ISOTOPIC VARIATIONS ALONG THE SUPERFAST SPREADING EAST PACIFIC RISE FROM 6 DEGREE  TO 30 DEGREE S. CONTRIB MINERAL PETROL, 116, 365-380.",https://www.earthchem.org/petdb/citation/816b112c6105b3ebd537828a39af4818,2,2,11,PetDB_MORB_ALL.csv,2026-08-11,EXACT_SAMPLE_URL_AND_CITATION
PETDB|CITATION_SHA1|e63a6fb38446a924,PAPER|PETDB|CITATION_SHA1|e63a6fb38446a924,PAPER|PETDB|CITATION_SHA1|e63a6fb38446a924,"Stewart, S., Klein, E. M., ... Brophy, J. G. (2003). GEOCHEMICAL RELATIONSHIPS BETWEEN DIKES AND LAVAS AT THE HESS DEEP RIFT:  IMPLICATIONS FOR MAGMA ERUPTIBILITY. J GEOPHYS RES, 108(B4)",https://www.earthchem.org/petdb/citation/9683cc5f89562ea48e72bb321d9f03fb,4,4,12,PetDB_MORB_ALL.csv,2026-08-11,EXACT_SAMPLE_URL_AND_CITATION
PETDB|CITATION_SHA1|e67071ed0f471f25,PAPER|PETDB|CITATION_SHA1|e67071ed0f471f25,PAPER|PETDB|CITATION_SHA1|e67071ed0f471f25,"Molendijk, S., Namur, O., ... Neave, D. (2024). MANTLE SOURCES UNDERLYING NYIRAGONGO VOLCANO. CHEMICAL GEOLOGY, 122607.",https://www.earthchem.org/petdb/citation/d403137434343677b98efc88cbd5493d,6,6,15,PetDB_MORB_ALL.csv,2026-08-11,EXACT_SAMPLE_URL_AND_CITATION
PETDB|CITATION_SHA1|e702c1aa832c0607,PAPER|PETDB|CITATION_SHA1|e702c1aa832c0607,PAPER|PETDB|CITATION_SHA1|e702c1aa832c0607,"Cousens, B. L., Weis, D., ... Scott, S. D. (2017). RADIOGENIC ISOTOPES IN ENRICHED MID-OCEAN RIDGE BASALTS FROM EXPLORER RIDGE, NORTHEAST PACIFIC OCEAN. GCA, 213, 90.",https://www.earthchem.org/petdb/citation/75df63609809c7a2052fdffe5c00a84e,1,1,16,PetDB_MORB_ALL.csv,2026-08-11,EXACT_SAMPLE_URL_AND_CITATION
PETDB|CITATION_SHA1|e737129319643feb,PAPER|PETDB|CITATION_SHA1|e737129319643feb,PAPER|PETDB|CITATION_SHA1|e737129319643feb,"Fisher, R. L., Natland, J. H., ... Le Roex, A. P. (1992). SOUTHWESTERN LIMITS OF INDIAN OCEAN RIDGE MANTLE AND THE ORIGIN OF LOW 206PB/204PB MID-OCEAN RIDGE BASALT: ISOTOPE SYSTEMATICS OF THE CENTRAL SOUTHWEST INDIAN RIDGE (17 DEGREE -50 DEGREE E). J GEOPHYS RES, 97, 19771-19790.",https://www.earthchem.org/petdb/citation/6ea9ab1baa0efb9e19094440c317e21b,9,9,74,PetDB_MORB_ALL.csv,2026-08-11,EXACT_SAMPLE_URL_AND_CITATION
PETDB|CITATION_SHA1|e8dc4b1a5027aae5,PAPER|PETDB|CITATION_SHA1|e8dc4b1a5027aae5,PAPER|PETDB|CITATION_SHA1|e8dc4b1a5027aae5,"Geshi, N., Umino, S., ... Hilde, T. W. C. (2007). DISCRETE PLUMBING SYSTEMS AND HETEROGENEOUS MAGMA SOURCES OF A 24 KM3 OFF-AXIS LAVA FIELD ON THE WESTERN FLANK OF EAST PACIFIC RISE, 14 DEG S. EARTH PLANET SCI LETT, 258, 61-72.",https://www.earthchem.org/petdb/citation/d1dc3a8270a6f9394f88847d7f0050cf,34,34,87,PetDB_MORB_ALL.csv,2026-08-11,EXACT_SAMPLE_URL_AND_CITATION
PETDB|CITATION_SHA1|e93280025a898221,PAPER|PETDB|CITATION_SHA1|e93280025a898221,PAPER|PETDB|CITATION_SHA1|e93280025a898221,"Natland, J. H. (1989). PARTIAL MELTING OF A LITHOLOGICALLY HETEROGENEOUS MANTLE: INFERENCES FROM CRYSTALLIZATION HISTORIES OF MAGNESIAN ABYSSAL THOLEIITES FROM THE SIQUEIROS FRACTURE ZONE. GEOL SOC LONDON SPEC PUB, 42, 41-70.",https://www.earthchem.org/petdb/citation/e2ef524fbf3d9fe611d5a8e90fefdc9c,2,2,5,PetDB_MORB_ALL.csv,2026-08-11,EXACT_SAMPLE_URL_AND_CITATION
PETDB|CITATION_SHA1|e997c9b1bcd5f40a,PAPER|PETDB|CITATION_SHA1|e997c9b1bcd5f40a,PAPER|PETDB|CITATION_SHA1|e997c9b1bcd5f40a,"Vinogradov, A. P., Dmitriev, L. V., ... Udintsev, G. (1969). THE STRUCTURE OF THE MID-OCEANIC RIFT ZONE OF THE INDIAN OCEAN AND ITS PLACE IN THE WORLD RIFT SYSTEM. TECTONOPHYSICS, 8, 377-401.",https://www.earthchem.org/petdb/citation/912d2b1c7b2826caf99687388d2e8f7c,12,12,13,PetDB_MORB_ALL.csv,2026-08-11,EXACT_SAMPLE_URL_AND_CITATION
PETDB|CITATION_SHA1|eb9b9ef88961722a,PAPER|PETDB|CITATION_SHA1|eb9b9ef88961722a,PAPER|PETDB|CITATION_SHA1|eb9b9ef88961722a,"Marques, A. F. A., Scott, S. D., ... Fouquet, Y. (2009). PRE-ERUPTION HISTORY OF ENRICHED MORB FROM THE MENEZ GWEN (37 deg 50' N) AND LUCKY STRIKE (37 deg 17' N) HYDROTHERMAL SYSTEMS, MID-ATLANTIC RIDGE. LITHOS, 112, 18-39.",https://www.earthchem.org/petdb/citation/a424ed4bd3a7d6aea720b86d4a360f75,10,10,25,PetDB_MORB_ALL.csv,2026-08-11,EXACT_SAMPLE_URL_AND_CITATION
PETDB|CITATION_SHA1|ec2279848fda38ed,PAPER|PETDB|CITATION_SHA1|ec2279848fda38ed,PAPER|PETDB|CITATION_SHA1|ec2279848fda38ed,"Fodor, R. V., Rosendahl, B. R. (1980). PETROLOGY OF BASALT DREDGED FROM THE CENTRAL AXIS OF THE GALAPAGOS SPREADING CENTER. INIT REP DSDP, 54, 751-753.",https://www.earthchem.org/petdb/citation/8a0e1141fd37fa5b98d5bb769ba1a7cc,1,1,2,PetDB_MORB_ALL.csv,2026-08-11,EXACT_SAMPLE_URL_AND_CITATION
PETDB|CITATION_SHA1|ec8774234b413fa8,PAPER|PETDB|CITATION_SHA1|ec8774234b413fa8,PAPER|PETDB|CITATION_SHA1|ec8774234b413fa8,"Reid, A. M., Erlank, A. J., ... Dick, H. J. B. (1987). LOCAL AND REGIONAL HETEROGENEITY IN MORB FROM THE MID-ATLANTIC RIDGE BETWEEN 54.5 DEGREE S AND 51 DEGREE S: EVIDENCE FOR GEOCHEMICAL ENRICHMENT. GEOCHIM COSMOCHIM ACTA, 51, 541-555.",https://www.earthchem.org/petdb/citation/f4b9ec30ad9f68f89b29639786cb62ef,27,27,63,PetDB_MORB_ALL.csv,2026-08-11,EXACT_SAMPLE_URL_AND_CITATION
PETDB|CITATION_SHA1|ed19ab1eb5c29921,PAPER|PETDB|CITATION_SHA1|ed19ab1eb5c29921,PAPER|PETDB|CITATION_SHA1|ed19ab1eb5c29921,"Machida, S., Okino, K., ... Kato, Y. (2025). ANALYSES ACROSS A MID-OCEAN RIDGE GIVE THE SCALE OF PLUME-FED HETEROGENEITY. LITHOS, 108175.",https://www.earthchem.org/petdb/citation/6651526b6fb8f29a00507de6a49ce30f,42,42,42,PetDB_MORB_ALL.csv,2026-08-11,EXACT_SAMPLE_URL_AND_CITATION
PETDB|CITATION_SHA1|ed6e7038b815c4b0,PAPER|PETDB|CITATION_SHA1|ed6e7038b815c4b0,PAPER|PETDB|CITATION_SHA1|ed6e7038b815c4b0,"Salters, V. J. M., Mallick, S., ... Stracke, A. (2011). DOMAINS OF DEPLETED MANTLE: NEW EVIDENCE FROM HAFNIUM AND NEODYMIUM ISOTOPES. GEOCHEM GEOPHYS GEOSYST, 12(8)",https://www.earthchem.org/petdb/citation/a1afc58c6ca9540d057299ec3016d726,1,1,81,PetDB_MORB_ALL.csv,2026-08-11,EXACT_SAMPLE_URL_AND_CITATION
PETDB|CITATION_SHA1|edcd8e2c17694fce,PAPER|PETDB|CITATION_SHA1|edcd8e2c17694fce,PAPER|PETDB|CITATION_SHA1|edcd8e2c17694fce,"Cann, J. R., Vine, F. J. (1966). AN AREA ON THE CREST OF THE CARLSBERG RIDGE; PETROLOGY AND MAGNETIC SURVEY. PHIL TRANS R SOC LOND, A259, 198-217.",https://www.earthchem.org/petdb/citation/0fcbc61acd0479dc77e3cccc0f5ffca7,2,2,4,PetDB_MORB_ALL.csv,2026-08-11,EXACT_SAMPLE_URL_AND_CITATION
PETDB|CITATION_SHA1|ee2dc6766905e379,PAPER|PETDB|CITATION_SHA1|ee2dc6766905e379,PAPER|PETDB|CITATION_SHA1|ee2dc6766905e379,"Bonatti, E., Honnorez, J., ... Keil, K. (1976). ULTRAMAFIC AND MAFIC DREDGE SAMPLES FROM THE EQUATORIAL MID-ATLANTIC RIDGE AND FRACTURE ZONE. J GEOPHYS RES, 81, 4087-4103.",https://www.earthchem.org/petdb/citation/2421fcb1263b9530df88f7f002e78ea5,1,1,1,PetDB_MORB_ALL.csv,2026-08-11,EXACT_SAMPLE_URL_AND_CITATION
PETDB|CITATION_SHA1|f00393198099c7bd,PAPER|PETDB|CITATION_SHA1|f00393198099c7bd,PAPER|PETDB|CITATION_SHA1|f00393198099c7bd,"Stubseid, H., Bjerga, A., ... Pedersen, R. B. (2024). EXTREME MANTLE HETEROGENEITY REVEALED BY GEOCHEMICAL INVESTIGATION OF IN SITU LAVAS AT THE CENTRAL MOHNS RIDGE, ARCTIC MID‐OCEAN RIDGES. GEOCHEMISTRY, GEOPHYSICS, GEOSYSTEMS, 25(11), null.",https://www.earthchem.org/petdb/citation/d80126524c1e9641333502c664fc6ca1,9,9,9,PetDB_MORB_ALL.csv,2026-08-11,EXACT_SAMPLE_URL_AND_CITATION
PETDB|CITATION_SHA1|f006c09415d5c911,PAPER|PETDB|CITATION_SHA1|f006c09415d5c911,PAPER|PETDB|CITATION_SHA1|f006c09415d5c911,"Graham, D. G., Delaney, J. R., ... Muenow, D. W. (1978). ABUNDANCE AND DISTRIBUTION OF WATER, CARBON AND SULFUR IN THE GLASSY RIMS OF SUBMARINE PILLOW BASALTS. GEOCHIM COSMOCHIM ACTA, 42, 581-594.",https://www.earthchem.org/petdb/citation/06409663226af2f3114485aa4e0a23b4,7,7,7,PetDB_MORB_ALL.csv,2026-08-11,EXACT_SAMPLE_URL_AND_CITATION
PETDB|CITATION_SHA1|f2c108f1871aa915,PAPER|PETDB|CITATION_SHA1|f2c108f1871aa915,PAPER|PETDB|CITATION_SHA1|f2c108f1871aa915,"Niu, Y., Hebert, R., ... Bideau, R. D. (1995). MAGMATISM IN THE GARRETT TRANSFORM FAULT (EAST PACIFIC RISE NEAR 13 DEGREE 27 S). J GEOPHYS RES, 100, 10163-10185.",https://www.earthchem.org/petdb/citation/2b24d495052a8ce66358eb576b8912c8,9,9,23,PetDB_MORB_ALL.csv,2026-08-11,EXACT_SAMPLE_URL_AND_CITATION
PETDB|CITATION_SHA1|f2d85181284e1a7f,PAPER|PETDB|CITATION_SHA1|f2d85181284e1a7f,PAPER|PETDB|CITATION_SHA1|f2d85181284e1a7f,"Engel, C. G., Fisher, R. L. (1969). LHERZOLITE, ANORTHOSITE, GABBRO, AND BASALT DREDGED FROM THE MID-INDIAN OCEAN RIDGE. SCIENCE, 166, 1136-1141.",https://www.earthchem.org/petdb/citation/e07413354875be01a996dc560274708e,1,1,18,PetDB_MORB_ALL.csv,2026-08-11,EXACT_SAMPLE_URL_AND_CITATION
PETDB|CITATION_SHA1|f30b64d2b91fedb9,PAPER|PETDB|CITATION_SHA1|f30b64d2b91fedb9,PAPER|PETDB|CITATION_SHA1|f30b64d2b91fedb9,"Chadwick, J., Perfit, M. R., ... Smith, M. (2005). MAGMATIC EFFECTS OF THE COBB HOT SPOT ON THE JUAN DE FUCA RIDGE. J GEOPHYS RES, 110, 16.",https://www.earthchem.org/petdb/citation/b132ecc1609bfcf302615847c1caa69a,1,1,1,PetDB_MORB_ALL.csv,2026-08-11,EXACT_SAMPLE_URL_AND_CITATION
PETDB|CITATION_SHA1|f35094a8125ffadb,PAPER|PETDB|CITATION_SHA1|f35094a8125ffadb,PAPER|PETDB|CITATION_SHA1|f35094a8125ffadb,"Le Roux, P. J. (2000). THE GEOCHEMISTRY OF SELECTED MID-OCEAN RIDGE BASALTS FROM THE SOUTHERN MID-ATLANTIC RIDGE (40-55 DEG S). THESIS OR DISSERTATION, DOCTORAL, UNIV CAPE TOWN; MONOGRAPHIC",https://www.earthchem.org/petdb/citation/e58cc5ca94270acaceed13bc82dfedf7,32,32,186,PetDB_MORB_ALL.csv,2026-08-11,EXACT_SAMPLE_URL_AND_CITATION
PETDB|CITATION_SHA1|f44613ed1b572c46,PAPER|PETDB|CITATION_SHA1|f44613ed1b572c46,PAPER|PETDB|CITATION_SHA1|f44613ed1b572c46,"Yang Yang, A., Langmuir, C. H., ... Chen, Z. (2021). A SUBDUCTION INFLUENCE ON OCEAN RIDGE BASALTS OUTSIDE THE PACIFIC SUBDUCTION SHIELD. NATURE COMMUNICATIONS, 12(1), null.",https://www.earthchem.org/petdb/citation/7369f3c86bf3c0a354615432832d9e8f,11,11,11,PetDB_MORB_ALL.csv,2026-08-11,EXACT_SAMPLE_URL_AND_CITATION
PETDB|CITATION_SHA1|f50f63ee6bdbf075,PAPER|PETDB|CITATION_SHA1|f50f63ee6bdbf075,PAPER|PETDB|CITATION_SHA1|f50f63ee6bdbf075,"Albers, E., Behrendt, N., ... Bach, W. (2024). FORMATION AND HYDROTHERMAL ALTERATION OF A VOLCANIC CENTER: MELT POOLING AND MASS TRANSFERS AT LANGSETH RIDGE (GAKKEL RIDGE, ARCTIC OCEAN). MARINE GEOLOGY, 107347.",https://www.earthchem.org/petdb/citation/ee0b86d2e127f776eaaa97d77e078e41,5,5,5,PetDB_MORB_ALL.csv,2026-08-11,EXACT_SAMPLE_URL_AND_CITATION
PETDB|CITATION_SHA1|f54c0d03fc24c740,PAPER|PETDB|CITATION_SHA1|f54c0d03fc24c740,PAPER|PETDB|CITATION_SHA1|f54c0d03fc24c740,"Sato, H. (2004). MINERAL COMPOSITIONS OF MORB FROM THE AUSTRALIAN ANTARCTIC DISCORDANCE (AAD): IMPLICATIONS FOR MANTLE SOURCE CHARACTERISTICS. PROC ODP, SCI RESULTS, 187, 1-26.",https://www.earthchem.org/petdb/citation/6f3e29a35278d71c7f65495871231324,7,7,14,PetDB_MORB_ALL.csv,2026-08-11,EXACT_SAMPLE_URL_AND_CITATION
PETDB|CITATION_SHA1|f63826756ee2d027,PAPER|PETDB|CITATION_SHA1|f63826756ee2d027,PAPER|PETDB|CITATION_SHA1|f63826756ee2d027,"Beltenev, V. E., Skolotnev, S., ... Rozhdestvenskaya, I. (2014). NEW CHEMICAL AND ISOTOPIC DATA FOR BASALTS FROM THE AXIAL SEGMENT OF THE MID-ATLANTIC RIDGE BETWEEN THE VEMA AND MERCURY FRACTURE ZONES. DOKLADY EARTH SCIENCES, 459(2), 1488-1494.",https://www.earthchem.org/petdb/citation/6f611188ad4a81ffc2edab83b0705d76,26,26,32,PetDB_MORB_ALL.csv,2026-08-11,EXACT_SAMPLE_URL_AND_CITATION
PETDB|CITATION_SHA1|f643684958e05fa2,PAPER|PETDB|CITATION_SHA1|f643684958e05fa2,PAPER|PETDB|CITATION_SHA1|f643684958e05fa2,"Watson, E. B., Thompson, G., ... Frey, F. A. (1977). GEOCHEMISTRY AND PETROLOGY OF DREDGED BASALTS FROM THE BOUVET TRIPLE JUNCTION, SOUTH ATLANTIC. GEOCHIM COSMOCHIM ACTA, 41, 1105-1118.",https://www.earthchem.org/petdb/citation/202cb962ac59075b964b07152d234b70,5,5,31,PetDB_MORB_ALL.csv,2026-08-11,EXACT_SAMPLE_URL_AND_CITATION
PETDB|CITATION_SHA1|f736c4cf524d6936,PAPER|PETDB|CITATION_SHA1|f736c4cf524d6936,PAPER|PETDB|CITATION_SHA1|f736c4cf524d6936,"Gass, I. G. (1970). A DISCUSSION ON THE STRUCTURE AND EVOLUTION OF THE RED SEA AND THE NATURE OF THE RED SEA, GULF OF ADEN AND ETHIOPIA RIFT JUNCTION - THE EVOLUTION OF VOLCANISM IN THE JUNCTION AREA OF THE RED SEA, GULF OF ADEN AND ETHIOPIAN RIFTS. PHILOSOPHICAL TRANSACTIONS OF THE ROYAL SOCIETY OF LONDON. SERIES A, MATHEMATICAL AND PHYSICAL SCIENCES, 267(1181), 369-381.",https://www.earthchem.org/petdb/citation/a5bad363fc47f424ddf5091c8471480a,2,2,2,PetDB_MORB_ALL.csv,2026-08-11,EXACT_SAMPLE_URL_AND_CITATION
PETDB|CITATION_SHA1|f8e83042f7db1e83,PAPER|PETDB|CITATION_SHA1|f8e83042f7db1e83,PAPER|PETDB|CITATION_SHA1|f8e83042f7db1e83,"Dittmer, F., Campsie, J., ... Bailey, J. C. (1973). CHEMISTRY OF THOLEIITES FROM THE REYKJANES RIDGE AND CHARLIE GIBBS FRACTURE ZONE. NATURE, 244, 71-73.",https://www.earthchem.org/petdb/citation/ad13a2a07ca4b7642959dc0c4c740ab6,1,1,3,PetDB_MORB_ALL.csv,2026-08-11,EXACT_SAMPLE_URL_AND_CITATION
PETDB|CITATION_SHA1|f8f135c6c984fc54,PAPER|PETDB|CITATION_SHA1|f8f135c6c984fc54,PAPER|PETDB|CITATION_SHA1|f8f135c6c984fc54,"Cann, J. R. (1969). SPILITES FROM THE CARLSBERG RIDGE, INDIAN OCEAN. J PETROL, 10, 1-19.",https://www.earthchem.org/petdb/citation/a49e9411d64ff53eccfdd09ad10a15b3,3,3,13,PetDB_MORB_ALL.csv,2026-08-11,EXACT_SAMPLE_URL_AND_CITATION
PETDB|CITATION_SHA1|f9f3dfe02722bf80,PAPER|PETDB|CITATION_SHA1|f9f3dfe02722bf80,PAPER|PETDB|CITATION_SHA1|f9f3dfe02722bf80,"Hildenbrand, A., Weis, D., ... Marques, A. F. A. (2014). RECENT PLATE RE-ORGANIZATION AT THE AZORES TRIPLE JUNCTION: EVIDENCE FROM COMBINED GEOCHEMICAL AND GEOCHRONOLOGICAL DATA ON FAIAL, S. JORGE AND TERCEIRA VOLCANIC ISLANDS. LITHOS, 210-211, 39.",https://www.earthchem.org/petdb/citation/577fd60255d4bb0f466464849ffe6d8e,21,21,99,PetDB_MORB_ALL.csv,2026-08-11,EXACT_SAMPLE_URL_AND_CITATION
PETDB|CITATION_SHA1|fafc87703ee70c44,PAPER|PETDB|CITATION_SHA1|fafc87703ee70c44,PAPER|PETDB|CITATION_SHA1|fafc87703ee70c44,"Park, K. H., Staudigel, H. (1990). RADIOGENIC ISOTOPE RATIOS AND INITIAL SEAFLOOR ALTERATION IN SUBMARINE SEROCKI VOLCANO BASALTS. PROC ODP, SCI RESULTS, 106/109, 117-121.",https://www.earthchem.org/petdb/citation/7b13b2203029ed80337f27127a9f1d28,10,10,50,PetDB_MORB_ALL.csv,2026-08-11,EXACT_SAMPLE_URL_AND_CITATION
PETDB|CITATION_SHA1|fce79c30c63899ff,PAPER|PETDB|CITATION_SHA1|fce79c30c63899ff,PAPER|PETDB|CITATION_SHA1|fce79c30c63899ff,"Fisher, R. L., Batiza, R., ... Rosendahl, B. R. (1977). EVOLUTION OF OCEANIC CRUST 3. PETROLOGY AND CHEMISTRY OF BASALTS FROM THE EAST PACIFIC RISE AND THE SIQUEIROS TRANSFORM FAULT. J GEOPHYS RES, 82, 265-276.",https://www.earthchem.org/petdb/citation/a3f390d88e4c41f2747bfa2f1b5f87db,3,3,15,PetDB_MORB_ALL.csv,2026-08-11,EXACT_SAMPLE_URL_AND_CITATION
PETDB|CITATION_SHA1|fd92dc679c70f831,PAPER|PETDB|CITATION_SHA1|fd92dc679c70f831,PAPER|PETDB|CITATION_SHA1|fd92dc679c70f831,"Stakes, D., Franklin, J. M. (1994). PETROLOGY OF IGNEOUS ROCKS AT MIDDLE VALLEY, JUAN DE FUCA RIDGE. PROC ODP, SCI RESULTS, 139, 79-102.",https://www.earthchem.org/petdb/citation/03e0704b5690a2dee1861dc3ad3316c9,63,63,336,PetDB_MORB_ALL.csv,2026-08-11,EXACT_SAMPLE_URL_AND_CITATION
PETDB|CITATION_SHA1|fdb9d74c633b9f22,PAPER|PETDB|CITATION_SHA1|fdb9d74c633b9f22,PAPER|PETDB|CITATION_SHA1|fdb9d74c633b9f22,"Bollinger, C., Bougault, H., ... Erzinger, J. (1996). UNUSUALLY LARGE NB-TA DEPLETIONS IN NORTH CHILE RIDGE BASALTS AT 36 DEGREE 50Õ TO 38 DEGREE 56ÕS; MAJOR ELEMENT, TRACE ELEMENT, AND ISOTOPIC DATA. EARTH PLANET SCI LETT, 142, 223-240.",https://www.earthchem.org/petdb/citation/d34ab169b70c9dcd35e62896010cd9ff,23,23,127,PetDB_MORB_ALL.csv,2026-08-11,EXACT_SAMPLE_URL_AND_CITATION
PETDB|CITATION_SHA1|fdf636dd315efd9e,PAPER|PETDB|CITATION_SHA1|fdf636dd315efd9e,PAPER|PETDB|CITATION_SHA1|fdf636dd315efd9e,"Aumento, F., Loncarevic, B. D. (1969). THE MID-ATLANTIC NEAR 45 DEG N. III.BALD MOUNTAIN. CAN J EARTH SCI, 6, 11-23.",https://www.earthchem.org/petdb/citation/d707329bece455a462b58ce00d1194c9,2,2,4,PetDB_MORB_ALL.csv,2026-08-11,EXACT_SAMPLE_URL_AND_CITATION
PETDB|CITATION_SHA1|fe15bb95e24b6af8,PAPER|PETDB|CITATION_SHA1|fe15bb95e24b6af8,PAPER|PETDB|CITATION_SHA1|fe15bb95e24b6af8,"Hayes, D. E., Anderson, R. N., ... Sparious, J. (1980). THE INTERRELATION BETWEEN VARIATIONS IN MAGNETIC ANOMALY AMPLITUDES AND BASALTIC MAGNETIZATION AND CHEMISTRY ALONG THE SOUTHEAST INDIAN RIDGE. J GEOPHYS RES, 85, 3883-3898.",https://www.earthchem.org/petdb/citation/5737034557ef5b8c02c0e46513b98f90,23,23,36,PetDB_MORB_ALL.csv,2026-08-11,EXACT_SAMPLE_URL_AND_CITATION
