PAPER_ID,DATABASE,CV_GROUP_V4,PAPER_DOI,CITATION,PAPER_FIRST_AUTHOR,PAPER_YEAR,N_SAMPLES
PAPER|GEOROC|CITATION_ID|2167,GEOROC,PAPER|GEOROC|CITATION_ID|2167,,[2167] CROSS W (1915),CROSS,1915,29
PAPER|GEOROC|CITATION_ID|5976,GEOROC,PAPER|GEOROC|CITATION_ID|5976,,[5976] TSUBOI S. (1920),TSUBOI,1920,1
PAPER|GEOROC|CITATION_ID|2747,GEOROC,PAPER|GEOROC|CITATION_ID|2747,,[2747] WASHINGTON H. S. (1922),WASHINGTON,1922,25
PAPER|GEOROC|CITATION_ID|1437,GEOROC,PAPER|GEOROC|CITATION_ID|1437,,[1437] WASHINGTON H. S. (1923),WASHINGTON,1923,15
PAPER|GEOROC|CITATION_ID|1438,GEOROC,PAPER|GEOROC|CITATION_ID|1438,,[1438] WASHINGTON H. S. (1923),WASHINGTON,1923,16
PAPER|GEOROC|CITATION_ID|3246,GEOROC,PAPER|GEOROC|CITATION_ID|3246,,[3246] WASHINGTON H. S. (1926),WASHINGTON,1926,13
PAPER|GEOROC|CITATION_ID|2165,GEOROC,PAPER|GEOROC|CITATION_ID|2165,,[2165] DALY R. A. (1927),DALY,1927,5
PAPER|GEOROC|CITATION_ID|1483,GEOROC,PAPER|GEOROC|CITATION_ID|1483,,[1483] LACROIX A. (1928),LACROIX,1928,9
PAPER|GEOROC|CITATION_ID|1440,GEOROC,PAPER|GEOROC|CITATION_ID|1440,,[1440] WASHINGTON H. S. (1928),WASHINGTON,1928,11
PAPER|GEOROC|CITATION_ID|1320,GEOROC,PAPER|GEOROC|CITATION_ID|1320,,[1320] ESENWEIN P. (1930),ESENWEIN,1930,10
PAPER|GEOROC|CITATION_ID|3202,GEOROC,PAPER|GEOROC|CITATION_ID|3202,,[3202] PIGGOT C. S. (1931),PIGGOT,1931,1
PAPER|GEOROC|CITATION_ID|1433,GEOROC,PAPER|GEOROC|CITATION_ID|1433,,[1433] POWERS H. A. (1931),POWERS,1931,8
PAPER|GEOROC|CITATION_ID|3293,GEOROC,PAPER|GEOROC|CITATION_ID|3293,,[3293] BACKLUND H. G. (1932),BACKLUND,1932,2
PAPER|GEOROC|CITATION_ID|3021,GEOROC,PAPER|GEOROC|CITATION_ID|3021,,[3021] WAGER L. R. (1934),WAGER,1934,4
PAPER|GEOROC|CITATION_ID|4425,GEOROC,PAPER|GEOROC|CITATION_ID|4425,,[4425] TOMITA T. (1935),TOMITA,1935,10
PAPER|GEOROC|CITATION_ID|2020,GEOROC,PAPER|GEOROC|CITATION_ID|2020,,[2020] ASKELSSON J. (1936),ASKELSSON,1936,2
PAPER|GEOROC|CITATION_ID|1319,GEOROC,PAPER|GEOROC|CITATION_ID|1319,,[1319] LACROIX A. (1936),LACROIX,1936,43
PAPER|GEOROC|CITATION_ID|1484,GEOROC,PAPER|GEOROC|CITATION_ID|1484,,[1484] LACROIX A. (1936),LACROIX,1936,7
PAPER|GEOROC|CITATION_ID|1985,GEOROC,PAPER|GEOROC|CITATION_ID|1985,,[1985] LACROIX A. (1936),LACROIX,1936,1
PAPER|GEOROC|CITATION_ID|1460,GEOROC,PAPER|GEOROC|CITATION_ID|1460,,[1460] BANDY M. C. (1937),BANDY,1937,6
PAPER|GEOROC|CITATION_ID|4240,GEOROC,PAPER|GEOROC|CITATION_ID|4240,,[4240] TSUYA H. (1937),TSUYA,1937,15
PAPER|PETDB|CITATION_SHA1|1a72f7cf9745ab80,PetDB,PAPER|PETDB|CITATION_SHA1|1a72f7cf9745ab80,,"Wiseman, J. D. H., Poole, J. H. J. (1937). GEOLOGICAL AND MINERALOGICAL INVESTIGATIONS, 1. BASALTS FROM THE CARLSBERG RIDGE, INDIAN OCEAN. REP JOHN MURRAY EXPED, BRIT. MUS.N.H., 3(1), 1-28.",WISEMAN,1937,1
PAPER|GEOROC|CITATION_ID|7334,GEOROC,PAPER|GEOROC|CITATION_ID|7334,,[7334] LIGHTFOOT P. C. (1938),LIGHTFOOT,1938,2
PAPER|GEOROC|CITATION_ID|1435,GEOROC,PAPER|GEOROC|CITATION_ID|1435,,[1435] SHEPHERD E. S. (1938),SHEPHERD,1938,10
PAPER|GEOROC|CITATION_ID|1467,GEOROC,PAPER|GEOROC|CITATION_ID|1467,,[1467] LACROIX A. (1939),LACROIX,1939,3
PAPER|GEOROC|CITATION_ID|6077,GEOROC,PAPER|GEOROC|CITATION_ID|6077,,[6077] TANAKADATE H. (1940),TANAKADATE,1940,2
PAPER|GEOROC|CITATION_ID|1994,GEOROC,PAPER|GEOROC|CITATION_ID|1994,,[1994] MACDONALD G. A. (1942),MACDONALD,1942,6
PAPER|GEOROC|CITATION_ID|4748,GEOROC,PAPER|GEOROC|CITATION_ID|4748,,[4748] SUGI K.-I. (1942),SUGI,1942,2
PAPER|GEOROC|CITATION_ID|6025,GEOROC,PAPER|GEOROC|CITATION_ID|6025,,[6025] TRYGGVASON T. (1943),TRYGGVASON,1943,6
PAPER|GEOROC|CITATION_ID|3295,GEOROC,PAPER|GEOROC|CITATION_ID|3295,,[3295] KROKSTRÖM H. G. (1944),KROKSTROM,1944,1
PAPER|GEOROC|CITATION_ID|298,GEOROC,PAPER|GEOROC|CITATION_ID|298,,[298] MACDONALD G. A. (1946),MACDONALD,1946,1
PAPER|GEOROC|CITATION_ID|1441,GEOROC,PAPER|GEOROC|CITATION_ID|1441,,[1441] WENTWORTH C. K. (1947),WENTWORTH,1947,9
PAPER|GEOROC|CITATION_ID|1993,GEOROC,PAPER|GEOROC|CITATION_ID|1993,,[1993] WINCHELL H. (1947),WINCHELL,1947,1
PAPER|GEOROC|CITATION_ID|257,GEOROC,PAPER|GEOROC|CITATION_ID|257,,[257] MACDONALD G. A. (1949),MACDONALD,1949,3
PAPER|GEOROC|CITATION_ID|1436,GEOROC,PAPER|GEOROC|CITATION_ID|1436,,[1436] TILLEY C. E. (1950),TILLEY,1950,1
PAPER|GEOROC|CITATION_ID|3020,GEOROC,PAPER|GEOROC|CITATION_ID|3020,,[3020] VINCENT E. A. (1950),VINCENT,1950,2
PAPER|GEOROC|CITATION_ID|6167,GEOROC,PAPER|GEOROC|CITATION_ID|6167,,[6167] LOMBAARD B. V. (1952),LOMBAARD,1952,6
PAPER|GEOROC|CITATION_ID|1322,GEOROC,PAPER|GEOROC|CITATION_ID|1322,,[1322] BERTHOIS L. (1953),BERTHOIS,1953,4
PAPER|GEOROC|CITATION_ID|1461,GEOROC,PAPER|GEOROC|CITATION_ID|1461,,[1461] ROSS C. S. (1954),ROSS,1954,1
PAPER|GEOROC|CITATION_ID|4610,GEOROC,PAPER|GEOROC|CITATION_ID|4610,,[4610] ISSHIKI N. (1955),ISSHIKI,1955,2
PAPER|GEOROC|CITATION_ID|1431,GEOROC,PAPER|GEOROC|CITATION_ID|1431,,[1431] MACDONALD G. A. (1955),MACDONALD,1955,7
PAPER|GEOROC|CITATION_ID|6017,GEOROC,PAPER|GEOROC|CITATION_ID|6017,,[6017] PATTERSON E. M. (1955),PATTERSON,1955,1
PAPER|GEOROC|CITATION_ID|1404,GEOROC,PAPER|GEOROC|CITATION_ID|1404,,[1404] KUNO H. (1957),KUNO,1957,2
PAPER|GEOROC|CITATION_ID|238,GEOROC,PAPER|GEOROC|CITATION_ID|238,,[238] MACDONALD G. A. (1957),MACDONALD,1957,1
PAPER|GEOROC|CITATION_ID|4734,GEOROC,PAPER|GEOROC|CITATION_ID|4734,,[4734] MORIMOTO R. (1957),MORIMOTO,1957,1
PAPER|GEOROC|CITATION_ID|287,GEOROC,PAPER|GEOROC|CITATION_ID|287,,[287] MUIR I. D. (1957),MUIR,1957,1
PAPER|GEOROC|CITATION_ID|2714,GEOROC,PAPER|GEOROC|CITATION_ID|2714,,[2714] SCHMIDT R. G. (1957),SCHMIDT,1957,7
PAPER|GEOROC|CITATION_ID|2447,GEOROC,PAPER|GEOROC|CITATION_ID|2447,,[2447] DE ALMEIDA F. F. M. (1958),DE,1958,3
PAPER|GEOROC|CITATION_ID|2745,GEOROC,PAPER|GEOROC|CITATION_ID|2745,,[2745] SUKHESWALA R. N. (1958),SUKHESWALA,1958,21
PAPER|GEOROC|CITATION_ID|2709,GEOROC,PAPER|GEOROC|CITATION_ID|2709,,[2709] WEST W. D. (1958),WEST,1958,5
PAPER|GEOROC|CITATION_ID|3600,GEOROC,PAPER|GEOROC|CITATION_ID|3600,,[3600] YAMAGUCHI M. (1958),YAMAGUCHI,1958,4
PAPER|GEOROC|CITATION_ID|4272,GEOROC,PAPER|GEOROC|CITATION_ID|4272,,[4272] AOKI K.-I. (1959),AOKI,1959,2
PAPER|GEOROC|CITATION_ID|6076,GEOROC,PAPER|GEOROC|CITATION_ID|6076,,[6076] KAWANO Y. (1959),KAWANO,1959,5
PAPER|GEOROC|CITATION_ID|7128,GEOROC,PAPER|GEOROC|CITATION_ID|7128,,[7128] AOKI K.-I. (1960),AOKI,1960,1
PAPER|GEOROC|CITATION_ID|4141,GEOROC,PAPER|GEOROC|CITATION_ID|4141,,[4141] KAWANO Y. (1960),KAWANO,1960,11
PAPER|GEOROC|CITATION_ID|2348,GEOROC,PAPER|GEOROC|CITATION_ID|2348,,[2348] KUNO H. (1960),KUNO,1960,3
PAPER|GEOROC|CITATION_ID|286,GEOROC,PAPER|GEOROC|CITATION_ID|286,,[286] TILLEY C. E. (1960),TILLEY,1960,4
PAPER|GEOROC|CITATION_ID|402,GEOROC,PAPER|GEOROC|CITATION_ID|402,,[402] TILLEY C. E. (1960),TILLEY,1960,1
PAPER|GEOROC|CITATION_ID|2047,GEOROC,PAPER|GEOROC|CITATION_ID|2047,,[2047] YAGI K. (1960),YAGI,1960,3
PAPER|GEOROC|CITATION_ID|5054,GEOROC,PAPER|GEOROC|CITATION_ID|5054,,[5054] AOKI K.-I. (1961),AOKI,1961,4
PAPER|GEOROC|CITATION_ID|3707,GEOROC,PAPER|GEOROC|CITATION_ID|3707,,[3707] CARSTENS H. (1961),CARSTENS,1961,2
PAPER|GEOROC|CITATION_ID|3714,GEOROC,PAPER|GEOROC|CITATION_ID|3714,,[3714] CARSTENS H. (1961),CARSTENS,1961,1
PAPER|GEOROC|CITATION_ID|7118,GEOROC,PAPER|GEOROC|CITATION_ID|7118,,[7118] FUKUYAMA K. (1961),FUKUYAMA,1961,1
PAPER|GEOROC|CITATION_ID|7119,GEOROC,PAPER|GEOROC|CITATION_ID|7119,,[7119] FUKUYAMA K. (1961),FUKUYAMA,1961,2
PAPER|GEOROC|CITATION_ID|3970,GEOROC,PAPER|GEOROC|CITATION_ID|3970,,[3970] KATSUI Y. (1961),KATSUI,1961,3
PAPER|GEOROC|CITATION_ID|3237,GEOROC,PAPER|GEOROC|CITATION_ID|3237,,[3237] KAWANO Y. (1961),KAWANO,1961,13
PAPER|GEOROC|CITATION_ID|7124,GEOROC,PAPER|GEOROC|CITATION_ID|7124,,[7124] KURASAWA H. (1961),KURASAWA,1961,15
PAPER|GEOROC|CITATION_ID|840,GEOROC,PAPER|GEOROC|CITATION_ID|840,,[840] MACDONALD G. A. (1961),MACDONALD,1961,10
PAPER|GEOROC|CITATION_ID|274,GEOROC,PAPER|GEOROC|CITATION_ID|274,,[274] MURATA K. J. (1961),MURATA,1961,2
PAPER|GEOROC|CITATION_ID|4080,GEOROC,PAPER|GEOROC|CITATION_ID|4080,,[4080] TIBA T. (1961),TIBA,1961,3
PAPER|GEOROC|CITATION_ID|260,GEOROC,PAPER|GEOROC|CITATION_ID|260,,[260] TILLEY C. E. (1961),TILLEY,1961,9
PAPER|GEOROC|CITATION_ID|14704,GEOROC,PAPER|GEOROC|CITATION_ID|14704,,[14704] WATERS A. C. (1961),WATERS,1961,24
PAPER|GEOROC|CITATION_ID|1429,GEOROC,PAPER|GEOROC|CITATION_ID|1429,,[1429] HAUSEN H. (1962),HAUSEN,1962,3
PAPER|GEOROC|CITATION_ID|3408,GEOROC,PAPER|GEOROC|CITATION_ID|3408,,[3408] KAWADA G. (1962),KAWADA,1962,6
PAPER|GEOROC|CITATION_ID|582,GEOROC,PAPER|GEOROC|CITATION_ID|582,,[582] LE MAITRE R. W. (1962),LE,1962,15
PAPER|GEOROC|CITATION_ID|1403,GEOROC,PAPER|GEOROC|CITATION_ID|1403,,[1403] MACDONALD G. A. (1962),MACDONALD,1962,15
PAPER|GEOROC|CITATION_ID|7275,GEOROC,PAPER|GEOROC|CITATION_ID|7275,,[7275] MIKAMI K. (1962),MIKAMI,1962,11
PAPER|GEOROC|CITATION_ID|4485,GEOROC,PAPER|GEOROC|CITATION_ID|4485,,[4485] ONUMA K. (1962),ONUMA,1962,3
PAPER|GEOROC|CITATION_ID|1422,GEOROC,PAPER|GEOROC|CITATION_ID|1422,,[1422] YODER H. S. JR. (1962),YODER,1962,3
PAPER|GEOROC|CITATION_ID|259,GEOROC,PAPER|GEOROC|CITATION_ID|259,,[259] MUIR I. D. (1963),MUIR,1963,10
PAPER|GEOROC|CITATION_ID|3713,GEOROC,PAPER|GEOROC|CITATION_ID|3713,,[3713] ROBERTS B. (1963),ROBERTS,1963,5
PAPER|GEOROC|CITATION_ID|1635,GEOROC,PAPER|GEOROC|CITATION_ID|1635,,[1635] WALKER G. P. L. (1963),WALKER,1963,1
PAPER|GEOROC|CITATION_ID|4398,GEOROC,PAPER|GEOROC|CITATION_ID|4398,,[4398] YASHIMA R. (1963),YASHIMA,1963,5
PAPER|GEOROC|CITATION_ID|1291,GEOROC,PAPER|GEOROC|CITATION_ID|1291,,[1291] BAKER P. E. (1964),BAKER,1964,24
PAPER|GEOROC|CITATION_ID|1400,GEOROC,PAPER|GEOROC|CITATION_ID|1400,,[1400] BELLAIR P. (1964),BELLAIR,1964,1
PAPER|GEOROC|CITATION_ID|1442,GEOROC,PAPER|GEOROC|CITATION_ID|1442,,[1442] CARMICHAEL I. S. E. (1964),CARMICHAEL,1964,15
PAPER|GEOROC|CITATION_ID|2744,GEOROC,PAPER|GEOROC|CITATION_ID|2744,,[2744] CHATTERJEE S. C. (1964),CHATTERJEE,1964,2
PAPER|PETDB|CITATION_SHA1|0cfb406091de13dd,PetDB,PAPER|PETDB|CITATION_SHA1|0cfb406091de13dd,,"Engel, A. E. J., Engel, C. G. (1964). IGNEOUS ROCKS OF THE EAST PACIFIC RISE. SCIENCE, 146, 477-485.",ENGEL,1964,2
PAPER|PETDB|CITATION_SHA1|6ab3668755a8823e,PetDB,PAPER|PETDB|CITATION_SHA1|6ab3668755a8823e,,"Hays, E. E., Nicholls, G. D., ... Nalwalk, A. J. (1964). THE NATURE AND COMPOSITION OF ROCK SAMPLES DREDGED FROM THE MID-ATLANTIC RIDGE BETWEEN 22 DEGREE N AND 52 DEGREE N. MARINE GEOLOGY, 1, 333-343.",HAYS,1964,6
PAPER|GEOROC|CITATION_ID|9129,GEOROC,PAPER|GEOROC|CITATION_ID|9129,,[9129] KATO Y. (1964),KATO,1964,1
PAPER|GEOROC|CITATION_ID|4720,GEOROC,PAPER|GEOROC|CITATION_ID|4720,,[4720] KUNO H. (1964),KUNO,1964,1
PAPER|GEOROC|CITATION_ID|211,GEOROC,PAPER|GEOROC|CITATION_ID|211,,[211] MACDONALD G. A. (1964),MACDONALD,1964,117
PAPER|GEOROC|CITATION_ID|239,GEOROC,PAPER|GEOROC|CITATION_ID|239,,[239] MACDONALD G. A. (1964),MACDONALD,1964,20
PAPER|GEOROC|CITATION_ID|2742,GEOROC,PAPER|GEOROC|CITATION_ID|2742,,[2742] MOORE J. G. (1964),MOORE,1964,2
PAPER|GEOROC|CITATION_ID|237,GEOROC,PAPER|GEOROC|CITATION_ID|237,,[237] RICHTER D. H. (1964),RICHTER,1964,8
PAPER|PETDB|CITATION_SHA1|d8cea20e2f10faea,PetDB,PAPER|PETDB|CITATION_SHA1|d8cea20e2f10faea,,"Scoon, J. H., Muir, I. D., ... Tilley, C. E. (1964). BASALTS FROM THE NORTHERN PART OF THE RIFT ZONE OF THE MID-ATLANTIC RIDGE. J PETROL, 5, 409-434.",SCOON,1964,3
PAPER|GEOROC|CITATION_ID|12663,GEOROC,PAPER|GEOROC|CITATION_ID|12663,,[12663] TILLEY C. E. (1964),TILLEY,1964,1
PAPER|GEOROC|CITATION_ID|1541,GEOROC,PAPER|GEOROC|CITATION_ID|1541,,[1541] BELLAIR P. (1965),BELLAIR,1965,8
PAPER|GEOROC|CITATION_ID|4732,GEOROC,PAPER|GEOROC|CITATION_ID|4732,,[4732] COX K. G. (1965),COX,1965,8
PAPER|PETDB|CITATION_SHA1|5b0370d9da5e13be,PetDB,PAPER|PETDB|CITATION_SHA1|5b0370d9da5e13be,,"Engel, C. G., Engel, A. E. J., ... Fisher, R. L. (1965). IGNEOUS ROCKS OF THE INDIAN OCEAN FLOOR. SCIENCE, 150, 605-610.",ENGEL,1965,6
PAPER|PETDB|CITATION_SHA1|042dfdae340604a0,PetDB,PAPER|PETDB|CITATION_SHA1|042dfdae340604a0,,"Havens, R. G., Engel, A. E. J., ... Engel, C. G. (1965). CHEMICAL CHARACTERISTICS OF OCEANIC BASALTS AND THE UPPER MANTLE. GEOL SOC AMER BULL, 76, 719-734.",HAVENS,1965,1
PAPER|GEOROC|CITATION_ID|3584,GEOROC,PAPER|GEOROC|CITATION_ID|3584,,[3584] ISSHIKI N. (1965),ISSHIKI,1965,12
PAPER|GEOROC|CITATION_ID|284,GEOROC,PAPER|GEOROC|CITATION_ID|284,,[284] MOORE J. G. (1965),MOORE,1965,9
PAPER|GEOROC|CITATION_ID|10354,GEOROC,PAPER|GEOROC|CITATION_ID|10354,,[10354] YOSHIMIZU K. (1965),YOSHIMIZU,1965,1
PAPER|PETDB|CITATION_SHA1|55495187c0760b7b,PetDB,PAPER|PETDB|CITATION_SHA1|55495187c0760b7b,,"Bezrukov, P. L., Chernysheva, V. I., ... Krylov, A. Y. (1966). PETROGRAPHY AND ABSOLUTE AGE OF BASALTS FROM THE INDIAN OCEAN. OKEANOLOGIYA, 6, 261-266.",BEZRUKOV,1966,1
PAPER|GEOROC|CITATION_ID|2026,GEOROC,PAPER|GEOROC|CITATION_ID|2026,,[2026] BLAKE D. H. (1966),BLAKE,1966,2
PAPER|PETDB|CITATION_SHA1|edcd8e2c17694fce,PetDB,PAPER|PETDB|CITATION_SHA1|edcd8e2c17694fce,,"Cann, J. R., Vine, F. J. (1966). AN AREA ON THE CREST OF THE CARLSBERG RIDGE; PETROLOGY AND MAGNETIC SURVEY. PHIL TRANS R SOC LOND, A259, 198-217.",CANN,1966,2
PAPER|GEOROC|CITATION_ID|1382,GEOROC,PAPER|GEOROC|CITATION_ID|1382,,[1382] CENDRERO UCEDA A. (1966),CENDRERO,1966,22
PAPER|PETDB|CITATION_SHA1|524fcdbc14866aff,PetDB,PAPER|PETDB|CITATION_SHA1|524fcdbc14866aff,,"Chernysheva, V. I., Bezrukov, P. L. (1966). SERPENTINITES FROM THE CREST OF THE ARABIAN-INDIAN (CARLSBERG) RIDGE. DOKL AKAD NAUK SSSR, 166, 961-964.",CHERNYSHEVA,1966,1
PAPER|GEOROC|CITATION_ID|4466,GEOROC,PAPER|GEOROC|CITATION_ID|4466,,[4466] CHIBA M. (1966),CHIBA,1966,1
PAPER|GEOROC|CITATION_ID|2884,GEOROC,PAPER|GEOROC|CITATION_ID|2884,,[2884] COX K. G. (1966),COX,1966,23
PAPER|GEOROC|CITATION_ID|1367,GEOROC,PAPER|GEOROC|CITATION_ID|1367,,[1367] FUSTER J.-M. (1966),FUSTER,1966,9
PAPER|GEOROC|CITATION_ID|4172,GEOROC,PAPER|GEOROC|CITATION_ID|4172,,[4172] GUNN B. M. (1966),GUNN,1966,43
PAPER|GEOROC|CITATION_ID|1040,GEOROC,PAPER|GEOROC|CITATION_ID|1040,,[1040] HEIER K. S. (1966),HEIER,1966,4
PAPER|GEOROC|CITATION_ID|3015,GEOROC,PAPER|GEOROC|CITATION_ID|3015,,[3015] JAKOBSSON S. P. (1966),JAKOBSSON,1966,1
PAPER|GEOROC|CITATION_ID|230,GEOROC,PAPER|GEOROC|CITATION_ID|230,,[230] MURATA K. J. (1966),MURATA,1966,40
PAPER|GEOROC|CITATION_ID|1398,GEOROC,PAPER|GEOROC|CITATION_ID|1398,,[1398] NOUGIER J. (1966),NOUGIER,1966,1
PAPER|GEOROC|CITATION_ID|3235,GEOROC,PAPER|GEOROC|CITATION_ID|3235,,[3235] OBA Y. (1966),OBA,1966,4
PAPER|GEOROC|CITATION_ID|283,GEOROC,PAPER|GEOROC|CITATION_ID|283,,[283] RICHTER D. H. (1966),RICHTER,1966,20
PAPER|PETDB|CITATION_SHA1|0b174ce73243bd98,PetDB,PAPER|PETDB|CITATION_SHA1|0b174ce73243bd98,,"Scoon, J. H., Muir, I. D., ... Tilley, C. E. (1966). BASALTS FROM THE NORTHERN PART OF THE MID-ATLANTIC RIDGE II, THE ATLANTIS COLLECTION NEAR 30 DEGREE N. J PETROL, 7, 193-201.",SCOON,1966,6
PAPER|GEOROC|CITATION_ID|2746,GEOROC,PAPER|GEOROC|CITATION_ID|2746,,[2746] SUKHESWALA R. N. (1966),SUKHESWALA,1966,1
PAPER|GEOROC|CITATION_ID|4099,GEOROC,PAPER|GEOROC|CITATION_ID|4099,,[4099] UCHIMIZU M. (1966),UCHIMIZU,1966,5
PAPER|GEOROC|CITATION_ID|487,GEOROC,PAPER|GEOROC|CITATION_ID|487,,[487] UPTON B. G. J. (1966),UPTON,1966,6
PAPER|GEOROC|CITATION_ID|5437,GEOROC,PAPER|GEOROC|CITATION_ID|5437,,[5437] AOKI K.-I. (1967),AOKI,1967,4
PAPER|GEOROC|CITATION_ID|1623,GEOROC,PAPER|GEOROC|CITATION_ID|1623,,[1623] BRYAN W. B. (1967),BRYAN,1967,5
PAPER|GEOROC|CITATION_ID|2355,GEOROC,PAPER|GEOROC|CITATION_ID|2355,,[2355] COX K. G. (1967),COX,1967,24
PAPER|GEOROC|CITATION_ID|281,GEOROC,PAPER|GEOROC|CITATION_ID|281,,[281] MOORE J. G. (1967),MOORE,1967,7
PAPER|PETDB|CITATION_SHA1|9de00cd4fbaa97f4,PetDB,PAPER|PETDB|CITATION_SHA1|9de00cd4fbaa97f4,,"Morse, R. H. (1967). POTASSIUM, RUBIDIUM, AND CESIUM CONTENTS OF SOME OCEAN FLOOR ROCKS. THESIS OR DISSERTATION, DOCTORAL, COLUMBIA UNIVERSITY; MONOGRAPHIC",MORSE,1967,1
PAPER|GEOROC|CITATION_ID|1463,GEOROC,PAPER|GEOROC|CITATION_ID|1463,,[1463] UPTON B. G. J. (1967),UPTON,1967,5
PAPER|PETDB|CITATION_SHA1|1e95d742d3e841db,PetDB,PAPER|PETDB|CITATION_SHA1|1e95d742d3e841db,,"Aumento, F. (1968). THE MID-ATLANTIC RIDGE NEAR 45 DEGREE N  II. BASALTS FROM THE AREA OF CONFEDERATION PEAK. CAN J EARTH SCI, 5, 1-21.",AUMENTO,1968,10
PAPER|GEOROC|CITATION_ID|620,GEOROC,PAPER|GEOROC|CITATION_ID|620,,[620] DALRYMPLE G. B. (1968),DALRYMPLE,1968,3
PAPER|GEOROC|CITATION_ID|280,GEOROC,PAPER|GEOROC|CITATION_ID|280,,[280] FISKE R. S. (1968),FISKE,1968,5
PAPER|PETDB|CITATION_SHA1|0b059dbd4f0f8dc9,PetDB,PAPER|PETDB|CITATION_SHA1|0b059dbd4f0f8dc9,,"Funkhouser, J. G., Bonatti, E., ... Fisher, D. E. (1968). EXCESS ARGON IN DEEP-SEA ROCKS. EARTH PLANET SCI LETT, 5, 95-100.",FUNKHOUSER,1968,1
PAPER|PETDB|CITATION_SHA1|e56d75bc9077f4aa,PetDB,PAPER|PETDB|CITATION_SHA1|e56d75bc9077f4aa,,"Haskin, L. A., Poetz, J. A., ... Haskin, M. A. (1968). RARE EARTH ABUNDANCES IN SOME BASIC ROCKS. J GEOPHYS RES, 73, 6085-6098.",HASKIN,1968,1
PAPER|GEOROC|CITATION_ID|2793,GEOROC,PAPER|GEOROC|CITATION_ID|2793,,[2793] HAY R. L. (1968),HAY,1968,5
PAPER|GEOROC|CITATION_ID|307,GEOROC,PAPER|GEOROC|CITATION_ID|307,,[307] HAY R. L. (1968),HAY,1968,4
PAPER|PETDB|CITATION_SHA1|a1ffef6d1065c07e,PetDB,PAPER|PETDB|CITATION_SHA1|a1ffef6d1065c07e,,"Hekinian, R. (1968). ROCKS FROM THE MID-OCEAN RIDGE IN THE INDIAN OCEAN. DEEP SEA RESEARCH, 15, 195-213.",HEKINIAN,1968,2
PAPER|GEOROC|CITATION_ID|868,GEOROC,PAPER|GEOROC|CITATION_ID|868,,[868] IBARROLA MUNOZ E. (1968),IBARROLA,1968,16
PAPER|GEOROC|CITATION_ID|295,GEOROC,PAPER|GEOROC|CITATION_ID|295,,[295] MACDONALD G. A. (1968),MACDONALD,1968,1
PAPER|GEOROC|CITATION_ID|472,GEOROC,PAPER|GEOROC|CITATION_ID|472,,[472] MACDONALD G. A. (1968),MACDONALD,1968,4
PAPER|GEOROC|CITATION_ID|839,GEOROC,PAPER|GEOROC|CITATION_ID|839,,[839] MACDONALD G. A. (1968),MACDONALD,1968,25
PAPER|GEOROC|CITATION_ID|1394,GEOROC,PAPER|GEOROC|CITATION_ID|1394,,[1394] MCBIRNEY A. R. (1968),MCBIRNEY,1968,3
PAPER|PETDB|CITATION_SHA1|75b70748ab5af1f9,PetDB,PAPER|PETDB|CITATION_SHA1|75b70748ab5af1f9,,"Melson, W. G., Van Andel, T. H., ... Thompson, G. (1968). VOLCANISM AND METAMORPHISM IN THE MID-ATLANTIC RIDGE, 22 DEGREE N LATITUDE. J GEOPHYS RES, 73, 5925-5941.",MELSON,1968,2
PAPER|GEOROC|CITATION_ID|2940,GEOROC,PAPER|GEOROC|CITATION_ID|2940,,[2940] OLMSTED J. F. (1968),OLMSTED,1968,1
PAPER|PETDB|CITATION_SHA1|4ad94766889bf84e,PetDB,PAPER|PETDB|CITATION_SHA1|4ad94766889bf84e,,"Paster, T. P. (1968). PETROLOGIC VARIATIONS WITHIN SUBMARINE BASALT PILLOWS OF THE SOUTH PACIFIC-ANTARCTIC OCEAN. THESIS OR DISSERTATION, DOCTORAL, FLORIDA STATE UNIV; MONOGRAPHIC",PASTER,1968,4
PAPER|GEOROC|CITATION_ID|468,GEOROC,PAPER|GEOROC|CITATION_ID|468,,[468] STICE G. D. (1968),STICE,1968,15
PAPER|GEOROC|CITATION_ID|1157,GEOROC,PAPER|GEOROC|CITATION_ID|1157,,[1157] AIRES-BARROS L. (1969),AIRESBARROS,1969,2
PAPER|GEOROC|CITATION_ID|1364,GEOROC,PAPER|GEOROC|CITATION_ID|1364,,[1364] ARAMAKI S. (1969),ARAMAKI,1969,6
PAPER|PETDB|CITATION_SHA1|fdf636dd315efd9e,PetDB,PAPER|PETDB|CITATION_SHA1|fdf636dd315efd9e,,"Aumento, F., Loncarevic, B. D. (1969). THE MID-ATLANTIC NEAR 45 DEG N. III.BALD MOUNTAIN. CAN J EARTH SCI, 6, 11-23.",AUMENTO,1969,2
PAPER|GEOROC|CITATION_ID|1226,GEOROC,PAPER|GEOROC|CITATION_ID|1226,,[1226] BAKER I. (1969),BAKER,1969,8
PAPER|GEOROC|CITATION_ID|8118,GEOROC,PAPER|GEOROC|CITATION_ID|8118,,[8118] BARAGAR W. R. A. (1969),BARAGAR,1969,199
PAPER|PETDB|CITATION_SHA1|f8f135c6c984fc54,PetDB,PAPER|PETDB|CITATION_SHA1|f8f135c6c984fc54,,"Cann, J. R. (1969). SPILITES FROM THE CARLSBERG RIDGE, INDIAN OCEAN. J PETROL, 10, 1-19.",CANN,1969,3
PAPER|PETDB|CITATION_SHA1|6671a2ae42b6a553,PetDB,PAPER|PETDB|CITATION_SHA1|6671a2ae42b6a553,,"Chase, R. L. (1969). BASALT FROM THE AXIAL TROUGH OF THE RED SEA. , 128.",CHASE,1969,2
PAPER|PETDB|CITATION_SHA1|f2d85181284e1a7f,PetDB,PAPER|PETDB|CITATION_SHA1|f2d85181284e1a7f,,"Engel, C. G., Fisher, R. L. (1969). LHERZOLITE, ANORTHOSITE, GABBRO, AND BASALT DREDGED FROM THE MID-INDIAN OCEAN RIDGE. SCIENCE, 166, 1136-1141.",ENGEL,1969,1
PAPER|PETDB|CITATION_SHA1|2e179d200b17b3fa,PetDB,PAPER|PETDB|CITATION_SHA1|2e179d200b17b3fa,,"Ewing, M., Miyashiro, A., ... Shido, F. (1969). DIVERSITY AND ORIGIN OF ABYSSAL THOLEIITE FROM THE MID-ATLANTIC RIDGE NEAR 24 DEGREE  AND 30 DEGREE N LATITUDE. CONTRIB MINERAL PETROL, 23, 38-52.",EWING,1969,18
PAPER|PETDB|CITATION_SHA1|b258234b14df38c6,PetDB,PAPER|PETDB|CITATION_SHA1|b258234b14df38c6,,"Graham, A. L., Nicholls, G. D. (1969). MASS SPECTROGRAPHIC DETERMINATION OF LANTHANIDE ELEMENT CONTENTS IN BASALTS. GEOCHIM COSMOCHIM ACTA, 33, 555-568.",GRAHAM,1969,4
PAPER|GEOROC|CITATION_ID|1037,GEOROC,PAPER|GEOROC|CITATION_ID|1037,,[1037] GUNN B. M. (1969),GUNN,1969,2
PAPER|GEOROC|CITATION_ID|618,GEOROC,PAPER|GEOROC|CITATION_ID|618,,[618] MCBIRNEY A. R. (1969),MCBIRNEY,1969,35
PAPER|GEOROC|CITATION_ID|1306,GEOROC,PAPER|GEOROC|CITATION_ID|1306,,[1306] MOORE J. G. (1969),MOORE,1969,8
PAPER|GEOROC|CITATION_ID|1038,GEOROC,PAPER|GEOROC|CITATION_ID|1038,,[1038] SIGVALDASON G. E. (1969),SIGVALDASON,1969,32
PAPER|GEOROC|CITATION_ID|367,GEOROC,PAPER|GEOROC|CITATION_ID|367,,[367] THOMPSON R. N. (1969),THOMPSON,1969,1
PAPER|PETDB|CITATION_SHA1|e997c9b1bcd5f40a,PetDB,PAPER|PETDB|CITATION_SHA1|e997c9b1bcd5f40a,,"Vinogradov, A. P., Dmitriev, L. V., ... Udintsev, G. (1969). THE STRUCTURE OF THE MID-OCEANIC RIFT ZONE OF THE INDIAN OCEAN AND ITS PLACE IN THE WORLD RIFT SYSTEM. TECTONOPHYSICS, 8, 377-401.",VINOGRADOV,1969,12
PAPER|GEOROC|CITATION_ID|5447,GEOROC,PAPER|GEOROC|CITATION_ID|5447,,[5447] YAMAZAKI T. (1969),YAMAZAKI,1969,1
PAPER|PETDB|CITATION_SHA1|34437ab522901f3d,PetDB,PAPER|PETDB|CITATION_SHA1|34437ab522901f3d,,"Cann, J. R. (1970). PETROLOGY OF BASALTS DREDGED FROM THE GULF OF ADEN. DEEP SEA RESEARCH, 17, 477-482.",CANN,1970,2
PAPER|PETDB|CITATION_SHA1|8df4ab6bb2507507,PetDB,PAPER|PETDB|CITATION_SHA1|8df4ab6bb2507507,,"Cann, J. R. (1970). RB, SR, Y, ZR AND NB IN SOME OCEAN FLOOR BASALTIC RICKS. EARTH PLANET SCI LETT, 10, 7-11.",CANN,1970,2
PAPER|GEOROC|CITATION_ID|864,GEOROC,PAPER|GEOROC|CITATION_ID|864,,[864] FERNANDEZ SANTIN S. (1970),FERNANDEZ,1970,2
PAPER|PETDB|CITATION_SHA1|f736c4cf524d6936,PetDB,PAPER|PETDB|CITATION_SHA1|f736c4cf524d6936,,"Gass, I. G. (1970). A DISCUSSION ON THE STRUCTURE AND EVOLUTION OF THE RED SEA AND THE NATURE OF THE RED SEA, GULF OF ADEN AND ETHIOPIA RIFT JUNCTION - THE EVOLUTION OF VOLCANISM IN THE JUNCTION AREA OF THE RED SEA, GULF OF ADEN AND ETHIOPIAN RIFTS. PHILOSOPHICAL TRANSACTIONS OF THE ROYAL SOCIETY OF LONDON. SERIES A, MATHEMATICAL AND PHYSICAL SCIENCES, 267(1181), 369-381.",GASS,1970,2
PAPER|PETDB|CITATION_SHA1|8a377bbbaf4c29ef,PetDB,PAPER|PETDB|CITATION_SHA1|8a377bbbaf4c29ef,,"Gast, P. W., Kay, R., ... Hubbard, N. J. (1970). CHEMICAL CHARACTERISTICS AND ORIGIN OF OCEANIC RIDGE VOLCANIC ROCKS. J GEOPHYS RES, 75, 1585-1613.",GAST,1970,12
PAPER|GEOROC|CITATION_ID|970,GEOROC,PAPER|GEOROC|CITATION_ID|970,,[970] GUNN B. M. (1970),GUNN,1970,13
PAPER|GEOROC|CITATION_ID|1468,GEOROC,PAPER|GEOROC|CITATION_ID|1468,,[1468] HAWKINS T. R. W. (1970),HAWKINS,1970,7
PAPER|GEOROC|CITATION_ID|866,GEOROC,PAPER|GEOROC|CITATION_ID|866,,[866] IBARROLA MUNOZ E. (1970),IBARROLA,1970,156
PAPER|GEOROC|CITATION_ID|3594,GEOROC,PAPER|GEOROC|CITATION_ID|3594,,[3594] ISHIBASHI K. (1970),ISHIBASHI,1970,3
PAPER|GEOROC|CITATION_ID|300,GEOROC,PAPER|GEOROC|CITATION_ID|300,,[300] JACKSON E. D. (1970),JACKSON,1970,7
PAPER|GEOROC|CITATION_ID|865,GEOROC,PAPER|GEOROC|CITATION_ID|865,,[865] LOPEZ RUIZ J. (1970),LOPEZ,1970,16
PAPER|GEOROC|CITATION_ID|2582,GEOROC,PAPER|GEOROC|CITATION_ID|2582,,[2582] MITCHELL-THOME R. C. (1970),MITCHELLTHOME,1970,36
PAPER|GEOROC|CITATION_ID|3166,GEOROC,PAPER|GEOROC|CITATION_ID|3166,,[3166] MOORE J. G. (1970),MOORE,1970,7
PAPER|PETDB|CITATION_SHA1|cd63c14785d91464,PetDB,PAPER|PETDB|CITATION_SHA1|cd63c14785d91464,,"Moore, J. G. (1970). WATER CONTENT OF BASALT ERUPTED ON THE OCEAN FLOOR. CONTRIB MINERAL PETROL, 28, 272-279.",MOORE,1970,9
PAPER|GEOROC|CITATION_ID|509,GEOROC,PAPER|GEOROC|CITATION_ID|509,,[509] OVERSBY V. M. (1970),OVERSBY,1970,4
PAPER|GEOROC|CITATION_ID|2092,GEOROC,PAPER|GEOROC|CITATION_ID|2092,,[2092] PHINNEY W. C. (1970),PHINNEY,1970,14
PAPER|GEOROC|CITATION_ID|1379,GEOROC,PAPER|GEOROC|CITATION_ID|1379,,[1379] ROEDER P. L. (1970),ROEDER,1970,3
PAPER|GEOROC|CITATION_ID|1036,GEOROC,PAPER|GEOROC|CITATION_ID|1036,,[1036] SIGURDSSON H. (1970),SIGURDSSON,1970,1
PAPER|GEOROC|CITATION_ID|8239,GEOROC,PAPER|GEOROC|CITATION_ID|8239,,[8239] TANAKA TSUYOSHI (1970),TANAKA,1970,9
PAPER|GEOROC|CITATION_ID|4781,GEOROC,PAPER|GEOROC|CITATION_ID|4781,,[4781] TILLEY C. E. (1970),TILLEY,1970,28
PAPER|GEOROC|CITATION_ID|1469,GEOROC,PAPER|GEOROC|CITATION_ID|1469,,[1469] WEIGAND P. W. (1970),WEIGAND,1970,4
PAPER|PETDB|CITATION_SHA1|0c65942d1900bc84,PetDB,PAPER|PETDB|CITATION_SHA1|0c65942d1900bc84,,"Ewing, M., Shido, F., ... Miyashiro, A. (1971). CRYSTALLIZATION OF ABYSSAL THOLEIITES. CONTRIB MINERAL PETROL, 31, 251-266.",EWING,1971,2
PAPER|GEOROC|CITATION_ID|1278,GEOROC,PAPER|GEOROC|CITATION_ID|1278,,[1278] FLOWER M. F. J. (1971),FLOWER,1971,2
PAPER|GEOROC|CITATION_ID|1260,GEOROC,PAPER|GEOROC|CITATION_ID|1260,,[1260] GIROD M. (1971),GIROD,1971,11
PAPER|GEOROC|CITATION_ID|1259,GEOROC,PAPER|GEOROC|CITATION_ID|1259,,[1259] GUNN B. M. (1971),GUNN,1971,15
PAPER|GEOROC|CITATION_ID|269,GEOROC,PAPER|GEOROC|CITATION_ID|269,,[269] GUNN B. M. (1971),GUNN,1971,21
PAPER|GEOROC|CITATION_ID|1744,GEOROC,PAPER|GEOROC|CITATION_ID|1744,,[1744] HALD N. (1971),HALD,1971,4
PAPER|PETDB|CITATION_SHA1|736fc255f69ac247,PetDB,PAPER|PETDB|CITATION_SHA1|736fc255f69ac247,,"Hart, S. R. (1971). K, RB, CS, SR AND BA CONTENTS AND SR ISOTOPE RATIOS OF OCEAN FLOOR BASALTS. PHIL TRANS R SOC LOND, 268, 573-587.",HART,1971,2
PAPER|PETDB|CITATION_SHA1|2dfa489fd8019b04,PetDB,PAPER|PETDB|CITATION_SHA1|2dfa489fd8019b04,,"Hekinian, R. (1971). CHEMICAL AND MINERALOGICAL DIFFERENCES BETWEEN ABYSSAL HILL BASALTS AND RIDGE THOLEIITES IN THE EASTERN PACIFIC OCEAN. MARINE GEOLOGY, 11, 77.",HEKINIAN,1971,3
PAPER|GEOROC|CITATION_ID|8242,GEOROC,PAPER|GEOROC|CITATION_ID|8242,,[8242] KANISAWA S. (1971),KANISAWA,1971,9
PAPER|GEOROC|CITATION_ID|6705,GEOROC,PAPER|GEOROC|CITATION_ID|6705,,[6705] LEWIS J. F. (1971),LEWIS,1971,1
PAPER|PETDB|CITATION_SHA1|4e7c7e0f5ff5b05f,PetDB,PAPER|PETDB|CITATION_SHA1|4e7c7e0f5ff5b05f,,"Melson, W. G., Thompson, G. (1971). PETROLOGY OF A TRANSFORM FAULT ZONE AND ADJACENT RIDGE SEGMENT. PHIL TRANS R SOC LOND, 268, 423-441.",MELSON,1971,1
PAPER|PETDB|CITATION_SHA1|9989eabc12f94e8f,PetDB,PAPER|PETDB|CITATION_SHA1|9989eabc12f94e8f,,"Nicholls, G. A., Islam, M. R. (1971). GEOCHEMICAL INVESTIGATIONS OF BASALTS AND ASSOCIATED ROCKS FROM THE OCEAN FLOOR AND THEIR IMPLICATIONS. PHIL TRANS R SOC LOND, 268, 469-486.",NICHOLLS,1971,3
PAPER|GEOROC|CITATION_ID|9363,GEOROC,PAPER|GEOROC|CITATION_ID|9363,,[9363] NURUYU K. (1971),NURUYU,1971,13
PAPER|GEOROC|CITATION_ID|3494,GEOROC,PAPER|GEOROC|CITATION_ID|3494,,[3494] RIDLEY W. I. (1971),RIDLEY,1971,1
PAPER|GEOROC|CITATION_ID|1365,GEOROC,PAPER|GEOROC|CITATION_ID|1365,,[1365] THOMPSON R. N. (1971),THOMPSON,1971,3
PAPER|GEOROC|CITATION_ID|1418,GEOROC,PAPER|GEOROC|CITATION_ID|1418,,[1418] UPTON B. G. J. (1971),UPTON,1971,1
PAPER|GEOROC|CITATION_ID|229,GEOROC,PAPER|GEOROC|CITATION_ID|229,,[229] WRIGHT T. L. (1971),WRIGHT,1971,137
PAPER|GEOROC|CITATION_ID|232,GEOROC,PAPER|GEOROC|CITATION_ID|232,,[232] WRIGHT T. L. (1971),WRIGHT,1971,33
PAPER|GEOROC|CITATION_ID|207,GEOROC,PAPER|GEOROC|CITATION_ID|207,,[207] ANDERSON A. T. JR. (1972),ANDERSON,1972,10
PAPER|GEOROC|CITATION_ID|1381,GEOROC,PAPER|GEOROC|CITATION_ID|1381,,[1381] ANGUITA VIRELLA F. (1972),ANGUITA,1972,23
PAPER|GEOROC|CITATION_ID|2679,GEOROC,PAPER|GEOROC|CITATION_ID|2679,,[2679] BOSE M. K. (1972),BOSE,1972,1
PAPER|GEOROC|CITATION_ID|1444,GEOROC,PAPER|GEOROC|CITATION_ID|1444,,[1444] CHAIGNEAU M. (1972),CHAIGNEAU,1972,2
PAPER|GEOROC|CITATION_ID|4540,GEOROC,PAPER|GEOROC|CITATION_ID|4540,,[4540] FAURE G. (1972),FAURE,1972,17
PAPER|GEOROC|CITATION_ID|1776,GEOROC,PAPER|GEOROC|CITATION_ID|1776,,[1776] GHOSE N. C. (1972),GHOSE,1972,14
PAPER|GEOROC|CITATION_ID|702,GEOROC,PAPER|GEOROC|CITATION_ID|702,,[702] GIROD M. (1972),GIROD,1972,15
PAPER|GEOROC|CITATION_ID|969,GEOROC,PAPER|GEOROC|CITATION_ID|969,,[969] GUNN B. M. (1972),GUNN,1972,2
PAPER|GEOROC|CITATION_ID|2954,GEOROC,PAPER|GEOROC|CITATION_ID|2954,,[2954] HART S. R. (1972),HART,1972,6
PAPER|GEOROC|CITATION_ID|268,GEOROC,PAPER|GEOROC|CITATION_ID|268,,[268] HAY R. L. (1972),HAY,1972,7
PAPER|GEOROC|CITATION_ID|3427,GEOROC,PAPER|GEOROC|CITATION_ID|3427,,[3427] HOLLAND J. G. (1972),HOLLAND,1972,3
PAPER|GEOROC|CITATION_ID|1159,GEOROC,PAPER|GEOROC|CITATION_ID|1159,,[1159] HUGHES D. J. (1972),HUGHES,1972,7
PAPER|GEOROC|CITATION_ID|3164,GEOROC,PAPER|GEOROC|CITATION_ID|3164,,[3164] JAKOBSSON S. P. (1972),JAKOBSSON,1972,7
PAPER|GEOROC|CITATION_ID|2942,GEOROC,PAPER|GEOROC|CITATION_ID|2942,,[2942] JOLLY W. T. (1972),JOLLY,1972,40
PAPER|GEOROC|CITATION_ID|1778,GEOROC,PAPER|GEOROC|CITATION_ID|1778,,[1778] KRISHNAMURTHY P. (1972),KRISHNAMURTHY,1972,4
PAPER|PETDB|CITATION_SHA1|8ab8d1ddd5171093,PetDB,PAPER|PETDB|CITATION_SHA1|8ab8d1ddd5171093,,"Muehlenbachs, K., Clayton, R. N. (1972). OXYGEN ISOTOPE STUDIES OF FRESH AND WEATHERED SUBMARINE BASALTS. CAN J EARTH SCI, 9, 172-184.",MUEHLENBACHS,1972,1
PAPER|GEOROC|CITATION_ID|1773,GEOROC,PAPER|GEOROC|CITATION_ID|1773,,[1773] NAQVI S. M. (1972),NAQVI,1972,37
PAPER|GEOROC|CITATION_ID|1231,GEOROC,PAPER|GEOROC|CITATION_ID|1231,,[1231] OVERSBY V. M. (1972),OVERSBY,1972,12
PAPER|GEOROC|CITATION_ID|1774,GEOROC,PAPER|GEOROC|CITATION_ID|1774,,[1774] PRASAD A. K. (1972),PRASAD,1972,5
PAPER|GEOROC|CITATION_ID|15097,GEOROC,PAPER|GEOROC|CITATION_ID|15097,,[15097] PREST V. K. (1972),PREST,1972,2
PAPER|GEOROC|CITATION_ID|1772,GEOROC,PAPER|GEOROC|CITATION_ID|1772,,[1772] RAO V. D. (1972),RAO,1972,21
PAPER|GEOROC|CITATION_ID|635,GEOROC,PAPER|GEOROC|CITATION_ID|635,,[635] SCHMINCKE H.-U. (1972),SCHMINCKE,1972,10
PAPER|GEOROC|CITATION_ID|3188,GEOROC,PAPER|GEOROC|CITATION_ID|3188,,[3188] SCLATER J. G. (1972),SCLATER,1972,4
PAPER|GEOROC|CITATION_ID|1534,GEOROC,PAPER|GEOROC|CITATION_ID|1534,,[1534] STEPHENSON P. J. (1972),STEPHENSON,1972,26
PAPER|GEOROC|CITATION_ID|1420,GEOROC,PAPER|GEOROC|CITATION_ID|1420,,[1420] STRONG D. F. (1972),STRONG,1972,3
PAPER|GEOROC|CITATION_ID|1423,GEOROC,PAPER|GEOROC|CITATION_ID|1423,,[1423] STRONG D. F. (1972),STRONG,1972,7
PAPER|PETDB|CITATION_SHA1|d4539e7183c0d1d6,PetDB,PAPER|PETDB|CITATION_SHA1|d4539e7183c0d1d6,,"Subbarao, K. V. (1972). THE STRONTIUM ISOTOPIC COMPOSITION OF BASALTS FROM THE EAST PACIFIC AND CHILE RISES AND ABYSSAL HILLS IN THE EASTERN PACIFIC OCEAN. CONTRIB MINERAL PETROL, 37, 111.",SUBBARAO,1972,1
PAPER|GEOROC|CITATION_ID|8243,GEOROC,PAPER|GEOROC|CITATION_ID|8243,,[8243] SUZUKI T. (1972),SUZUKI,1972,5
PAPER|GEOROC|CITATION_ID|3002,GEOROC,PAPER|GEOROC|CITATION_ID|3002,,[3002] THOMPSON R. N. (1972),THOMPSON,1972,45
PAPER|GEOROC|CITATION_ID|1770,GEOROC,PAPER|GEOROC|CITATION_ID|1770,,[1770] TIWARI B. D. (1972),TIWARI,1972,3
PAPER|GEOROC|CITATION_ID|4336,GEOROC,PAPER|GEOROC|CITATION_ID|4336,,[4336] UJIKE O. (1972),UJIKE,1972,6
PAPER|GEOROC|CITATION_ID|1393,GEOROC,PAPER|GEOROC|CITATION_ID|1393,,[1393] UPTON B. G. J. (1972),UPTON,1972,13
PAPER|GEOROC|CITATION_ID|1771,GEOROC,PAPER|GEOROC|CITATION_ID|1771,,[1771] VISWANATHAN S. (1972),VISWANATHAN,1972,12
PAPER|GEOROC|CITATION_ID|1297,GEOROC,PAPER|GEOROC|CITATION_ID|1297,,[1297] WEIGAND P. W. (1972),WEIGAND,1972,1
PAPER|GEOROC|CITATION_ID|4325,GEOROC,PAPER|GEOROC|CITATION_ID|4325,,[4325] ANDERSON A. T. JR. (1973),ANDERSON,1973,1
PAPER|GEOROC|CITATION_ID|5438,GEOROC,PAPER|GEOROC|CITATION_ID|5438,,[5438] AOKI K.-I. (1973),AOKI,1973,1
PAPER|GEOROC|CITATION_ID|785,GEOROC,PAPER|GEOROC|CITATION_ID|785,,[785] BISHOP A. C. (1973),BISHOP,1973,5
PAPER|GEOROC|CITATION_ID|2680,GEOROC,PAPER|GEOROC|CITATION_ID|2680,,[2680] BOSE M. K. (1973),BOSE,1973,2
PAPER|GEOROC|CITATION_ID|858,GEOROC,PAPER|GEOROC|CITATION_ID|858,,[858] BRANDLE J. L. (1973),BRANDLE,1973,11
PAPER|PETDB|CITATION_SHA1|902ccb15cd4c57f6,PetDB,PAPER|PETDB|CITATION_SHA1|902ccb15cd4c57f6,,"Campsie, J., Rasmussen, M. H., ... Bailey, J. C. (1973). CHEMISTRY OF THOLEIITES FROM THE GALAPAGOS ISLANDS AND ADJACENT RIDGES. NATURE, 245, 122-124.",CAMPSIE,1973,1
PAPER|PETDB|CITATION_SHA1|f8e83042f7db1e83,PetDB,PAPER|PETDB|CITATION_SHA1|f8e83042f7db1e83,,"Dittmer, F., Campsie, J., ... Bailey, J. C. (1973). CHEMISTRY OF THOLEIITES FROM THE REYKJANES RIDGE AND CHARLIE GIBBS FRACTURE ZONE. NATURE, 244, 71-73.",DITTMER,1973,1
PAPER|GEOROC|CITATION_ID|6526,GEOROC,PAPER|GEOROC|CITATION_ID|6526,,[6526] DONNELLY T. W. (1973),DONNELLY,1973,6
PAPER|GEOROC|CITATION_ID|4428,GEOROC,PAPER|GEOROC|CITATION_ID|4428,,[4428] FAWCETT J. J. (1973),FAWCETT,1973,49
PAPER|GEOROC|CITATION_ID|1279,GEOROC,PAPER|GEOROC|CITATION_ID|1279,,[1279] FLOWER M. F. J. (1973),FLOWER,1973,4
PAPER|PETDB|CITATION_SHA1|554acb38be8b3a7a,PetDB,PAPER|PETDB|CITATION_SHA1|554acb38be8b3a7a,,"Gass, I. G., Cox, K. G., ... Mallick, I. J. (1973). VOLCANIC ISLANDS OF THE RED SEA. J GEOL SOC LONDON, 129, 275-310.",GASS,1973,27
PAPER|GEOROC|CITATION_ID|1033,GEOROC,PAPER|GEOROC|CITATION_ID|1033,,[1033] JAKOBSSON S. P. (1973),JAKOBSSON,1973,5
PAPER|GEOROC|CITATION_ID|3969,GEOROC,PAPER|GEOROC|CITATION_ID|3969,,[3969] KAY R. W. (1973),KAY,1973,3
PAPER|GEOROC|CITATION_ID|1335,GEOROC,PAPER|GEOROC|CITATION_ID|1335,,[1335] LUSSIAA-BERDOU-POLVE M. (1973),LUSSIAABERDOUPOLVE,1973,5
PAPER|GEOROC|CITATION_ID|18899,GEOROC,PAPER|GEOROC|CITATION_ID|18899,,[18899] NAKAZAWA K. (1973),NAKAZAWA,1973,4
PAPER|GEOROC|CITATION_ID|6028,GEOROC,PAPER|GEOROC|CITATION_ID|6028,,[6028] RIDLEY W. I. (1973),RIDLEY,1973,52
PAPER|GEOROC|CITATION_ID|9513,GEOROC,PAPER|GEOROC|CITATION_ID|9513,,[9513] SAWADA K. (1973),SAWADA,1973,7
PAPER|PETDB|CITATION_SHA1|6015025bfac1b580,PetDB,PAPER|PETDB|CITATION_SHA1|6015025bfac1b580,,"Schneider, V. W., Wachendorf, H. (1973). VULKANISMUS UND GRABENBILDUNG IM ROTEN MEER. INT J EARTH SCI (GEOL RUNDSCH), 62, 754-773.",SCHNEIDER,1973,8
PAPER|GEOROC|CITATION_ID|9645,GEOROC,PAPER|GEOROC|CITATION_ID|9645,,[9645] TANAKA TSUYOSHI (1973),TANAKA,1973,3
PAPER|GEOROC|CITATION_ID|1729,GEOROC,PAPER|GEOROC|CITATION_ID|1729,,[1729] THORARINSSON S. B. (1973),THORARINSSON,1973,6
PAPER|GEOROC|CITATION_ID|1726,GEOROC,PAPER|GEOROC|CITATION_ID|1726,,[1726] WALKER G. W. (1973),WALKER,1973,2
PAPER|GEOROC|CITATION_ID|240,GEOROC,PAPER|GEOROC|CITATION_ID|240,,[240] WRIGHT T. L. (1973),WRIGHT,1973,4
PAPER|GEOROC|CITATION_ID|4326,GEOROC,PAPER|GEOROC|CITATION_ID|4326,,[4326] ANDERSON A. T. JR. (1974),ANDERSON,1974,2
PAPER|GEOROC|CITATION_ID|2087,GEOROC,PAPER|GEOROC|CITATION_ID|2087,,[2087] ANNELLS R. N. (1974),ANNELLS,1974,10
PAPER|GEOROC|CITATION_ID|798,GEOROC,PAPER|GEOROC|CITATION_ID|798,,[798] BAKER P. E. (1974),BAKER,1974,2
PAPER|PETDB|CITATION_SHA1|7b541436de82f4ab,PetDB,PAPER|PETDB|CITATION_SHA1|7b541436de82f4ab,,"Bougault, H., Hekinian, R. (1974). RIFT VALLEY IN THE ATLANTIC OCEAN NEAR 36 DEGREE 50ÕN: PETROLOGY AND GEOCHEMISTRY OF BASALTIC ROCKS. EARTH PLANET SCI LETT, 24, 249-261.",BOUGAULT,1974,23
PAPER|PETDB|CITATION_SHA1|c412af1ce6c490ff,PetDB,PAPER|PETDB|CITATION_SHA1|c412af1ce6c490ff,,"Campsie, J., Brooks, C. K., ... Jakobsson, S. P. (1974). DREDGED BASALTIC ROCKS FROM THE SEAWARD EXTENSIONS OF THE REYKJANES AND SNAEFELLSNES VOLCANIC ZONES, ICELAND. EARTH PLANET SCI LETT, 22, 320-327.",CAMPSIE,1974,4
PAPER|PETDB|CITATION_SHA1|6b97f0a20448dfbb,PetDB,PAPER|PETDB|CITATION_SHA1|6b97f0a20448dfbb,,"Chase, R. L., Barr, S. (1974). GEOLOGY OF THE NORTHERN END OF THE JUAN DE FUCA RIDGE AND SEA-FLOOR SPREADING. CAN J EARTH SCI, 11, 1384-1406.",CHASE,1974,6
PAPER|GEOROC|CITATION_ID|2416,GEOROC,PAPER|GEOROC|CITATION_ID|2416,,[2416] COX K. G. (1974),COX,1974,15
PAPER|GEOROC|CITATION_ID|277,GEOROC,PAPER|GEOROC|CITATION_ID|277,,[277] DALRYMPLE G. B. (1974),DALRYMPLE,1974,7
PAPER|GEOROC|CITATION_ID|718,GEOROC,PAPER|GEOROC|CITATION_ID|718,,[718] DE PAEPE P. (1974),DE,1974,9
PAPER|PETDB|CITATION_SHA1|0654fe3427c2aacf,PetDB,PAPER|PETDB|CITATION_SHA1|0654fe3427c2aacf,,"Girdler, R. W., Ali, S., ... Whitmarsh, R. B. (1974). SITE 226. INIT REP DSDP, 23, 595-600.",GIRDLER,1974,3
PAPER|GEOROC|CITATION_ID|1646,GEOROC,PAPER|GEOROC|CITATION_ID|1646,,[1646] HEKINIAN R. (1974),HEKINIAN,1974,9
PAPER|GEOROC|CITATION_ID|1909,GEOROC,PAPER|GEOROC|CITATION_ID|1909,,[1909] HEKINIAN R. (1974),HEKINIAN,1974,17
PAPER|GEOROC|CITATION_ID|1396,GEOROC,PAPER|GEOROC|CITATION_ID|1396,,[1396] IBARROLA MUNOZ E. (1974),IBARROLA,1974,28
PAPER|GEOROC|CITATION_ID|6026,GEOROC,PAPER|GEOROC|CITATION_ID|6026,,[6026] JOHNSON R. W. (1974),JOHNSON,1974,2
PAPER|GEOROC|CITATION_ID|1908,GEOROC,PAPER|GEOROC|CITATION_ID|1908,,[1908] KEMPE D. R. C. (1974),KEMPE,1974,7
PAPER|GEOROC|CITATION_ID|3176,GEOROC,PAPER|GEOROC|CITATION_ID|3176,,[3176] LARSON E. E. (1974),LARSON,1974,9
PAPER|GEOROC|CITATION_ID|4780,GEOROC,PAPER|GEOROC|CITATION_ID|4780,,[4780] NATHAN S. (1974),NATHAN,1974,5
PAPER|GEOROC|CITATION_ID|3165,GEOROC,PAPER|GEOROC|CITATION_ID|3165,,[3165] NOE-NYGAARD A. (1974),NOENYGAARD,1974,13
PAPER|PETDB|CITATION_SHA1|de21dc27876fac41,PetDB,PAPER|PETDB|CITATION_SHA1|de21dc27876fac41,,"O'nions, R. K., Pankhurst, R. J. (1974). PETROGENETIC SIGNIFICANCE OF ISOTOPE AND TRACE ELEMENT VARIATIONS IN VOLCANIC ROCKS FROM THE MID-ATLANTIC. J PETROL, 15, 603-634.",ONIONS,1974,1
PAPER|GEOROC|CITATION_ID|17918,GEOROC,PAPER|GEOROC|CITATION_ID|17918,,[17918] RIDLER R. H. (1974),RIDLER,1974,12
PAPER|GEOROC|CITATION_ID|633,GEOROC,PAPER|GEOROC|CITATION_ID|633,,[633] ROSENBAUM M. S. (1974),ROSENBAUM,1974,10
PAPER|PETDB|CITATION_SHA1|0d4ac449f0c7c1ee,PetDB,PAPER|PETDB|CITATION_SHA1|0d4ac449f0c7c1ee,,"Shido, F., Ewing, M., ... Miyashiro, A. (1974). COMPOSITIONAL VARIATION IN PILLOW LAVAS FROM THE MID-ATLANTIC RIDGE. MARINE GEOLOGY, 16, 177-190.",SHIDO,1974,7
PAPER|GEOROC|CITATION_ID|6852,GEOROC,PAPER|GEOROC|CITATION_ID|6852,,[6852] SHIMAZU M. (1974),SHIMAZU,1974,3
PAPER|GEOROC|CITATION_ID|4338,GEOROC,PAPER|GEOROC|CITATION_ID|4338,,[4338] SHUTO K. (1974),SHUTO,1974,12
PAPER|GEOROC|CITATION_ID|1137,GEOROC,PAPER|GEOROC|CITATION_ID|1137,,[1137] SIGVALDASON G. E. (1974),SIGVALDASON,1974,36
PAPER|GEOROC|CITATION_ID|616,GEOROC,PAPER|GEOROC|CITATION_ID|616,,[616] SWANSON F. J. (1974),SWANSON,1974,2
PAPER|GEOROC|CITATION_ID|3949,GEOROC,PAPER|GEOROC|CITATION_ID|3949,,[3949] THOMPSON R. N. (1974),THOMPSON,1974,2
PAPER|GEOROC|CITATION_ID|3390,GEOROC,PAPER|GEOROC|CITATION_ID|3390,,[3390] UPPULURI V. R. (1974),UPPULURI,1974,15
PAPER|GEOROC|CITATION_ID|1348,GEOROC,PAPER|GEOROC|CITATION_ID|1348,,[1348] WATKINS N. D. (1974),WATKINS,1974,8
PAPER|GEOROC|CITATION_ID|1338,GEOROC,PAPER|GEOROC|CITATION_ID|1338,,[1338] BAXTER A. N. (1975),BAXTER,1975,6
PAPER|GEOROC|CITATION_ID|6264,GEOROC,PAPER|GEOROC|CITATION_ID|6264,,[6264] BENCE A. E. (1975),BENCE,1975,12
PAPER|PETDB|CITATION_SHA1|da3d2a075ded3384,PetDB,PAPER|PETDB|CITATION_SHA1|da3d2a075ded3384,,"Church, S. E., Tatsumoto, M. (1975). LEAD ISOTOPE RELATIONS IN OCEANIC RIDGE BASALTS FROM THE JUAN DE FUCA-GORDA RIDGE AREA, NE PACIFIC OCEAN. CONTRIB MINERAL PETROL, 53, 253-279.",CHURCH,1975,3
PAPER|PETDB|CITATION_SHA1|190d6d0e06c32e2c,PetDB,PAPER|PETDB|CITATION_SHA1|190d6d0e06c32e2c,,"Engel, C. G., Fisher, R. L. (1975). GRANITIC TO ULTRAMAFIC ROCK COMPLEXES OF THE INDIAN OCEAN RIDGE SYSTEM, WESTERN INDIAN OCEAN. GEOL SOC AMER BULL, 96, 1553-1578.",ENGEL,1975,3
PAPER|GEOROC|CITATION_ID|3486,GEOROC,PAPER|GEOROC|CITATION_ID|3486,,[3486] ESSON J. (1975),ESSON,1975,7
PAPER|GEOROC|CITATION_ID|370,GEOROC,PAPER|GEOROC|CITATION_ID|370,,[370] FODOR R. V. (1975),FODOR,1975,1
PAPER|GEOROC|CITATION_ID|1096,GEOROC,PAPER|GEOROC|CITATION_ID|1096,,[1096] GERASIMOVSKY V. I. (1975),GERASIMOVSKY,1975,1
PAPER|GEOROC|CITATION_ID|1539,GEOROC,PAPER|GEOROC|CITATION_ID|1539,,[1539] GOLDICH S. S. (1975),GOLDICH,1975,3
PAPER|GEOROC|CITATION_ID|1940,GEOROC,PAPER|GEOROC|CITATION_ID|1940,,[1940] GUNN B. M. (1975),GUNN,1975,7
PAPER|PETDB|CITATION_SHA1|2037ea955295f788,PetDB,PAPER|PETDB|CITATION_SHA1|2037ea955295f788,,"Hekinian, R., Hoffert, M. (1975). RATE OF PALAGONITIZATION AND MANGANESE COATING ON BASALTIC ROCKS FROM THE RIFT VALLEY IN THE ATLANTIC OCEAN NEAR 36 DEGREE 50 N. MARINE GEOLOGY, 19, 91-109.",HEKINIAN,1975,2
PAPER|GEOROC|CITATION_ID|5388,GEOROC,PAPER|GEOROC|CITATION_ID|5388,,[5388] HUBBARD N. J. (1975),HUBBARD,1975,3
PAPER|GEOROC|CITATION_ID|5954,GEOROC,PAPER|GEOROC|CITATION_ID|5954,,[5954] KOBAYASHI T. (1975),KOBAYASHI,1975,1
PAPER|GEOROC|CITATION_ID|12651,GEOROC,PAPER|GEOROC|CITATION_ID|12651,,[12651] LIETZ J. (1975),LIETZ,1975,3
PAPER|GEOROC|CITATION_ID|4758,GEOROC,PAPER|GEOROC|CITATION_ID|4758,,[4758] SARTORI P. L. P. (1975),SARTORI,1975,1
PAPER|GEOROC|CITATION_ID|5073,GEOROC,PAPER|GEOROC|CITATION_ID|5073,,[5073] SATO T. (1975),SATO,1975,19
PAPER|PETDB|CITATION_SHA1|5911e643249062dc,PetDB,PAPER|PETDB|CITATION_SHA1|5911e643249062dc,,"Schilling, J. (1975). AZORES MANTLE BLOB: RARE-EARTH EVIDENCE. EARTH PLANET SCI LETT, 25, 103-115.",SCHILLING,1975,1
PAPER|PETDB|CITATION_SHA1|b7f12b39592053ab,PetDB,PAPER|PETDB|CITATION_SHA1|b7f12b39592053ab,,"Shibata, T., Fox, P. J. (1975). FRACTIONATION OF ABYSSAL THOLEIITES; SAMPLES FROM THE OCEANOGRAPHER FRACTURE ZONE (35 DEGREE N, 35 DEGREE W). EARTH PLANET SCI LETT, 27, 62-72.",SHIBATA,1975,1
PAPER|GEOROC|CITATION_ID|2019,GEOROC,PAPER|GEOROC|CITATION_ID|2019,,[2019] STOESER D. B. (1975),STOESER,1975,2
PAPER|GEOROC|CITATION_ID|210,GEOROC,PAPER|GEOROC|CITATION_ID|210,,[210] WRIGHT T. L. (1975),WRIGHT,1975,49
PAPER|GEOROC|CITATION_ID|5097,GEOROC,PAPER|GEOROC|CITATION_ID|5097,,[5097] ABE T. (1976),ABE,1976,3
PAPER|GEOROC|CITATION_ID|626,GEOROC,PAPER|GEOROC|CITATION_ID|626,,[626] BAITIS H. W. (1976),BAITIS,1976,4
PAPER|GEOROC|CITATION_ID|1337,GEOROC,PAPER|GEOROC|CITATION_ID|1337,,[1337] BAXTER A. N. (1976),BAXTER,1976,7
PAPER|GEOROC|CITATION_ID|373,GEOROC,PAPER|GEOROC|CITATION_ID|373,,[373] BEESON M. H. (1976),BEESON,1976,26
PAPER|PETDB|CITATION_SHA1|ee2dc6766905e379,PetDB,PAPER|PETDB|CITATION_SHA1|ee2dc6766905e379,,"Bonatti, E., Honnorez, J., ... Keil, K. (1976). ULTRAMAFIC AND MAFIC DREDGE SAMPLES FROM THE EQUATORIAL MID-ATLANTIC RIDGE AND FRACTURE ZONE. J GEOPHYS RES, 81, 4087-4103.",BONATTI,1976,1
PAPER|GEOROC|CITATION_ID|3012,GEOROC,PAPER|GEOROC|CITATION_ID|3012,,[3012] BROOKS C. K. (1976),BROOKS,1976,3
PAPER|GEOROC|CITATION_ID|1445,GEOROC,PAPER|GEOROC|CITATION_ID|1445,,[1445] BRYAN W. B. (1976),BRYAN,1976,7
PAPER|GEOROC|CITATION_ID|8290,GEOROC,PAPER|GEOROC|CITATION_ID|8290,,[8290] BULTITUDE R. J. (1976),BULTITUDE,1976,25
PAPER|MERGED|9b05c0a82db6838b,GEOROC; PetDB,PAPER|MERGED|9b05c0a82db6838b,,"Byerly, G. R., Melson, W. G., ... Vogt, P. R. (1976). RHYODACITES, ANDESITES, FERRO-BASALTS AND OCEAN THOLEIITES FROM THE GALAPAGOS SPREADING CENTER. EARTH PLANET SCI LETT, 30, 215-221.; [2282] BYERLY G. R. (1976)",BYERLY,1976,24
PAPER|GEOROC|CITATION_ID|2003,GEOROC,PAPER|GEOROC|CITATION_ID|2003,,[2003] CLAGUE D. A. (1976),CLAGUE,1976,3
PAPER|GEOROC|CITATION_ID|2710,GEOROC,PAPER|GEOROC|CITATION_ID|2710,,[2710] CLARKE D. B. (1976),CLARKE,1976,6
PAPER|PETDB|CITATION_SHA1|ae707db6e96459d2,PetDB,PAPER|PETDB|CITATION_SHA1|ae707db6e96459d2,,"Erlank, A. J., Kable, E. J. D. (1976). THE SIGNIFICANCE OF INCOMPATIBLE ELEMENTS IN MID-ATLANTIC RIDGE BASALTS FROM 45 DEGREE N WITH PARTICULAR REFERENCE TO ZR/NB. CONTRIB MINERAL PETROL, 54, 281-291.",ERLANK,1976,1
PAPER|GEOROC|CITATION_ID|1087,GEOROC,PAPER|GEOROC|CITATION_ID|1087,,[1087] GERASIMOVSKY V. I. (1976),GERASIMOVSKY,1976,33
PAPER|GEOROC|CITATION_ID|2771,GEOROC,PAPER|GEOROC|CITATION_ID|2771,,[2771] GILL J. B. (1976),GILL,1976,4
PAPER|GEOROC|CITATION_ID|715,GEOROC,PAPER|GEOROC|CITATION_ID|715,,[715] GUNN B. M. (1976),GUNN,1976,51
PAPER|GEOROC|CITATION_ID|2228,GEOROC,PAPER|GEOROC|CITATION_ID|2228,,[2228] GUNNLAUGSSON E. (1976),GUNNLAUGSSON,1976,6
PAPER|GEOROC|CITATION_ID|3008,GEOROC,PAPER|GEOROC|CITATION_ID|3008,,[3008] HALD N. (1976),HALD,1976,38
PAPER|GEOROC|CITATION_ID|1462,GEOROC,PAPER|GEOROC|CITATION_ID|1462,,[1462] HERNANDEZ-PACHECO A. (1976),HERNANDEZPACHECO,1976,4
PAPER|GEOROC|CITATION_ID|1749,GEOROC,PAPER|GEOROC|CITATION_ID|1749,,[1749] HOLDEN G. S. (1976),HOLDEN,1976,4
PAPER|GEOROC|CITATION_ID|2008,GEOROC,PAPER|GEOROC|CITATION_ID|2008,,[2008] JACKSON E. D. (1976),JACKSON,1976,22
PAPER|GEOROC|CITATION_ID|2069,GEOROC,PAPER|GEOROC|CITATION_ID|2069,,[2069] KRISTMANNSDOTTIR H. (1976),KRISTMANNSDOTTIR,1976,7
PAPER|GEOROC|CITATION_ID|128,GEOROC,PAPER|GEOROC|CITATION_ID|128,,[128] KUSHIRO I. (1976),KUSHIRO,1976,1
PAPER|GEOROC|CITATION_ID|3418,GEOROC,PAPER|GEOROC|CITATION_ID|3418,,[3418] LEEMAN W. P. (1976),LEEMAN,1976,12
PAPER|GEOROC|CITATION_ID|3535,GEOROC,PAPER|GEOROC|CITATION_ID|3535,,[3535] LEEMAN W. P. (1976),LEEMAN,1976,14
PAPER|GEOROC|CITATION_ID|13105,GEOROC,PAPER|GEOROC|CITATION_ID|13105,,[13105] MARUYAMA S. (1976),MARUYAMA,1976,10
PAPER|GEOROC|CITATION_ID|2468,GEOROC,PAPER|GEOROC|CITATION_ID|2468,,[2468] MCDOUGALL I. (1976),MCDOUGALL,1976,30
PAPER|GEOROC|CITATION_ID|10644,GEOROC,PAPER|GEOROC|CITATION_ID|10644,,[10644] MORENO-ROA HUGO (1976),MORENOROA,1976,4
PAPER|GEOROC|CITATION_ID|1088,GEOROC,PAPER|GEOROC|CITATION_ID|1088,,[1088] POLYAKOV A. I. (1976),POLYAKOV,1976,3
PAPER|PETDB|CITATION_SHA1|6499c6513aec0642,PetDB,PAPER|PETDB|CITATION_SHA1|6499c6513aec0642,,"Schilling, J., Vogt, P. R., ... Anderson, R. N. (1976). RARE EARTH, FE AND TI VARIATIONS ALONG THE GALAPAGOS SPREADING CENTER AND THEIR RELATIONSHIP TO THE GALAPAGOS MANTLE PLUME. NATURE, 261, 108-113.",SCHILLING,1976,9
PAPER|GEOROC|CITATION_ID|1362,GEOROC,PAPER|GEOROC|CITATION_ID|1362,,[1362] SCHMINCKE H.-U. (1976),SCHMINCKE,1976,5
PAPER|GEOROC|CITATION_ID|896,GEOROC,PAPER|GEOROC|CITATION_ID|896,,[896] SCHMINCKE H.-U. (1976),SCHMINCKE,1976,6
PAPER|GEOROC|CITATION_ID|1280,GEOROC,PAPER|GEOROC|CITATION_ID|1280,,[1280] SELF S. (1976),SELF,1976,3
PAPER|GEOROC|CITATION_ID|2357,GEOROC,PAPER|GEOROC|CITATION_ID|2357,,[2357] SETHNA S. F. (1976),SETHNA,1976,1
PAPER|GEOROC|CITATION_ID|1094,GEOROC,PAPER|GEOROC|CITATION_ID|1094,,[1094] SIGVALDASON G. E. (1976),SIGVALDASON,1976,1
PAPER|GEOROC|CITATION_ID|1529,GEOROC,PAPER|GEOROC|CITATION_ID|1529,,[1529] SUN SHEN-SU (1976),SUN,1976,5
PAPER|GEOROC|CITATION_ID|751,GEOROC,PAPER|GEOROC|CITATION_ID|751,,[751] WATSON E. B. (1976),WATSON,1976,2
PAPER|GEOROC|CITATION_ID|1086,GEOROC,PAPER|GEOROC|CITATION_ID|1086,,[1086] WOOD D. A. (1976),WOOD,1976,3
PAPER|GEOROC|CITATION_ID|1877,GEOROC,PAPER|GEOROC|CITATION_ID|1877,,[1877] ALEXANDER P. O.(1977)  [GeoReM [178] ],ALEXANDER,1977,10
PAPER|PETDB|CITATION_SHA1|bef3c376df1d500b,PetDB,PAPER|PETDB|CITATION_SHA1|bef3c376df1d500b,,"Arcyana,  (1977). ROCKS COLLECTED BY BATHYSCAPH AND DIVING SAUCER IN THE FAMOUS AREA OF THE MID-ATLANTIC RIFT VALLEY: PETROLOGICAL DIVERSITY AND STRUCTURAL SETTING. DEEP SEA RESEARCH, 24, 565-589.",ARCYANA,1977,7
PAPER|GEOROC|CITATION_ID|711,GEOROC,PAPER|GEOROC|CITATION_ID|711,,[711] BONATTI E. (1977),BONATTI,1977,8
PAPER|GEOROC|CITATION_ID|372,GEOROC,PAPER|GEOROC|CITATION_ID|372,,[372] BONHOMMET N. (1977),BONHOMMET,1977,4
PAPER|GEOROC|CITATION_ID|802,GEOROC,PAPER|GEOROC|CITATION_ID|802,,[802] CLARK J. G. (1977),CLARK,1977,25
PAPER|GEOROC|CITATION_ID|2770,GEOROC,PAPER|GEOROC|CITATION_ID|2770,,[2770] EWART A. (1977),EWART,1977,16
PAPER|PETDB|CITATION_SHA1|fce79c30c63899ff,PetDB,PAPER|PETDB|CITATION_SHA1|fce79c30c63899ff,,"Fisher, R. L., Batiza, R., ... Rosendahl, B. R. (1977). EVOLUTION OF OCEANIC CRUST 3. PETROLOGY AND CHEMISTRY OF BASALTS FROM THE EAST PACIFIC RISE AND THE SIQUEIROS TRANSFORM FAULT. J GEOPHYS RES, 82, 265-276.",FISHER,1977,3
PAPER|GEOROC|CITATION_ID|1315,GEOROC,PAPER|GEOROC|CITATION_ID|1315,,[1315] FITTON J. G. (1977),FITTON,1977,2
PAPER|GEOROC|CITATION_ID|2075,GEOROC,PAPER|GEOROC|CITATION_ID|2075,,[2075] FODOR R. V. (1977),FODOR,1977,5
PAPER|GEOROC|CITATION_ID|1658,GEOROC,PAPER|GEOROC|CITATION_ID|1658,,[1658] FREY F. A. (1977),FREY,1977,7
PAPER|PETDB|CITATION_SHA1|750d702a4da148c3,PetDB,PAPER|PETDB|CITATION_SHA1|750d702a4da148c3,,"Hanson, G. N., Taylor, S. R., ... Bender, J. F. (1977). PETROGENESIS OF BASALTS FROM THE FAMOUS AREA; MID-ATLANTIC RIDGE. EARTH PLANET SCI LETT, 36, 133-156.",HANSON,1977,6
PAPER|GEOROC|CITATION_ID|3678,GEOROC,PAPER|GEOROC|CITATION_ID|3678,,[3678] HAWKINS J. W. JR. (1977),HAWKINS,1977,38
PAPER|GEOROC|CITATION_ID|4472,GEOROC,PAPER|GEOROC|CITATION_ID|4472,,[4472] HAYATSU K. (1977),HAYATSU,1977,12
PAPER|GEOROC|CITATION_ID|2009,GEOROC,PAPER|GEOROC|CITATION_ID|2009,,[2009] HUGHES G. W. (1977),HUGHES,1977,15
PAPER|GEOROC|CITATION_ID|750,GEOROC,PAPER|GEOROC|CITATION_ID|750,,[750] IMSLAND P. (1977),IMSLAND,1977,16
PAPER|GEOROC|CITATION_ID|5390,GEOROC,PAPER|GEOROC|CITATION_ID|5390,,[5390] LARSEN J. G. (1977),LARSEN,1977,21
PAPER|GEOROC|CITATION_ID|204,GEOROC,PAPER|GEOROC|CITATION_ID|204,,[204] LEEMAN W. P. (1977),LEEMAN,1977,1
PAPER|GEOROC|CITATION_ID|4053,GEOROC,PAPER|GEOROC|CITATION_ID|4053,,[4053] LOPEZ-ESCOBAR L. (1977),LOPEZESCOBAR,1977,8
PAPER|GEOROC|CITATION_ID|2684,GEOROC,PAPER|GEOROC|CITATION_ID|2684,,[2684] MATTEY D. P. (1977),MATTEY,1977,53
PAPER|GEOROC|CITATION_ID|746,GEOROC,PAPER|GEOROC|CITATION_ID|746,,[746] NATLAND J. H. (1977),NATLAND,1977,3
PAPER|GEOROC|CITATION_ID|1387,GEOROC,PAPER|GEOROC|CITATION_ID|1387,,[1387] PELLICER M. J. (1977),PELLICER,1977,2
PAPER|GEOROC|CITATION_ID|7565,GEOROC,PAPER|GEOROC|CITATION_ID|7565,,[7565] SHIRAKI K. (1977),SHIRAKI,1977,3
PAPER|GEOROC|CITATION_ID|11464,GEOROC,PAPER|GEOROC|CITATION_ID|11464,,[11464] STOUT M. Z. (1977),STOUT,1977,20
PAPER|GEOROC|CITATION_ID|1915,GEOROC,PAPER|GEOROC|CITATION_ID|1915,,[1915] SUBBARAO K. V. (1977),SUBBARAO,1977,6
PAPER|GEOROC|CITATION_ID|9510,GEOROC,PAPER|GEOROC|CITATION_ID|9510,,[9510] TANAKA TSUYOSHI (1977),TANAKA,1977,23
PAPER|PETDB|CITATION_SHA1|f643684958e05fa2,PetDB,PAPER|PETDB|CITATION_SHA1|f643684958e05fa2,,"Watson, E. B., Thompson, G., ... Frey, F. A. (1977). GEOCHEMISTRY AND PETROLOGY OF DREDGED BASALTS FROM THE BOUVET TRIPLE JUNCTION, SOUTH ATLANTIC. GEOCHIM COSMOCHIM ACTA, 41, 1105-1118.",WATSON,1977,5
PAPER|PETDB|CITATION_SHA1|c2183a22732b7e26,PetDB,PAPER|PETDB|CITATION_SHA1|c2183a22732b7e26,,"White, W. M. (1977). GEOCHEMISTRY OF IGNEOUS ROCKS FROM THE CENTRAL NORTH ATLANTIC: THE AZORES AND THE MID-ATLANTIC RIDGE. THESIS OR DISSERTATION, DOCTORAL, URI; MONOGRAPHIC",WHITE,1977,2
PAPER|GEOROC|CITATION_ID|374,GEOROC,PAPER|GEOROC|CITATION_ID|374,,[374] WRIGHT T. L. (1977),WRIGHT,1977,69
PAPER|GEOROC|CITATION_ID|1874,GEOROC,PAPER|GEOROC|CITATION_ID|1874,,[1874] WU G. Y. (1977),WU,1977,7
PAPER|GEOROC|CITATION_ID|1389,GEOROC,PAPER|GEOROC|CITATION_ID|1389,,[1389] BAXTER A. N. (1978),BAXTER,1978,2
PAPER|GEOROC|CITATION_ID|2687,GEOROC,PAPER|GEOROC|CITATION_ID|2687,,[2687] BECKINSALE R. D. (1978),BECKINSALE,1978,10
PAPER|GEOROC|CITATION_ID|786,GEOROC,PAPER|GEOROC|CITATION_ID|786,,[786] BROUSSE R. (1978),BROUSSE,1978,10
PAPER|GEOROC|CITATION_ID|787,GEOROC,PAPER|GEOROC|CITATION_ID|787,,[787] BROUSSE R. (1978),BROUSSE,1978,22
PAPER|GEOROC|CITATION_ID|788,GEOROC,PAPER|GEOROC|CITATION_ID|788,,[788] BROUSSE R. (1978),BROUSSE,1978,29
PAPER|GEOROC|CITATION_ID|1872,GEOROC,PAPER|GEOROC|CITATION_ID|1872,,[1872] CHANDRASEKHARAM D. (1978),CHANDRASEKHARAM,1978,13
PAPER|GEOROC|CITATION_ID|894,GEOROC,PAPER|GEOROC|CITATION_ID|894,,[894] CUBAS PADILLA C. R. (1978),CUBAS,1978,22
PAPER|GEOROC|CITATION_ID|3160,GEOROC,PAPER|GEOROC|CITATION_ID|3160,,[3160] FURNES H. (1978),FURNES,1978,2
PAPER|GEOROC|CITATION_ID|666,GEOROC,PAPER|GEOROC|CITATION_ID|666,,[666] FURNES H. (1978),FURNES,1978,3
PAPER|GEOROC|CITATION_ID|1077,GEOROC,PAPER|GEOROC|CITATION_ID|1077,,[1077] GERASIMOVSKY V. I. (1978),GERASIMOVSKY,1978,2
PAPER|PETDB|CITATION_SHA1|f006c09415d5c911,PetDB,PAPER|PETDB|CITATION_SHA1|f006c09415d5c911,,"Graham, D. G., Delaney, J. R., ... Muenow, D. W. (1978). ABUNDANCE AND DISTRIBUTION OF WATER, CARBON AND SULFUR IN THE GLASSY RIMS OF SUBMARINE PILLOW BASALTS. GEOCHIM COSMOCHIM ACTA, 42, 581-594.",GRAHAM,1978,7
PAPER|GEOROC|CITATION_ID|1599,GEOROC,PAPER|GEOROC|CITATION_ID|1599,,[1599] GRÖNVOLD K. (1978),GRONVOLD,1978,41
PAPER|PETDB|CITATION_SHA1|6c3aa6040d6a9816,PetDB,PAPER|PETDB|CITATION_SHA1|6c3aa6040d6a9816,,"Hekinian, R., Subbarao, K. V. (1978). ALKALI-ENRICHED ROCKS FROM THE CENTRAL EASTERN PACIFIC OCEAN. MARINE GEOLOGY, 26, 249-268.",HEKINIAN,1978,2
PAPER|GEOROC|CITATION_ID|1146,GEOROC,PAPER|GEOROC|CITATION_ID|1146,,[1146] JAKOBSSON S. P. (1978),JAKOBSSON,1978,2
PAPER|GEOROC|CITATION_ID|5622,GEOROC,PAPER|GEOROC|CITATION_ID|5622,,[5622] JOHNSON R. W. (1978),JOHNSON,1978,5
PAPER|GEOROC|CITATION_ID|3252,GEOROC,PAPER|GEOROC|CITATION_ID|3252,,[3252] KATSUI Y. (1978),KATSUI,1978,2
PAPER|PETDB|CITATION_SHA1|b67f473b5fc46553,PetDB,PAPER|PETDB|CITATION_SHA1|b67f473b5fc46553,,"Lopez, M. M., Urrutia, J. F., ... Perez, J. R. (1978). GEOCHEMISTRY AND PETROLOGY OF SOME VOLCANIC ROCKS DREDGED FROM THE GULF OF CALIFORNIA. GEOCHEM J, 12, 127-132.",LOPEZ,1978,1
PAPER|GEOROC|CITATION_ID|1145,GEOROC,PAPER|GEOROC|CITATION_ID|1145,,[1145] MÄKIPÄÄ H. (1978),MAKIPAA,1978,22
PAPER|GEOROC|CITATION_ID|1074,GEOROC,PAPER|GEOROC|CITATION_ID|1074,,[1074] MEYER P. S. (1978),MEYER,1978,1
PAPER|GEOROC|CITATION_ID|2685,GEOROC,PAPER|GEOROC|CITATION_ID|2685,,[2685] NIELSEN T. F. D. (1978),NIELSEN,1978,4
PAPER|GEOROC|CITATION_ID|5923,GEOROC,PAPER|GEOROC|CITATION_ID|5923,,[5923] SAWADA Y. (1978),SAWADA,1978,2
PAPER|GEOROC|CITATION_ID|9051,GEOROC,PAPER|GEOROC|CITATION_ID|9051,,[9051] SHIRAKI K. (1978),SHIRAKI,1978,4
PAPER|GEOROC|CITATION_ID|1073,GEOROC,PAPER|GEOROC|CITATION_ID|1073,,[1073] SIGURDSSON H. (1978),SIGURDSSON,1978,1
PAPER|GEOROC|CITATION_ID|1147,GEOROC,PAPER|GEOROC|CITATION_ID|1147,,[1147] SIGURDSSON H. (1978),SIGURDSSON,1978,31
PAPER|GEOROC|CITATION_ID|6929,GEOROC,PAPER|GEOROC|CITATION_ID|6929,,[6929] TAKAMURA H. (1978),TAKAMURA,1978,2
PAPER|GEOROC|CITATION_ID|1075,GEOROC,PAPER|GEOROC|CITATION_ID|1075,,[1075] WOOD D. A. (1978),WOOD,1978,25
PAPER|GEOROC|CITATION_ID|3711,GEOROC,PAPER|GEOROC|CITATION_ID|3711,,[3711] WOOD C. P. (1978),WOOD,1978,4
PAPER|GEOROC|CITATION_ID|733,GEOROC,PAPER|GEOROC|CITATION_ID|733,,[733] WRIGHT T. L. (1978),WRIGHT,1978,31
PAPER|GEOROC|CITATION_ID|517,GEOROC,PAPER|GEOROC|CITATION_ID|517,,[517] BARSIKOV V. L. (1979),BARSIKOV,1979,3
PAPER|PETDB|CITATION_SHA1|01370cc42edd6c6e,PetDB,PAPER|PETDB|CITATION_SHA1|01370cc42edd6c6e,,"Deboer, J., Delong, S. E., ... Bryan, W. B. (1979). GEOLOGICAL AND GEOPHYSICAL INVESTIGATION OF THE MID-CAYMAN SPREADING CENTER: INITIAL RESULTS AND OBSERVATIONS. AGU MAURICE EWING SERIES, 2, 66-93.",DEBOER,1979,1
PAPER|GEOROC|CITATION_ID|2561,GEOROC,PAPER|GEOROC|CITATION_ID|2561,,[2561] DIXON T. H. (1979),DIXON,1979,4
PAPER|GEOROC|CITATION_ID|5409,GEOROC,PAPER|GEOROC|CITATION_ID|5409,,[5409] ECHEVERRIA L. M. (1979),ECHEVERRIA,1979,3
PAPER|GEOROC|CITATION_ID|4201,GEOROC,PAPER|GEOROC|CITATION_ID|4201,,[4201] FAURE G. (1979),FAURE,1979,13
PAPER|PETDB|CITATION_SHA1|a98ffeac4e8bc4e2,PetDB,PAPER|PETDB|CITATION_SHA1|a98ffeac4e8bc4e2,,"Fisher, R. L., Hedge, C. E., ... Futa, K. (1979). THE RARE EARTH ABUNDANCES AND RB-SR SYSTEMATICS OF BASALTS, GABBRO, ANORTHOSITE AND MINOR GRANITE ROCKS FROM THE INDIAN OCEAN RIDGE SYSTEM, WESTERN INDIAN OCEAN. CONTRIB MINERAL PETROL, 68, 373-376.",FISHER,1979,2
PAPER|PETDB|CITATION_SHA1|3476e560b378121f,PetDB,PAPER|PETDB|CITATION_SHA1|3476e560b378121f,,"Frey, F. A., Shibata, T., ... Thompson, G. (1979). THOLEIITIC AND ALKALI BASALTS FROM THE MID-ATLANTIC RIDGE AT 43 DEGREE N. CONTRIB MINERAL PETROL, 70, 127-141.",FREY,1979,10
PAPER|GEOROC|CITATION_ID|7167,GEOROC,PAPER|GEOROC|CITATION_ID|7167,,[7167] FUJIMAKI H. (1979),FUJIMAKI,1979,1
PAPER|GEOROC|CITATION_ID|2404,GEOROC,PAPER|GEOROC|CITATION_ID|2404,,[2404] GARCIA M. O. (1979),GARCIA,1979,1
PAPER|GEOROC|CITATION_ID|657,GEOROC,PAPER|GEOROC|CITATION_ID|657,,[657] GLITSCH L. (1979),GLITSCH,1979,11
PAPER|PETDB|CITATION_SHA1|d807a485a47014c9,PetDB,PAPER|PETDB|CITATION_SHA1|d807a485a47014c9,,"Hohenberg, C. M., Podosek, F. A., ... Batiza, R. (1979). RELATIONS OF NOBLE GAS ABUNDANCES TO PETROGENESIS AND MAGMATIC EVOLUTION OF SOME OCEANIC BASALTS AND DIFFERENTIATED VOLCANIC ROCKS. CONTRIB MINERAL PETROL, 69, 301-313.",HOHENBERG,1979,1
PAPER|GEOROC|CITATION_ID|2904,GEOROC,PAPER|GEOROC|CITATION_ID|2904,,[2904] HOUGHTON R. L.(1979)  [GeoReM [1244] ],HOUGHTON,1979,8
PAPER|GEOROC|CITATION_ID|1815,GEOROC,PAPER|GEOROC|CITATION_ID|1815,,[1815] JAKOBSSON S. P. (1979),JAKOBSSON,1979,113
PAPER|PETDB|CITATION_SHA1|41f0a94eccae9af3,PetDB,PAPER|PETDB|CITATION_SHA1|41f0a94eccae9af3,,"Joron, J., Treuil, M., ... Cambon, P. (1979). EVIDENCE FOR VARIABILITY OF MAGMATIC PROCESSES AND UPPER MANTLE HETEROGENEITY IN THE AXIAL REGION OF THE MID-ATLANTIC RIDGE NEAR 22 DEGREE  AND 36 DEGREE N. TECTONOPHYSICS, 55, 11-34.",JORON,1979,10
PAPER|GEOROC|CITATION_ID|3540,GEOROC,PAPER|GEOROC|CITATION_ID|3540,,[3540] KATSUI Y. (1979),KATSUI,1979,1
PAPER|GEOROC|CITATION_ID|5096,GEOROC,PAPER|GEOROC|CITATION_ID|5096,,[5096] KURASAWA H. (1979),KURASAWA,1979,5
PAPER|GEOROC|CITATION_ID|1631,GEOROC,PAPER|GEOROC|CITATION_ID|1631,,[1631] LARSEN J. G. (1979),LARSEN,1979,1
PAPER|GEOROC|CITATION_ID|5072,GEOROC,PAPER|GEOROC|CITATION_ID|5072,,[5072] MASUDA Y. (1979),MASUDA,1979,3
PAPER|GEOROC|CITATION_ID|2776,GEOROC,PAPER|GEOROC|CITATION_ID|2776,,[2776] MATSUHISA Y.(1979)  [GeoReM [1113] ],MATSUHISA,1979,2
PAPER|GEOROC|CITATION_ID|10645,GEOROC,PAPER|GEOROC|CITATION_ID|10645,,[10645] MORENO-ROA HUGO (1979),MORENOROA,1979,1
PAPER|GEOROC|CITATION_ID|1247,GEOROC,PAPER|GEOROC|CITATION_ID|1247,,[1247] NATIVEL P. (1979),NATIVEL,1979,7
PAPER|GEOROC|CITATION_ID|612,GEOROC,PAPER|GEOROC|CITATION_ID|612,,[612] OSBORN E. F. (1979),OSBORN,1979,2
PAPER|GEOROC|CITATION_ID|4531,GEOROC,PAPER|GEOROC|CITATION_ID|4531,,[4531] PEDERSEN A. K. (1979),PEDERSEN,1979,2
PAPER|GEOROC|CITATION_ID|893,GEOROC,PAPER|GEOROC|CITATION_ID|893,,[893] PELLICER M. J. (1979),PELLICER,1979,75
PAPER|GEOROC|CITATION_ID|1143,GEOROC,PAPER|GEOROC|CITATION_ID|1143,,[1143] REPTNER A. R. (1979),REPTNER,1979,1
PAPER|PETDB|CITATION_SHA1|46132b2a490e09be,PetDB,PAPER|PETDB|CITATION_SHA1|46132b2a490e09be,,"Sharaskin, A. Y., Sun, S. S., ... Nesbitt, R. W. (1979). GEOCHEMICAL CHARACTERISTICS OF MID-OCEAN RIDGE BASALTS. EARTH PLANET SCI LETT, 44, 119-138.",SHARASKIN,1979,9
PAPER|GEOROC|CITATION_ID|2405,GEOROC,PAPER|GEOROC|CITATION_ID|2405,,[2405] STERN R. J. (1979),STERN,1979,2
PAPER|GEOROC|CITATION_ID|8447,GEOROC,PAPER|GEOROC|CITATION_ID|8447,,[8447] SUGISAKI R. (1979),SUGISAKI,1979,42
PAPER|GEOROC|CITATION_ID|656,GEOROC,PAPER|GEOROC|CITATION_ID|656,,[656] WHITE W. M. (1979),WHITE,1979,31
PAPER|PETDB|CITATION_SHA1|3429270165848020,PetDB,PAPER|PETDB|CITATION_SHA1|3429270165848020,,"White, W. M. (1979). GEOCHEMISTRY OF BASALTS FROM THE FAMOUS AREA: A RE-EXAMINATION. CARN INST, DTM, YEARBOOK, 325-331.",WHITE,1979,2
PAPER|GEOROC|CITATION_ID|1071,GEOROC,PAPER|GEOROC|CITATION_ID|1071,,[1071] WOOD D. A. (1979),WOOD,1979,27
PAPER|GEOROC|CITATION_ID|14223,GEOROC,PAPER|GEOROC|CITATION_ID|14223,,[14223] YASHIMA R. (1979),YASHIMA,1979,7
PAPER|GEOROC|CITATION_ID|1162,GEOROC,PAPER|GEOROC|CITATION_ID|1162,,[1162] AIRES-BARROS L. (1980),AIRESBARROS,1980,8
PAPER|GEOROC|CITATION_ID|615,GEOROC,PAPER|GEOROC|CITATION_ID|615,,[615] BAITIS H. W. (1980),BAITIS,1980,9
PAPER|PETDB|CITATION_SHA1|b01f4c6e050c3e27,PetDB,PAPER|PETDB|CITATION_SHA1|b01f4c6e050c3e27,,"Ballard, R. D., Needham, D., ... Eissen, J. P. (1980). HOMOGENEOUS BASALTS FROM THE EAST PACIFIC RISE AT 21 DEGREE N: STEADY STATE MAGMA RESERVOIRS AT MODERATELY FAST SPREADING CENTERS. OCEANOL ACTA, 3",BALLARD,1980,14
PAPER|GEOROC|CITATION_ID|1482,GEOROC,PAPER|GEOROC|CITATION_ID|1482,,[1482] BROUSSE R. (1980),BROUSSE,1980,28
PAPER|GEOROC|CITATION_ID|2397,GEOROC,PAPER|GEOROC|CITATION_ID|2397,,[2397] CHOW T. J. (1980),CHOW,1980,13
PAPER|GEOROC|CITATION_ID|243,GEOROC,PAPER|GEOROC|CITATION_ID|243,,[243] CLAGUE D. A. (1980),CLAGUE,1980,28
PAPER|GEOROC|CITATION_ID|339,GEOROC,PAPER|GEOROC|CITATION_ID|339,,[339] CLAGUE D. A. (1980),CLAGUE,1980,26
PAPER|PETDB|CITATION_SHA1|b35d9a2b78ee7b6d,PetDB,PAPER|PETDB|CITATION_SHA1|b35d9a2b78ee7b6d,,"Dmitriev, Y. I. (1980). BASALTS FROM THE EAST PACIFIC RISE NEAR 9 DEG N DRILLED ON DEEP SEA DRILLING PROJECT LEG 54 COMPARED WITH MARGINAL-BASIN AND OCEAN-ISLAND BASALTS. INIT REP DSDP, 54, 695-704.",DMITRIEV,1980,3
PAPER|GEOROC|CITATION_ID|212,GEOROC,PAPER|GEOROC|CITATION_ID|212,,[212] EASTON R. M. (1980),EASTON,1980,15
PAPER|GEOROC|CITATION_ID|5398,GEOROC,PAPER|GEOROC|CITATION_ID|5398,,[5398] ECHEVERRIA L. M. (1980),ECHEVERRIA,1980,5
PAPER|PETDB|CITATION_SHA1|9124a64983ef3831,PetDB,PAPER|PETDB|CITATION_SHA1|9124a64983ef3831,,"Evans, R., Schilling, J., ... Bergeron, M. B. (1980). HALOGENS IN THE MANTLE BENEATH THE NORTH ATLANTIC. PHIL TRANS R SOC LOND, A 297, 147-178.",EVANS,1980,1
PAPER|GEOROC|CITATION_ID|2032,GEOROC,PAPER|GEOROC|CITATION_ID|2032,,[2032] FLOWER M. F. J. (1980),FLOWER,1980,205
PAPER|PETDB|CITATION_SHA1|ec2279848fda38ed,PetDB,PAPER|PETDB|CITATION_SHA1|ec2279848fda38ed,,"Fodor, R. V., Rosendahl, B. R. (1980). PETROLOGY OF BASALT DREDGED FROM THE CENTRAL AXIS OF THE GALAPAGOS SPREADING CENTER. INIT REP DSDP, 54, 751-753.",FODOR,1980,1
PAPER|GEOROC|CITATION_ID|652,GEOROC,PAPER|GEOROC|CITATION_ID|652,,[652] FURNES H. (1980),FURNES,1980,7
PAPER|PETDB|CITATION_SHA1|fe15bb95e24b6af8,PetDB,PAPER|PETDB|CITATION_SHA1|fe15bb95e24b6af8,,"Hayes, D. E., Anderson, R. N., ... Sparious, J. (1980). THE INTERRELATION BETWEEN VARIATIONS IN MAGNETIC ANOMALY AMPLITUDES AND BASALTIC MAGNETIZATION AND CHEMISTRY ALONG THE SOUTHEAST INDIAN RIDGE. J GEOPHYS RES, 85, 3883-3898.",HAYES,1980,23
PAPER|PETDB|CITATION_SHA1|7c08f63d1fa8c180,PetDB,PAPER|PETDB|CITATION_SHA1|7c08f63d1fa8c180,,"Humphris, S. E., Gibson, I. L., ... Thompson, R. N. (1980). COMPARISON OF GEOCHEMISTRY OF BASALTS FROM THE EAST PACIFIC RISE, OCP RIDGE, AND SIQUEIROS FRACTURE ZONE, DEEP SEA DRILLING PROJECT LEG 54. INIT REP DSDP, 54, 635-649.",HUMPHRIS,1980,15
PAPER|GEOROC|CITATION_ID|2401,GEOROC,PAPER|GEOROC|CITATION_ID|2401,,[2401] ISHII T. (1980),ISHII,1980,8
PAPER|GEOROC|CITATION_ID|3250,GEOROC,PAPER|GEOROC|CITATION_ID|3250,,[3250] ISHIKAWA KEN^ICHI (1980),ISHIKAWA,1980,1
PAPER|GEOROC|CITATION_ID|1710,GEOROC,PAPER|GEOROC|CITATION_ID|1710,,[1710] JAHN B.-M. (1980),JAHN,1980,12
PAPER|PETDB|CITATION_SHA1|0b8d1ae71264de0f,PetDB,PAPER|PETDB|CITATION_SHA1|0b8d1ae71264de0f,,"Joron, J., Bougault, H., ... Briqueu, L. (1980). EAST PACIFIC RISE, GALAPAGOS SPREADING CENTER AND SIQUEIROS FRACTURE ZONE, DEEP SEA DRILLING PROJECT LEG 54: HYGROMAGMAPHILE ELEMENTS - A COMPARISON WITH THE NORTH ATLANTIC. INIT REP DSDP, 54, 725-735.",JORON,1980,29
PAPER|GEOROC|CITATION_ID|1870,GEOROC,PAPER|GEOROC|CITATION_ID|1870,,[1870] KRISHNAMURTHY P. (1980),KRISHNAMURTHY,1980,30
PAPER|GEOROC|CITATION_ID|4144,GEOROC,PAPER|GEOROC|CITATION_ID|4144,,[4144] LYLE P. (1980),LYLE,1980,26
PAPER|GEOROC|CITATION_ID|2400,GEOROC,PAPER|GEOROC|CITATION_ID|2400,,[2400] MATTEY D. P. (1980),MATTEY,1980,9
PAPER|GEOROC|CITATION_ID|732,GEOROC,PAPER|GEOROC|CITATION_ID|732,,[732] MOORE RICHARD B. (1980),MOORE,1980,12
PAPER|GEOROC|CITATION_ID|4614,GEOROC,PAPER|GEOROC|CITATION_ID|4614,,[4614] MORRISON M. A. (1980),MORRISON,1980,7
PAPER|GEOROC|CITATION_ID|4270,GEOROC,PAPER|GEOROC|CITATION_ID|4270,,[4270] NAGAO TAKASHI (1980),NAGAO,1980,4
PAPER|GEOROC|CITATION_ID|4386,GEOROC,PAPER|GEOROC|CITATION_ID|4386,,[4386] NAGAO TAKASHI (1980),NAGAO,1980,3
PAPER|GEOROC|CITATION_ID|445,GEOROC,PAPER|GEOROC|CITATION_ID|445,,[445] NATLAND J. H. (1980),NATLAND,1980,7
PAPER|PETDB|CITATION_SHA1|024a5a427a4331c9,PetDB,PAPER|PETDB|CITATION_SHA1|024a5a427a4331c9,,"Srivastava, R. K., Puchelt, H., ... Emmermann, R. (1980). PETROLOGY AND GEOCHEMISTRY OF BASALTS FROM DEEP SEA DRILLING PROJECT LEG 54. INIT REP DSDP, 54, 671-693.",SRIVASTAVA,1980,25
PAPER|GEOROC|CITATION_ID|2686,GEOROC,PAPER|GEOROC|CITATION_ID|2686,,[2686] THOMPSON R. N. (1980),THOMPSON,1980,1
PAPER|GEOROC|CITATION_ID|11361,GEOROC,PAPER|GEOROC|CITATION_ID|11361,,[11361] WARK J. M. (1980),WARK,1980,12
PAPER|GEOROC|CITATION_ID|2946,GEOROC,PAPER|GEOROC|CITATION_ID|2946,,[2946] WEIBLEN P. W. (1980),WEIBLEN,1980,1
PAPER|GEOROC|CITATION_ID|2947,GEOROC,PAPER|GEOROC|CITATION_ID|2947,,[2947] WILBAND J. T. (1980),WILBAND,1980,18
PAPER|GEOROC|CITATION_ID|2595,GEOROC,PAPER|GEOROC|CITATION_ID|2595,,[2595] WOOD D. A. (1980),WOOD,1980,28
PAPER|GEOROC|CITATION_ID|1856,GEOROC,PAPER|GEOROC|CITATION_ID|1856,,[1856] ALEXANDER P. O. (1981),ALEXANDER,1981,2
PAPER|PETDB|CITATION_SHA1|c9f237a8b32b045c,PetDB,PAPER|PETDB|CITATION_SHA1|c9f237a8b32b045c,,"Allegre, C. J., Rousseau, D., ... Lambret, B. (1981). LIMITATIONS ON THE SCALE OF MANTLE HETEROGENEITIES UNDER OCEANIC RIDGES, LEAD AND STRONTIUM ISOTOPE VARIATIONS IN THE FAMOUS AND CYAMEX AREAS. NATURE, 294, 552-554.",ALLEGRE,1981,3
PAPER|GEOROC|CITATION_ID|18933,GEOROC,PAPER|GEOROC|CITATION_ID|18933,,[18933] BHAT M. I. (1981),BHAT,1981,6
PAPER|GEOROC|CITATION_ID|548,GEOROC,PAPER|GEOROC|CITATION_ID|548,,[548] BLANCHARD F. (1981),BLANCHARD,1981,3
PAPER|GEOROC|CITATION_ID|2472,GEOROC,PAPER|GEOROC|CITATION_ID|2472,,[2472] CARLSON R. W. (1981),CARLSON,1981,20
PAPER|GEOROC|CITATION_ID|2665,GEOROC,PAPER|GEOROC|CITATION_ID|2665,,[2665] CHRISTIE D. M. (1981),CHRISTIE,1981,35
PAPER|PETDB|CITATION_SHA1|c83eb0532ce6db0b,PetDB,PAPER|PETDB|CITATION_SHA1|c83eb0532ce6db0b,,"Clauer, N., Vidal, P. (1981). PB AND SR ISOTOPIC SYSTEMATICS OF SOME BASALTS AND SULFIDES FROM THE EAST PACIFIC RISE AT 21 DEGREE N (PROJECT RITA). EARTH PLANET SCI LETT, 55, 237-246.",CLAUER,1981,3
PAPER|PETDB|CITATION_SHA1|2e2bad4d109d1326,PetDB,PAPER|PETDB|CITATION_SHA1|2e2bad4d109d1326,,"Condomines, M., Allegre, C. J., ... Morand, P. (1981). 230TH-238U RADIOACTIVE DISEQUILIBRIA IN THOLEIITES FROM THE FAMOUS ZONE (MID-ATLANTIC RIDGE, 36 DEGREE 50ÕN): TH AND SR ISOTOPIC GEOCHEMISTRY. EARTH PLANET SCI LETT, 55, 247-256.",CONDOMINES,1981,4
PAPER|GEOROC|CITATION_ID|1864,GEOROC,PAPER|GEOROC|CITATION_ID|1864,,[1864] DE A. (1981),DE,1981,3
PAPER|GEOROC|CITATION_ID|1064,GEOROC,PAPER|GEOROC|CITATION_ID|1064,,[1064] ELDERFIELD H. (1981),ELDERFIELD,1981,4
PAPER|GEOROC|CITATION_ID|707,GEOROC,PAPER|GEOROC|CITATION_ID|707,,[707] FERAUD G. (1981),FERAUD,1981,20
PAPER|GEOROC|CITATION_ID|1370,GEOROC,PAPER|GEOROC|CITATION_ID|1370,,[1370] GEVORKYAN V. KH. (1981),GEVORKYAN,1981,5
PAPER|GEOROC|CITATION_ID|1858,GEOROC,PAPER|GEOROC|CITATION_ID|1858,,[1858] HELLMAN P. L. (1981),HELLMAN,1981,13
PAPER|GEOROC|CITATION_ID|4784,GEOROC,PAPER|GEOROC|CITATION_ID|4784,,[4784] LINDSTROM M. M. (1981),LINDSTROM,1981,18
PAPER|GEOROC|CITATION_ID|10205,GEOROC,PAPER|GEOROC|CITATION_ID|10205,,[10205] LOPEZ-ESCOBAR L. (1981),LOPEZESCOBAR,1981,5
PAPER|PETDB|CITATION_SHA1|b62dd712230f5755,PetDB,PAPER|PETDB|CITATION_SHA1|b62dd712230f5755,,"Ludden, J. N., Bryan, W. B., ... Thompson, G. (1981). COMPOSITIONAL VARIATION IN NORMAL MORB FROM 22 DEGREE -25 DEGREE N: MID-ATLANTIC RIDGE AND KANE FRACTURE ZONE. J GEOPHYS RES, 86, 11815-11836.",LUDDEN,1981,28
PAPER|GEOROC|CITATION_ID|1866,GEOROC,PAPER|GEOROC|CITATION_ID|1866,,[1866] NAJAFI S. J. (1981),NAJAFI,1981,36
PAPER|PETDB|CITATION_SHA1|49b66da5c6dd4942,PetDB,PAPER|PETDB|CITATION_SHA1|49b66da5c6dd4942,,"Needham, H. D., Le Roex, A. P., ... Erlank, A. J. (1981). GEOCHEMICAL AND MINERALOGICAL EVIDENCE FOR THE OCCURENCE OF AT LEAST THREE DISTINCT MAGMA TYPES IN THE FAMOUS REGION. CONTRIB MINERAL PETROL, 77, 24-37.",NEEDHAM,1981,13
PAPER|GEOROC|CITATION_ID|4358,GEOROC,PAPER|GEOROC|CITATION_ID|4358,,[4358] NIELSEN T. F. D. (1981),NIELSEN,1981,6
PAPER|GEOROC|CITATION_ID|12957,GEOROC,PAPER|GEOROC|CITATION_ID|12957,,[12957] PAREEK H. S. (1981),PAREEK,1981,2
PAPER|GEOROC|CITATION_ID|14893,GEOROC,PAPER|GEOROC|CITATION_ID|14893,,[14893] PUFFER J. H. (1981),PUFFER,1981,39
PAPER|GEOROC|CITATION_ID|1839,GEOROC,PAPER|GEOROC|CITATION_ID|1839,,[1839] RUDNIK G. B. (1981),RUDNIK,1981,1
PAPER|GEOROC|CITATION_ID|3075,GEOROC,PAPER|GEOROC|CITATION_ID|3075,,[3075] SAKUYAMA M. (1981),SAKUYAMA,1981,2
PAPER|GEOROC|CITATION_ID|6830,GEOROC,PAPER|GEOROC|CITATION_ID|6830,,[6830] SATO H. (1981),SATO,1981,7
PAPER|PETDB|CITATION_SHA1|6b2b858b93d1238f,PetDB,PAPER|PETDB|CITATION_SHA1|6b2b858b93d1238f,,"Scheidegger, K. F., Corliss, J. B. (1981). PETROGENESIS AND SECONDARY ALTERATION OF UPPER LAYER 2 BASALTS OF THE NAZCA PLATE. GEOL SOC AMER MEMOIR, 154, 77-107.",SCHEIDEGGER,1981,37
PAPER|GEOROC|CITATION_ID|2085,GEOROC,PAPER|GEOROC|CITATION_ID|2085,,[2085] SEIFERT K. E. (1981),SEIFERT,1981,2
PAPER|GEOROC|CITATION_ID|1424,GEOROC,PAPER|GEOROC|CITATION_ID|1424,,[1424] SIGURDSSON H. (1981),SIGURDSSON,1981,7
PAPER|GEOROC|CITATION_ID|5619,GEOROC,PAPER|GEOROC|CITATION_ID|5619,,[5619] SUSLOVA S. N. (1981),SUSLOVA,1981,3
PAPER|GEOROC|CITATION_ID|4500,GEOROC,PAPER|GEOROC|CITATION_ID|4500,,[4500] WADA K. (1981),WADA,1981,5
PAPER|GEOROC|CITATION_ID|625,GEOROC,PAPER|GEOROC|CITATION_ID|625,,[625] ZOLOTAREV B. P. (1981),ZOLOTAREV,1981,5
PAPER|GEOROC|CITATION_ID|2393,GEOROC,PAPER|GEOROC|CITATION_ID|2393,,[2393] BOUGAULT H. (1982),BOUGAULT,1982,20
PAPER|GEOROC|CITATION_ID|340,GEOROC,PAPER|GEOROC|CITATION_ID|340,,[340] CLAGUE D. A. (1982),CLAGUE,1982,4
PAPER|GEOROC|CITATION_ID|668,GEOROC,PAPER|GEOROC|CITATION_ID|668,,[668] CLAGUE D. A. (1982),CLAGUE,1982,4
PAPER|PETDB|CITATION_SHA1|9102cce1bd72e66d,PetDB,PAPER|PETDB|CITATION_SHA1|9102cce1bd72e66d,,"Devine, J. D., Schilling, J., ... Kingsley, R. H. (1982). GALAPAGOS HOT SPOT SPREADING CENTER SYSTEM 1. SPATIAL PETROLOGICAL AND GEOCHEMICAL VARIATIONS (83 DEGREE W-101 DEGREE W). J GEOPHYS RES, 87, 5593-5610.",DEVINE,1982,33
PAPER|GEOROC|CITATION_ID|546,GEOROC,PAPER|GEOROC|CITATION_ID|546,,[546] DOSTAL J. (1982),DOSTAL,1982,16
PAPER|PETDB|CITATION_SHA1|cfd5019498a89bf8,PetDB,PAPER|PETDB|CITATION_SHA1|cfd5019498a89bf8,,"Eissen, J. P. (1982). PETROLOGIE COMPAREE DE BASALTES DE DIFFERENTS SEGMENTS DE ZONES D'ACCRETION OCEANIQUE Ë TAUX D'ACCRETION VARIES (MER ROUGE, ATLANTIQUE, PACIFIQUE). THESIS OR DISSERTATION, DOCTORAL, UNIV STRASBOURG; MONOGRAPHIC",EISSEN,1982,183
PAPER|PETDB|CITATION_SHA1|2e6330d4a3240f6e,PetDB,PAPER|PETDB|CITATION_SHA1|2e6330d4a3240f6e,,"Erlank, A. J., Reid, A. M., ... Dick, H. J. B. (1982). FERROBASALT FROM THE SPIESS RIDGE SEGMENT OF THE SOUTHWEST INDIAN RIDGE. EARTH PLANET SCI LETT, 60, 437-451.",ERLANK,1982,8
PAPER|GEOROC|CITATION_ID|4893,GEOROC,PAPER|GEOROC|CITATION_ID|4893,,[4893] FAURE G. (1982),FAURE,1982,14
PAPER|GEOROC|CITATION_ID|6092,GEOROC,PAPER|GEOROC|CITATION_ID|6092,,[6092] FAWCETT J. J. (1982),FAWCETT,1982,27
PAPER|GEOROC|CITATION_ID|2124,GEOROC,PAPER|GEOROC|CITATION_ID|2124,,[2124] FISK M. R. (1982),FISK,1982,45
PAPER|GEOROC|CITATION_ID|1056,GEOROC,PAPER|GEOROC|CITATION_ID|1056,,[1056] FLOWER M. F. J. (1982),FLOWER,1982,305
PAPER|GEOROC|CITATION_ID|2395,GEOROC,PAPER|GEOROC|CITATION_ID|2395,,[2395] FRYER P. B. (1982),FRYER,1982,36
PAPER|GEOROC|CITATION_ID|9512,GEOROC,PAPER|GEOROC|CITATION_ID|9512,,[9512] FUJINAWA A. (1982),FUJINAWA,1982,3
PAPER|GEOROC|CITATION_ID|4532,GEOROC,PAPER|GEOROC|CITATION_ID|4532,,[4532] FURNES H. (1982),FURNES,1982,12
PAPER|PETDB|CITATION_SHA1|0b4624ec756e88af,PetDB,PAPER|PETDB|CITATION_SHA1|0b4624ec756e88af,,"Futa, K., Batiza, R., ... Oestrike, R. (1982). CHEMICAL AND ISOTOPIC DIVERSITY IN BASALTS DREDGED FROM THE EAST PACIFIC RISE AT 10 DEGREE S, THE FOSSIL GALAPAGOS RISE AND THE NAZCA PLATE. MARINE GEOLOGY, 49, 115-132.",FUTA,1982,3
PAPER|GEOROC|CITATION_ID|1454,GEOROC,PAPER|GEOROC|CITATION_ID|1454,,[1454] GILLOT P.-Y. (1982),GILLOT,1982,5
PAPER|GEOROC|CITATION_ID|823,GEOROC,PAPER|GEOROC|CITATION_ID|823,,[823] HARRIS C. (1982),HARRIS,1982,1
PAPER|GEOROC|CITATION_ID|16399,GEOROC,PAPER|GEOROC|CITATION_ID|16399,,[16399] HONEGGER K. (1982),HONEGGER,1982,4
PAPER|MERGED|52539fe6d40c101c,GEOROC; PetDB,PAPER|MERGED|52539fe6d40c101c,,"Humphris, S. E., Thompson, G. (1982). A GEOCHEMICAL STUDY OF ROCKS FROM THE WALVIS RIDGE, SOUTH ATLANTIC. CHEMICAL GEOLOGY, 36(3-4), 274.; [2038] HUMPHRIS S. E. (1982)",HUMPHRIS,1982,30
PAPER|GEOROC|CITATION_ID|12464,GEOROC,PAPER|GEOROC|CITATION_ID|12464,,[12464] ISHIKAWA K. (1982),ISHIKAWA,1982,7
PAPER|GEOROC|CITATION_ID|1854,GEOROC,PAPER|GEOROC|CITATION_ID|1854,,[1854] MAHONEY J. J. (1982),MAHONEY,1982,28
PAPER|GEOROC|CITATION_ID|767,GEOROC,PAPER|GEOROC|CITATION_ID|767,,[767] MATTEY D. P. (1982),MATTEY,1982,9
PAPER|GEOROC|CITATION_ID|3328,GEOROC,PAPER|GEOROC|CITATION_ID|3328,,[3328] MEIJER A. (1982),MEIJER,1982,5
PAPER|GEOROC|CITATION_ID|1061,GEOROC,PAPER|GEOROC|CITATION_ID|1061,,[1061] OSKARSSON N.(1982)  [GeoReM [3607] ],OSKARSSON,1982,18
PAPER|GEOROC|CITATION_ID|14719,GEOROC,PAPER|GEOROC|CITATION_ID|14719,,[14719] PUFFER J. H. (1982),PUFFER,1982,4
PAPER|PETDB|CITATION_SHA1|535d7cfb6abe08e4,PetDB,PAPER|PETDB|CITATION_SHA1|535d7cfb6abe08e4,,"Saunders, A. D., Joron, J., ... Fornari, D. J. (1982). GEOCHEMISTRY OF BASIC IGNEOUS ROCKS, GULF OF CALIFORNIA, DEEP SEA DRILLING PROJECT LEG 64. INIT REP DSDP, 64, 595-642.",SAUNDERS,1982,13
PAPER|GEOROC|CITATION_ID|2105,GEOROC,PAPER|GEOROC|CITATION_ID|2105,,[2105] SCHILLING J.- G. (1982),SCHILLING,1982,57
PAPER|GEOROC|CITATION_ID|2044,GEOROC,PAPER|GEOROC|CITATION_ID|2044,,[2044] SCHMINCKE H.-U. (1982),SCHMINCKE,1982,13
PAPER|GEOROC|CITATION_ID|874,GEOROC,PAPER|GEOROC|CITATION_ID|874,,[874] SCHMINCKE H.-U. (1982),SCHMINCKE,1982,11
PAPER|GEOROC|CITATION_ID|2394,GEOROC,PAPER|GEOROC|CITATION_ID|2394,,[2394] SHARASKIN A. YA. (1982),SHARASKIN,1982,18
PAPER|GEOROC|CITATION_ID|6758,GEOROC,PAPER|GEOROC|CITATION_ID|6758,,[6758] SHIMAZU M. (1982),SHIMAZU,1982,4
PAPER|GEOROC|CITATION_ID|3193,GEOROC,PAPER|GEOROC|CITATION_ID|3193,,[3193] TATSUMI Y. (1982),TATSUMI,1982,2
PAPER|GEOROC|CITATION_ID|1060,GEOROC,PAPER|GEOROC|CITATION_ID|1060,,[1060] TITAYEVA N. A. (1982),TITAYEVA,1982,5
PAPER|GEOROC|CITATION_ID|3402,GEOROC,PAPER|GEOROC|CITATION_ID|3402,,[3402] YAMAGISHI H. (1982),YAMAGISHI,1982,2
PAPER|GEOROC|CITATION_ID|6753,GEOROC,PAPER|GEOROC|CITATION_ID|6753,,[6753] YOSHIDA T. (1982),YOSHIDA,1982,2
PAPER|GEOROC|CITATION_ID|11928,GEOROC,PAPER|GEOROC|CITATION_ID|11928,,[11928] ZHOU XINGHUA (1982),ZHOU,1982,2
PAPER|GEOROC|CITATION_ID|12462,GEOROC,PAPER|GEOROC|CITATION_ID|12462,,[12462] ADACHI M. (1983),ADACHI,1983,1
PAPER|GEOROC|CITATION_ID|1360,GEOROC,PAPER|GEOROC|CITATION_ID|1360,,[1360] BELLON H. (1983),BELLON,1983,1
PAPER|GEOROC|CITATION_ID|8997,GEOROC,PAPER|GEOROC|CITATION_ID|8997,,[8997] BEVIER M. L. (1983),BEVIER,1983,22
PAPER|GEOROC|CITATION_ID|2388,GEOROC,PAPER|GEOROC|CITATION_ID|2388,,[2388] BLOOMER S. H. (1983),BLOOMER,1983,2
PAPER|GEOROC|CITATION_ID|9315,GEOROC,PAPER|GEOROC|CITATION_ID|9315,,[9315] CAPALDI G. (1983),CAPALDI,1983,33
PAPER|GEOROC|CITATION_ID|355,GEOROC,PAPER|GEOROC|CITATION_ID|355,,[355] CHEN CHU-YUNG (1983),CHEN,1983,3
PAPER|GEOROC|CITATION_ID|2024,GEOROC,PAPER|GEOROC|CITATION_ID|2024,,[2024] CHEVALLIER L. (1983),CHEVALLIER,1983,5
PAPER|GEOROC|CITATION_ID|2473,GEOROC,PAPER|GEOROC|CITATION_ID|2473,,[2473] COMIN-CHIARAMONTI P. (1983),COMINCHIARAMONTI,1983,21
PAPER|GEOROC|CITATION_ID|1223,GEOROC,PAPER|GEOROC|CITATION_ID|1223,,[1223] CONDOMINES M. (1983),CONDOMINES,1983,12
PAPER|GEOROC|CITATION_ID|13348,GEOROC,PAPER|GEOROC|CITATION_ID|13348,,[13348] DOSTAL J. (1983),DOSTAL,1983,10
PAPER|GEOROC|CITATION_ID|6460,GEOROC,PAPER|GEOROC|CITATION_ID|6460,,[6460] DUDAS F. O. L. (1983),DUDAS,1983,6
PAPER|GEOROC|CITATION_ID|118,GEOROC,PAPER|GEOROC|CITATION_ID|118,,[118] FEIGENSON M. D. (1983),FEIGENSON,1983,52
PAPER|PETDB|CITATION_SHA1|22c58ef6969819ad,PetDB,PAPER|PETDB|CITATION_SHA1|22c58ef6969819ad,,"Flower, M. F. J., O'hearn, T. (1983). AN ELECTRON MICROPROBE STUDY OF BASALT CHEMICAL VARIATION AT DEEP SEA DRILLING PROJECT SITES 482-485, GULF OF CALIFORNIA. INIT REP DSDP, 65, 549-557.",FLOWER,1983,9
PAPER|PETDB|CITATION_SHA1|5f02cfaaa2a7f4c2,PetDB,PAPER|PETDB|CITATION_SHA1|5f02cfaaa2a7f4c2,,"Flower, M. F. J., Schmincke, H. U., ... Pritchard, R. G. (1983). GEOCHEMISTRY OF BASALTS: DEEP SEA DRILLING PROJECT SITES 482, 483, AND 485 NEAR THE TAMAYO FRACTURE ZONE, GULF OF CALIFORNIA. INIT REP DSDP, 65, 559-578.",FLOWER,1983,69
PAPER|GEOROC|CITATION_ID|988,GEOROC,PAPER|GEOROC|CITATION_ID|988,,[988] GIRET A. (1983),GIRET,1983,1
PAPER|GEOROC|CITATION_ID|4578,GEOROC,PAPER|GEOROC|CITATION_ID|4578,,[4578] HALD N. (1983),HALD,1983,5
PAPER|GEOROC|CITATION_ID|834,GEOROC,PAPER|GEOROC|CITATION_ID|834,,[834] HARRIS C. (1983),HARRIS,1983,1
PAPER|GEOROC|CITATION_ID|1253,GEOROC,PAPER|GEOROC|CITATION_ID|1253,,[1253] HUMPHRIS S. E. (1983),HUMPHRIS,1983,19
PAPER|PETDB|CITATION_SHA1|2352e3d46cd63189,PetDB,PAPER|PETDB|CITATION_SHA1|2352e3d46cd63189,,"Johnston, T., White, W. M., ... Zajac, M. (1983). PETROLOGIC AND GEOCHEMICAL VARIATIONS ALONG THE MID-ATLANTIC RIDGE FROM 29 DEGREE N TO 73 DEGREE N. AMERIC J SCI, 283, 510-586.",JOHNSTON,1983,1
PAPER|GEOROC|CITATION_ID|1052,GEOROC,PAPER|GEOROC|CITATION_ID|1052,,[1052] KOKELAAR B. P. (1983),KOKELAAR,1983,3
PAPER|GEOROC|CITATION_ID|1046,GEOROC,PAPER|GEOROC|CITATION_ID|1046,,[1046] KRISTMANNSDOTTIR H. (1983),KRISTMANNSDOTTIR,1983,17
PAPER|GEOROC|CITATION_ID|773,GEOROC,PAPER|GEOROC|CITATION_ID|773,,[773] LIOTARD J.- M. (1983),LIOTARD,1983,13
PAPER|GEOROC|CITATION_ID|774,GEOROC,PAPER|GEOROC|CITATION_ID|774,,[774] LIOTARD J.- M. (1983),LIOTARD,1983,10
PAPER|GEOROC|CITATION_ID|4606,GEOROC,PAPER|GEOROC|CITATION_ID|4606,,[4606] LYLE P. (1983),LYLE,1983,5
PAPER|GEOROC|CITATION_ID|2876,GEOROC,PAPER|GEOROC|CITATION_ID|2876,,[2876] MACDONALD R. (1983),MACDONALD,1983,18
PAPER|GEOROC|CITATION_ID|1943,GEOROC,PAPER|GEOROC|CITATION_ID|1943,,[1943] MAHONEY J. J. (1983),MAHONEY,1983,25
PAPER|GEOROC|CITATION_ID|2103,GEOROC,PAPER|GEOROC|CITATION_ID|2103,,[2103] MASSEY N. W. D. (1983),MASSEY,1983,13
PAPER|GEOROC|CITATION_ID|109,GEOROC,PAPER|GEOROC|CITATION_ID|109,,[109] MOORE RICHARD B. (1983),MOORE,1983,6
PAPER|GEOROC|CITATION_ID|14040,GEOROC,PAPER|GEOROC|CITATION_ID|14040,,[14040] NAKAGAWA M. (1983),NAKAGAWA,1983,1
PAPER|GEOROC|CITATION_ID|11370,GEOROC,PAPER|GEOROC|CITATION_ID|11370,,[11370] NOUGIER J. (1983),NOUGIER,1983,2
PAPER|PETDB|CITATION_SHA1|a0f1b6bb0ef4e7e9,PetDB,PAPER|PETDB|CITATION_SHA1|a0f1b6bb0ef4e7e9,,"Reid, A. M., Frey, F. A., ... Dick, H. J. B. (1983). GEOCHEMISTRY, MINERALOGY AND PETROGENESIS OF LAVAS ERUPTED ALONG THE SOUTHWEST INDIAN RIDGE BETWEEN THE BOUVET TRIPLE JUNCTION AND 11 DEGREE E. J PETROL, 24, 267-318.",REID,1983,31
PAPER|GEOROC|CITATION_ID|149,GEOROC,PAPER|GEOROC|CITATION_ID|149,,[149] RHODES J. M. (1983),RHODES,1983,24
PAPER|PETDB|CITATION_SHA1|9997cab57a0b1ca3,PetDB,PAPER|PETDB|CITATION_SHA1|9997cab57a0b1ca3,,"Saunders, A. D. (1983). GEOCHEMISTRY OF BASALTS RECOVERED FROM THE GULF OF CALIFORNIA DURING LEG 65 OF THE DEEP SEA DRILLING PROJECT. INIT REP DSDP, 65, 591-621.",SAUNDERS,1983,21
PAPER|GEOROC|CITATION_ID|4135,GEOROC,PAPER|GEOROC|CITATION_ID|4135,,[4135] SHIMOTORI H. (1983),SHIMOTORI,1983,1
PAPER|GEOROC|CITATION_ID|2469,GEOROC,PAPER|GEOROC|CITATION_ID|2469,,[2469] THOMPSON G. (1983),THOMPSON,1983,14
PAPER|GEOROC|CITATION_ID|4888,GEOROC,PAPER|GEOROC|CITATION_ID|4888,,[4888] THOMPSON R. N. (1983),THOMPSON,1983,8
PAPER|GEOROC|CITATION_ID|1139,GEOROC,PAPER|GEOROC|CITATION_ID|1139,,[1139] THY P. (1983),THY,1983,24
PAPER|PETDB|CITATION_SHA1|0e2d912f01f4a2a1,PetDB,PAPER|PETDB|CITATION_SHA1|0e2d912f01f4a2a1,,"Treuil, M., Joron, J., ... Bougault, H. (1983). BASALTS FROM THE EAST PACIFIC RISE: AN EXAMPLE OF TYPICAL OCEANIC CRUST DEPLETED IN HYGROMAGMAPHILE ELEMENTS. INIT REP DSDP, 65, 623-633.",TREUIL,1983,48
PAPER|GEOROC|CITATION_ID|2060,GEOROC,PAPER|GEOROC|CITATION_ID|2060,,[2060] WEAVER B. L. (1983),WEAVER,1983,18
PAPER|GEOROC|CITATION_ID|4257,GEOROC,PAPER|GEOROC|CITATION_ID|4257,,[4257] YAMAMOTO MASATSUGU (1983),YAMAMOTO,1983,4
PAPER|GEOROC|CITATION_ID|4136,GEOROC,PAPER|GEOROC|CITATION_ID|4136,,[4136] YOSHIDA T. (1983),YOSHIDA,1983,4
PAPER|PETDB|CITATION_SHA1|1be86d9234418459,PetDB,PAPER|PETDB|CITATION_SHA1|1be86d9234418459,,"Zolotarev, B. P., Margolin, E. M. (1983). GEOCHEMISTRY AND RARE-EARTH ELEMENT ABUNDANCES OF BASALTS FROM SITES 482, 483, AND 485 IN THE GULF OF CALIFORNIA. INIT REP DSDP, 65, 579-590.",ZOLOTAREV,1983,33
PAPER|GEOROC|CITATION_ID|5276,GEOROC,PAPER|GEOROC|CITATION_ID|5276,,[5276] AITKEN B. G. (1984),AITKEN,1984,9
PAPER|GEOROC|CITATION_ID|6422,GEOROC,PAPER|GEOROC|CITATION_ID|6422,,[6422] ALT J. C. (1984),ALT,1984,65
PAPER|GEOROC|CITATION_ID|4431,GEOROC,PAPER|GEOROC|CITATION_ID|4431,,[4431] ARAMAKI S. (1984),ARAMAKI,1984,1
PAPER|GEOROC|CITATION_ID|2383,GEOROC,PAPER|GEOROC|CITATION_ID|2383,,[2383] BANKS N. G. (1984),BANKS,1984,9
PAPER|PETDB|CITATION_SHA1|45ad50bb48197cf3,PetDB,PAPER|PETDB|CITATION_SHA1|45ad50bb48197cf3,,"Batiza, R., Vanko, D. A. (1984). PETROLOGY OF YOUNG PACIFIC SEAMOUNTS. J GEOPHYS RES, 89, 11235-11260.",BATIZA,1984,2
PAPER|GEOROC|CITATION_ID|2466,GEOROC,PAPER|GEOROC|CITATION_ID|2466,,[2466] BELLIENI G. (1984),BELLIENI,1984,21
PAPER|GEOROC|CITATION_ID|1043,GEOROC,PAPER|GEOROC|CITATION_ID|1043,,[1043] BLAKE S. (1984),BLAKE,1984,2
PAPER|PETDB|CITATION_SHA1|b92da3761396490e,PetDB,PAPER|PETDB|CITATION_SHA1|b92da3761396490e,,"Bougault, H., Treuil, M., ... Joron, J. (1984). MANTLE HETEROGENEITY: ALONG STRIKE VARIATIONS OF HYGROMAGMAPHILE ELEMENTS BETWEEN AZORES AND 10 DEG N. PROC 27TH INT GEOL CONGR, 6, 213-244.",BOUGAULT,1984,4
PAPER|GEOROC|CITATION_ID|574,GEOROC,PAPER|GEOROC|CITATION_ID|574,,[574] BROUSSE R. (1984),BROUSSE,1984,1
PAPER|GEOROC|CITATION_ID|2767,GEOROC,PAPER|GEOROC|CITATION_ID|2767,,[2767] BRYAN W. B. (1984),BRYAN,1984,5
PAPER|PETDB|CITATION_SHA1|75357abbd891580c,PetDB,PAPER|PETDB|CITATION_SHA1|75357abbd891580c,,"Delaney, J. R., Eaby, J. S., ... Clague, D. A. (1984). SR ISOTOPIC VARIATIONS ALONG THE JUAN DE FUCA RIDGE. J GEOPHYS RES, 89, 7883-7890.",DELANEY,1984,2
PAPER|PETDB|CITATION_SHA1|a5ed5507c3551728,PetDB,PAPER|PETDB|CITATION_SHA1|a5ed5507c3551728,,"Della Vedova, B., Taviani, M., ... Bonatti, E. (1984). GEOLOGY OF THE RED SEA TRANSITIONAL REGION (22 DEG N TO 25 DEG N). OCEANOL ACTA, 7, 385-398.",DELLAVEDOVA,1984,2
PAPER|GEOROC|CITATION_ID|3911,GEOROC,PAPER|GEOROC|CITATION_ID|3911,,[3911] DICKIN A. P. (1984),DICKIN,1984,2
PAPER|GEOROC|CITATION_ID|2089,GEOROC,PAPER|GEOROC|CITATION_ID|2089,,[2089] DIETRICH V. J. (1984),DIETRICH,1984,10
PAPER|GEOROC|CITATION_ID|766,GEOROC,PAPER|GEOROC|CITATION_ID|766,,[766] DIXON T. H. (1984),DIXON,1984,4
PAPER|GEOROC|CITATION_ID|3239,GEOROC,PAPER|GEOROC|CITATION_ID|3239,,[3239] EBIHARA M. (1984),EBIHARA,1984,8
PAPER|GEOROC|CITATION_ID|1790,GEOROC,PAPER|GEOROC|CITATION_ID|1790,,[1790] ERLANK A. J. (1984),ERLANK,1984,6
PAPER|GEOROC|CITATION_ID|119,GEOROC,PAPER|GEOROC|CITATION_ID|119,,[119] FEIGENSON M. D. (1984),FEIGENSON,1984,11
PAPER|GEOROC|CITATION_ID|3215,GEOROC,PAPER|GEOROC|CITATION_ID|3215,,[3215] FREY F. A. (1984),FREY,1984,5
PAPER|GEOROC|CITATION_ID|1847,GEOROC,PAPER|GEOROC|CITATION_ID|1847,,[1847] GHODKE S. S. (1984),GHODKE,1984,16
PAPER|GEOROC|CITATION_ID|1679,GEOROC,PAPER|GEOROC|CITATION_ID|1679,,[1679] HAWKESWORTH C. J. (1984),HAWKESWORTH,1984,28
PAPER|GEOROC|CITATION_ID|4081,GEOROC,PAPER|GEOROC|CITATION_ID|4081,,[4081] HAYASHI S. (1984),HAYASHI,1984,8
PAPER|GEOROC|CITATION_ID|2698,GEOROC,PAPER|GEOROC|CITATION_ID|2698,,[2698] HOLE M. J. (1984),HOLE,1984,4
PAPER|GEOROC|CITATION_ID|9516,GEOROC,PAPER|GEOROC|CITATION_ID|9516,,[9516] HOSHINA H. (1984),HOSHINA,1984,1
PAPER|GEOROC|CITATION_ID|1321,GEOROC,PAPER|GEOROC|CITATION_ID|1321,,[1321] IMSLAND P. (1984),IMSLAND,1984,56
PAPER|GEOROC|CITATION_ID|17123,GEOROC,PAPER|GEOROC|CITATION_ID|17123,,[17123] ISHIKAWA K. (1984),ISHIKAWA,1984,6
PAPER|GEOROC|CITATION_ID|9701,GEOROC,PAPER|GEOROC|CITATION_ID|9701,,[9701] KALSBEEK F. (1984),KALSBEEK,1984,7
PAPER|GEOROC|CITATION_ID|8324,GEOROC,PAPER|GEOROC|CITATION_ID|8324,,[8324] KEATING B. H. (1984),KEATING,1984,2
PAPER|GEOROC|CITATION_ID|3221,GEOROC,PAPER|GEOROC|CITATION_ID|3221,,[3221] KURASAWA H. (1984),KURASAWA,1984,14
PAPER|GEOROC|CITATION_ID|4406,GEOROC,PAPER|GEOROC|CITATION_ID|4406,,[4406] KURASAWA H. (1984),KURASAWA,1984,3
PAPER|GEOROC|CITATION_ID|771,GEOROC,PAPER|GEOROC|CITATION_ID|771,,[771] LIOTARD J.- M. (1984),LIOTARD,1984,11
PAPER|GEOROC|CITATION_ID|10402,GEOROC,PAPER|GEOROC|CITATION_ID|10402,,[10402] MARRINER G. F. (1984),MARRINER,1984,3
PAPER|GEOROC|CITATION_ID|1044,GEOROC,PAPER|GEOROC|CITATION_ID|1044,,[1044] MCGARVIE D. W. (1984),MCGARVIE,1984,3
PAPER|GEOROC|CITATION_ID|4168,GEOROC,PAPER|GEOROC|CITATION_ID|4168,,[4168] MENSING T. M. (1984),MENSING,1984,30
PAPER|GEOROC|CITATION_ID|5858,GEOROC,PAPER|GEOROC|CITATION_ID|5858,,[5858] MILLWARD D. (1984),MILLWARD,1984,7
PAPER|GEOROC|CITATION_ID|1138,GEOROC,PAPER|GEOROC|CITATION_ID|1138,,[1138] MORK M. B. E. (1984),MORK,1984,25
PAPER|GEOROC|CITATION_ID|4145,GEOROC,PAPER|GEOROC|CITATION_ID|4145,,[4145] NAKAGAWA M. (1984),NAKAGAWA,1984,1
PAPER|GEOROC|CITATION_ID|3452,GEOROC,PAPER|GEOROC|CITATION_ID|3452,,[3452] NARAIN A. (1984),NARAIN,1984,5
PAPER|PETDB|CITATION_SHA1|a22c03feaf071f3a,PetDB,PAPER|PETDB|CITATION_SHA1|a22c03feaf071f3a,,"Neumann, E. R., Schilling, J. (1984). PETROLOGY OF BASALTS FROM THE MOHNS-KNIPOVICH RIDGE; THE NORWEGIAN-GREENLAND SEA. CONTRIB MINERAL PETROL, 85, 209-223.",NEUMANN,1984,32
PAPER|GEOROC|CITATION_ID|6206,GEOROC,PAPER|GEOROC|CITATION_ID|6206,,[6206] OKAMURA S. (1984),OKAMURA,1984,2
PAPER|GEOROC|CITATION_ID|1846,GEOROC,PAPER|GEOROC|CITATION_ID|1846,,[1846] PARTHASARATHY A. (1984),PARTHASARATHY,1984,7
PAPER|GEOROC|CITATION_ID|1849,GEOROC,PAPER|GEOROC|CITATION_ID|1849,,[1849] PAUL DALIM K. (1984),PAUL,1984,23
PAPER|GEOROC|CITATION_ID|1788,GEOROC,PAPER|GEOROC|CITATION_ID|1788,,[1788] PILLAI C. S. (1984),PILLAI,1984,10
PAPER|GEOROC|CITATION_ID|1042,GEOROC,PAPER|GEOROC|CITATION_ID|1042,,[1042] RAGNARSDOTTIR K. V. (1984),RAGNARSDOTTIR,1984,1
PAPER|GEOROC|CITATION_ID|2378,GEOROC,PAPER|GEOROC|CITATION_ID|2378,,[2378] REAGAN M. K. (1984),REAGAN,1984,6
PAPER|GEOROC|CITATION_ID|2380,GEOROC,PAPER|GEOROC|CITATION_ID|2380,,[2380] RICHARDSON S. H. (1984),RICHARDSON,1984,24
PAPER|GEOROC|CITATION_ID|344,GEOROC,PAPER|GEOROC|CITATION_ID|344,,[344] RODEN M. F. (1984),RODEN,1984,12
PAPER|GEOROC|CITATION_ID|4146,GEOROC,PAPER|GEOROC|CITATION_ID|4146,,[4146] SAKAYORI A. (1984),SAKAYORI,1984,9
PAPER|PETDB|CITATION_SHA1|8f12fb0ef683c615,PetDB,PAPER|PETDB|CITATION_SHA1|8f12fb0ef683c615,,"Schilling, J., Cousens, B. L., ... Chase, R. L. (1984). BASALT GEOCHEMISTRY OF THE EXPLORER RIDGE AREA, NORTHEAST PACIFIC OCEAN. CAN J EARTH SCI, 31, 157-170.",SCHILLING,1984,30
PAPER|GEOROC|CITATION_ID|869,GEOROC,PAPER|GEOROC|CITATION_ID|869,,[869] STAUDIGEL H. (1984),STAUDIGEL,1984,6
PAPER|GEOROC|CITATION_ID|2707,GEOROC,PAPER|GEOROC|CITATION_ID|2707,,[2707] STERN R. J. (1984),STERN,1984,2
PAPER|GEOROC|CITATION_ID|2379,GEOROC,PAPER|GEOROC|CITATION_ID|2379,,[2379] THOMPSON G. (1984),THOMPSON,1984,29
PAPER|GEOROC|CITATION_ID|3010,GEOROC,PAPER|GEOROC|CITATION_ID|3010,,[3010] UPTON B. G. J. (1984),UPTON,1984,20
PAPER|GEOROC|CITATION_ID|2091,GEOROC,PAPER|GEOROC|CITATION_ID|2091,,[2091] WAAGSTEIN R. (1984),WAAGSTEIN,1984,5
PAPER|GEOROC|CITATION_ID|127,GEOROC,PAPER|GEOROC|CITATION_ID|127,,[127] WRIGHT T. L. (1984),WRIGHT,1984,1
PAPER|GEOROC|CITATION_ID|4186,GEOROC,PAPER|GEOROC|CITATION_ID|4186,,[4186] YAMAMOTO MASATSUGU (1984),YAMAMOTO,1984,3
PAPER|PETDB|CITATION_SHA1|931d8fcb584c8bce,PetDB,PAPER|PETDB|CITATION_SHA1|931d8fcb584c8bce,,"Zentilli, M., Gibson, I. L., ... Walker, J. A. (1984). THE ORIGIN OF COMPOSITIONAL VARIATION IN BASALTS RECOVERED BY SUBMERSIBLE DRILL FROM MOUNT GLOOSCAP, MID-ATLANTIC RIDGE AT 36 DEG 25 MIN N. CAN J EARTH SCI, 21, 934-948.",ZENTILLI,1984,1
PAPER|GEOROC|CITATION_ID|816,GEOROC,PAPER|GEOROC|CITATION_ID|816,,[816] BARSCZUS H. G. (1985),BARSCZUS,1985,8
PAPER|GEOROC|CITATION_ID|1343,GEOROC,PAPER|GEOROC|CITATION_ID|1343,,[1343] BAXTER A. N. (1985),BAXTER,1985,9
PAPER|GEOROC|CITATION_ID|126,GEOROC,PAPER|GEOROC|CITATION_ID|126,,[126] BYERS C. D. (1985),BYERS,1985,5
PAPER|GEOROC|CITATION_ID|1927,GEOROC,PAPER|GEOROC|CITATION_ID|1927,,[1927] COX K. G. (1985),COX,1985,40
PAPER|GEOROC|CITATION_ID|2465,GEOROC,PAPER|GEOROC|CITATION_ID|2465,,[2465] FODOR R. V. (1985),FODOR,1985,21
PAPER|PETDB|CITATION_SHA1|470547a8f93c8c16,PetDB,PAPER|PETDB|CITATION_SHA1|470547a8f93c8c16,,"Frey, F. A., Erlank, A. J., ... Dick, H. J. B. (1985). PETROLOGY AND GEOCHEMISTRY OF BASALTS FROM THE AMERICAN-ANTARCTIC RIDGE, SOUTHERN OCEAN: IMPLICATIONS FOR THE WESTWARD INFLUENCE OF THE BOUVET MANTLE PLUME. CONTRIB MINERAL PETROL, 90, 367-380.",FREY,1985,18
PAPER|GEOROC|CITATION_ID|605,GEOROC,PAPER|GEOROC|CITATION_ID|605,,[605] GEIST D. J. (1985),GEIST,1985,8
PAPER|GEOROC|CITATION_ID|2517,GEOROC,PAPER|GEOROC|CITATION_ID|2517,,[2517] HAWKINS J. W. JR. (1985),HAWKINS,1985,48
PAPER|GEOROC|CITATION_ID|1929,GEOROC,PAPER|GEOROC|CITATION_ID|1929,,[1929] HELLMAN P. L. (1985),HELLMAN,1985,2
PAPER|GEOROC|CITATION_ID|2827,GEOROC,PAPER|GEOROC|CITATION_ID|2827,,[2827] HOOPER P. R. (1985),HOOPER,1985,3
PAPER|PETDB|CITATION_SHA1|7b7608cca6cf4aaa,PetDB,PAPER|PETDB|CITATION_SHA1|7b7608cca6cf4aaa,,"Johnson, G. L., Jakobsson, S. P. (1985). STRUCTURE AND PETROLOGY OF THE REYKJANES RIDGE BETWEEN 62 DEGREE 55ÕN AND 63 DEGREE 48ÕN. J GEOPHYS RES, 90, 10073-10083.",JOHNSON,1985,8
PAPER|PETDB|CITATION_SHA1|dfeb7f7964f3b2c3,PetDB,PAPER|PETDB|CITATION_SHA1|dfeb7f7964f3b2c3,,"Kingsley, R. H., Schilling, J., ... Thompson, G. (1985). PETROLOGICAL AND GEOCHEMICAL VARIATIONS ALONG THE MID-ATLANTIC RIDGE BETWEEN 46 DEGREE S AND 32 DEGREE S: INFLUENCE OF THE TRISTAN DE CUNHA MANTLE PLUME. GEOCHIM COSMOCHIM ACTA, 49, 1445-1464.",KINGSLEY,1985,32
PAPER|GEOROC|CITATION_ID|1225,GEOROC,PAPER|GEOROC|CITATION_ID|1225,,[1225] KURZ M. D. (1985),KURZ,1985,11
PAPER|GEOROC|CITATION_ID|4883,GEOROC,PAPER|GEOROC|CITATION_ID|4883,,[4883] LARSEN L. M. (1985),LARSEN,1985,9
PAPER|PETDB|CITATION_SHA1|01d9414702f0001e,PetDB,PAPER|PETDB|CITATION_SHA1|01d9414702f0001e,,"Laschek, D. (1985). GEOCHEMISCHE UNTERSUCHUNGEN AN BASALTEN VOM GALAPAGOS SPREADING CENTER UND VOM EAST PACIFIC RISE. THESIS OR DISSERTATION, DOCTORAL, UNIV KARLSRUHE; MONOGRAPHIC",LASCHEK,1985,67
PAPER|GEOROC|CITATION_ID|528,GEOROC,PAPER|GEOROC|CITATION_ID|528,,[528] LE ROEX A. P. (1985),LE,1985,25
PAPER|GEOROC|CITATION_ID|113,GEOROC,PAPER|GEOROC|CITATION_ID|113,,[113] LIPMAN P. W. (1985),LIPMAN,1985,4
PAPER|GEOROC|CITATION_ID|4598,GEOROC,PAPER|GEOROC|CITATION_ID|4598,,[4598] LYLE P. (1985),LYLE,1985,9
PAPER|GEOROC|CITATION_ID|5975,GEOROC,PAPER|GEOROC|CITATION_ID|5975,,[5975] MACIA C. S. (1985),MACIA,1985,2
PAPER|GEOROC|CITATION_ID|1925,GEOROC,PAPER|GEOROC|CITATION_ID|1925,,[1925] MAHONEY J. J. (1985),MAHONEY,1985,39
PAPER|GEOROC|CITATION_ID|1669,GEOROC,PAPER|GEOROC|CITATION_ID|1669,,[1669] MANTOVANI M. S. M. (1985),MANTOVANI,1985,10
PAPER|PETDB|CITATION_SHA1|0299d98128ed1b53,PetDB,PAPER|PETDB|CITATION_SHA1|0299d98128ed1b53,,"Maury, R. C., Bougault, H., ... Joron, J. (1985). LOCAL VERSUS REGIONAL MANTLE HETEROGENEITIES: EVIDENCE FROM HYGROMAGMAPHILE ELEMENTS. INIT REP DSDP, 82, 459-482.",MAURY,1985,12
PAPER|GEOROC|CITATION_ID|609,GEOROC,PAPER|GEOROC|CITATION_ID|609,,[609] MCBIRNEY A. R. (1985),MCBIRNEY,1985,2
PAPER|GEOROC|CITATION_ID|1518,GEOROC,PAPER|GEOROC|CITATION_ID|1518,,[1518] MEYER P. S. (1985),MEYER,1985,120
PAPER|GEOROC|CITATION_ID|3432,GEOROC,PAPER|GEOROC|CITATION_ID|3432,,[3432] MORRISON M. A. (1985),MORRISON,1985,3
PAPER|GEOROC|CITATION_ID|5000,GEOROC,PAPER|GEOROC|CITATION_ID|5000,,[5000] MYAKE Y. (1985),MYAKE,1985,2
PAPER|GEOROC|CITATION_ID|463,GEOROC,PAPER|GEOROC|CITATION_ID|463,,[463] NATLAND J. H. (1985),NATLAND,1985,16
PAPER|GEOROC|CITATION_ID|2797,GEOROC,PAPER|GEOROC|CITATION_ID|2797,,[2797] NOTSU K. (1985),NOTSU,1985,1
PAPER|GEOROC|CITATION_ID|2417,GEOROC,PAPER|GEOROC|CITATION_ID|2417,,[2417] PEDERSEN A. K. (1985),PEDERSEN,1985,32
PAPER|GEOROC|CITATION_ID|14649,GEOROC,PAPER|GEOROC|CITATION_ID|14649,,[14649] PHILPOTTS A. R. (1985),PHILPOTTS,1985,3
PAPER|GEOROC|CITATION_ID|2962,GEOROC,PAPER|GEOROC|CITATION_ID|2962,,[2962] RYABOV V. V. (1985),RYABOV,1985,18
PAPER|PETDB|CITATION_SHA1|8b60ad32177cfb29,PetDB,PAPER|PETDB|CITATION_SHA1|8b60ad32177cfb29,,"Sarda, P., Allegre, C. J., ... Staudacher, T. (1985). 40AR/36AR IN MORB GLASSES: CONSTRAINTS ON ATMOSPHERE AND MANTLE EVOLUTION. EARTH PLANET SCI LETT, 72, 357-375.",SARDA,1985,1
PAPER|GEOROC|CITATION_ID|4233,GEOROC,PAPER|GEOROC|CITATION_ID|4233,,[4233] SASAKI Y. (1985),SASAKI,1985,13
PAPER|GEOROC|CITATION_ID|833,GEOROC,PAPER|GEOROC|CITATION_ID|833,,[833] SHEPPARD S. M. F. (1985),SHEPPARD,1985,1
PAPER|GEOROC|CITATION_ID|4194,GEOROC,PAPER|GEOROC|CITATION_ID|4194,,[4194] SHUTO K. (1985),SHUTO,1985,9
PAPER|GEOROC|CITATION_ID|4209,GEOROC,PAPER|GEOROC|CITATION_ID|4209,,[4209] SHUTO K. (1985),SHUTO,1985,16
PAPER|GEOROC|CITATION_ID|4205,GEOROC,PAPER|GEOROC|CITATION_ID|4205,,[4205] SIDERS M. A. (1985),SIDERS,1985,17
PAPER|GEOROC|CITATION_ID|1926,GEOROC,PAPER|GEOROC|CITATION_ID|1926,,[1926] SREENIVASA RAO M. (1985),SREENIVASA,1985,18
PAPER|GEOROC|CITATION_ID|1503,GEOROC,PAPER|GEOROC|CITATION_ID|1503,,[1503] STEINTHORSSON S. (1985),STEINTHORSSON,1985,16
PAPER|GEOROC|CITATION_ID|5018,GEOROC,PAPER|GEOROC|CITATION_ID|5018,,[5018] WADA K. (1985),WADA,1985,2
PAPER|GEOROC|CITATION_ID|760,GEOROC,PAPER|GEOROC|CITATION_ID|760,,[760] BARDINTZEFF J.-M. (1986),BARDINTZEFF,1986,2
PAPER|GEOROC|CITATION_ID|1922,GEOROC,PAPER|GEOROC|CITATION_ID|1922,,[1922] BEANE J. E. (1986),BEANE,1986,55
PAPER|GEOROC|CITATION_ID|4636,GEOROC,PAPER|GEOROC|CITATION_ID|4636,,[4636] BELLIENI G. (1986),BELLIENI,1986,22
PAPER|GEOROC|CITATION_ID|9139,GEOROC,PAPER|GEOROC|CITATION_ID|9139,,[9139] DOSTAL J. (1986),DOSTAL,1986,6
PAPER|PETDB|CITATION_SHA1|847f57452fb42187,PetDB,PAPER|PETDB|CITATION_SHA1|847f57452fb42187,,"Frey, F. A., Riggs-sneeringer, M., ... Kennedy, A. K. (1986). GEOCHEMISTRY OF BASALTS FROM THE INDIAN OCEAN TRIPLE JUNCTION: IMPLICATIONS FOR THE GENERATION AND EVOLUTION OF INDIAN OCEAN RIDGE BASALTS. EARTH PLANET SCI LETT, 78, 379-396.",FREY,1986,11
PAPER|GEOROC|CITATION_ID|358,GEOROC,PAPER|GEOROC|CITATION_ID|358,,[358] GARCIA M. O. (1986),GARCIA,1986,1
PAPER|GEOROC|CITATION_ID|601,GEOROC,PAPER|GEOROC|CITATION_ID|601,,[601] GEIST D. J. (1986),GEIST,1986,3
PAPER|GEOROC|CITATION_ID|712,GEOROC,PAPER|GEOROC|CITATION_ID|712,,[712] GERLACH D. C. (1986),GERLACH,1986,9
PAPER|GEOROC|CITATION_ID|2857,GEOROC,PAPER|GEOROC|CITATION_ID|2857,,[2857] GOLES G. G. (1986),GOLES,1986,23
PAPER|GEOROC|CITATION_ID|4498,GEOROC,PAPER|GEOROC|CITATION_ID|4498,,[4498] HAYASHI S. (1986),HAYASHI,1986,4
PAPER|GEOROC|CITATION_ID|3631,GEOROC,PAPER|GEOROC|CITATION_ID|3631,,[3631] HICKEY R. L. (1986),HICKEY,1986,22
PAPER|GEOROC|CITATION_ID|10485,GEOROC,PAPER|GEOROC|CITATION_ID|10485,,[10485] IMAOKA T. (1986),IMAOKA,1986,3
PAPER|GEOROC|CITATION_ID|3220,GEOROC,PAPER|GEOROC|CITATION_ID|3220,,[3220] KOYAGUCHI T. (1986),KOYAGUCHI,1986,7
PAPER|GEOROC|CITATION_ID|3853,GEOROC,PAPER|GEOROC|CITATION_ID|3853,,[3853] KOYAGUCHI T. (1986),KOYAGUCHI,1986,9
PAPER|GEOROC|CITATION_ID|4199,GEOROC,PAPER|GEOROC|CITATION_ID|4199,,[4199] KURASAWA H. (1986),KURASAWA,1986,12
PAPER|PETDB|CITATION_SHA1|c016f6e3ab0e3bd5,PetDB,PAPER|PETDB|CITATION_SHA1|c016f6e3ab0e3bd5,,"Liias, R. A. (1986). GEOCHEMISTRY AND PETROGENESIS OF BASALTS ERUPTED ALONG THE JUAN DE FUCA RIDGE. THESIS OR DISSERTATION, DOCTORAL, UNIV MASS, AMHERST; MONOGRAPHIC",LIIAS,1986,116
PAPER|GEOROC|CITATION_ID|780,GEOROC,PAPER|GEOROC|CITATION_ID|780,,[780] LIOTARD J.- M. (1986),LIOTARD,1986,25
PAPER|GEOROC|CITATION_ID|1220,GEOROC,PAPER|GEOROC|CITATION_ID|1220,,[1220] MAALOE S. (1986),MAALOE,1986,13
PAPER|PETDB|CITATION_SHA1|329279883c5fe7a6,PetDB,PAPER|PETDB|CITATION_SHA1|329279883c5fe7a6,,"Michard, A., Schlich, R., ... Montigny, R. (1986). GEOCHEMISTRY OF THE MANTLE BENEATH THE RODRIGUEZ TRIPLE JUNCTION AND THE SOUTH-EAST INDIAN RIDGE. EARTH PLANET SCI LETT, 78, 104-111.",MICHARD,1986,1
PAPER|GEOROC|CITATION_ID|3907,GEOROC,PAPER|GEOROC|CITATION_ID|3907,,[3907] MORRIS P. A. (1986),MORRIS,1986,23
PAPER|GEOROC|CITATION_ID|1313,GEOROC,PAPER|GEOROC|CITATION_ID|1313,,[1313] NOUGIER J. (1986),NOUGIER,1986,2
PAPER|GEOROC|CITATION_ID|452,GEOROC,PAPER|GEOROC|CITATION_ID|452,,[452] PALACZ Z. A. (1986),PALACZ,1986,12
PAPER|GEOROC|CITATION_ID|3242,GEOROC,PAPER|GEOROC|CITATION_ID|3242,,[3242] SAKUYAMA M. (1986),SAKUYAMA,1986,6
PAPER|PETDB|CITATION_SHA1|c8b851c825237b41,PetDB,PAPER|PETDB|CITATION_SHA1|c8b851c825237b41,,"Schilling, J., Hanan, B. B., ... Kingsley, R. H. (1986). PB ISOTOPE EVIDENCE IN THE SOUTH ATLANTIC FOR MIGRATING RIDGE-HOT SPOT INTERACTIONS. NATURE, 322, 137-144.",SCHILLING,1986,1
PAPER|GEOROC|CITATION_ID|4208,GEOROC,PAPER|GEOROC|CITATION_ID|4208,,[4208] SHUTO K. (1986),SHUTO,1986,10
PAPER|GEOROC|CITATION_ID|1377,GEOROC,PAPER|GEOROC|CITATION_ID|1377,,[1377] STAUDIGEL H. (1986),STAUDIGEL,1986,11
PAPER|GEOROC|CITATION_ID|4207,GEOROC,PAPER|GEOROC|CITATION_ID|4207,,[4207] TAKIMOTO T. (1986),TAKIMOTO,1986,8
PAPER|GEOROC|CITATION_ID|3434,GEOROC,PAPER|GEOROC|CITATION_ID|3434,,[3434] THOMPSON R. N. (1986),THOMPSON,1986,7
PAPER|GEOROC|CITATION_ID|4196,GEOROC,PAPER|GEOROC|CITATION_ID|4196,,[4196] TSUCHIYA NOBUYUKI (1986),TSUCHIYA,1986,8
PAPER|GEOROC|CITATION_ID|19047,GEOROC,PAPER|GEOROC|CITATION_ID|19047,,[19047] AHMAD T. (1987),AHMAD,1987,30
PAPER|GEOROC|CITATION_ID|762,GEOROC,PAPER|GEOROC|CITATION_ID|762,,[762] BAKER P. E. (1987),BAKER,1987,12
PAPER|GEOROC|CITATION_ID|1910,GEOROC,PAPER|GEOROC|CITATION_ID|1910,,[1910] BAKSI A. K. (1987),BAKSI,1987,8
PAPER|GEOROC|CITATION_ID|15347,GEOROC,PAPER|GEOROC|CITATION_ID|15347,,[15347] BROWN P. E. (1987),BROWN,1987,5
PAPER|GEOROC|CITATION_ID|5491,GEOROC,PAPER|GEOROC|CITATION_ID|5491,,[5491] BRÜGMANN G. E. (1987),BRUGMANN,1987,2
PAPER|GEOROC|CITATION_ID|912,GEOROC,PAPER|GEOROC|CITATION_ID|912,,[912] CABRERA LAGUNILLA M. P. (1987),CABRERA,1987,27
PAPER|GEOROC|CITATION_ID|8026,GEOROC,PAPER|GEOROC|CITATION_ID|8026,,[8026] CAPALDI G. (1987),CAPALDI,1987,4
PAPER|GEOROC|CITATION_ID|16543,GEOROC,PAPER|GEOROC|CITATION_ID|16543,,[16543] CARLSON R. W. (1987),CARLSON,1987,33
PAPER|GEOROC|CITATION_ID|177,GEOROC,PAPER|GEOROC|CITATION_ID|177,,[177] CASADEVALL T. J. (1987),CASADEVALL,1987,18
PAPER|GEOROC|CITATION_ID|178,GEOROC,PAPER|GEOROC|CITATION_ID|178,,[178] CASADEVALL T. J. (1987),CASADEVALL,1987,56
PAPER|GEOROC|CITATION_ID|53,GEOROC,PAPER|GEOROC|CITATION_ID|53,,[53] CLAGUE D. A. (1987),CLAGUE,1987,1
PAPER|GEOROC|CITATION_ID|9244,GEOROC,PAPER|GEOROC|CITATION_ID|9244,,[9244] CONDIE K. C. (1987),CONDIE,1987,20
PAPER|GEOROC|CITATION_ID|596,GEOROC,PAPER|GEOROC|CITATION_ID|596,,[596] CULLEN A. B. (1987),CULLEN,1987,11
PAPER|GEOROC|CITATION_ID|3382,GEOROC,PAPER|GEOROC|CITATION_ID|3382,,[3382] FALLOON T. J. (1987),FALLOON,1987,6
PAPER|GEOROC|CITATION_ID|1238,GEOROC,PAPER|GEOROC|CITATION_ID|1238,,[1238] FITTON J. G. (1987),FITTON,1987,3
PAPER|GEOROC|CITATION_ID|316,GEOROC,PAPER|GEOROC|CITATION_ID|316,,[316] FODOR R. V. (1987),FODOR,1987,8
PAPER|GEOROC|CITATION_ID|4538,GEOROC,PAPER|GEOROC|CITATION_ID|4538,,[4538] FURNES H. (1987),FURNES,1987,34
PAPER|GEOROC|CITATION_ID|16274,GEOROC,PAPER|GEOROC|CITATION_ID|16274,,[16274] GRZESCZYK A. (1987),GRZESCZYK,1987,10
PAPER|GEOROC|CITATION_ID|214,GEOROC,PAPER|GEOROC|CITATION_ID|214,,[214] HELZ R. T. (1987),HELZ,1987,4
PAPER|GEOROC|CITATION_ID|3533,GEOROC,PAPER|GEOROC|CITATION_ID|3533,,[3533] HONJO N. (1987),HONJO,1987,1
PAPER|GEOROC|CITATION_ID|9305,GEOROC,PAPER|GEOROC|CITATION_ID|9305,,[9305] JOLLY W. T. (1987),JOLLY,1987,20
PAPER|GEOROC|CITATION_ID|9739,GEOROC,PAPER|GEOROC|CITATION_ID|9739,,[9739] JOLLY W. T. (1987),JOLLY,1987,9
PAPER|GEOROC|CITATION_ID|6763,GEOROC,PAPER|GEOROC|CITATION_ID|6763,,[6763] KIMURA M. (1987),KIMURA,1987,1
PAPER|GEOROC|CITATION_ID|43,GEOROC,PAPER|GEOROC|CITATION_ID|43,,[43] LANPHERE M. A. (1987),LANPHERE,1987,14
PAPER|GEOROC|CITATION_ID|9336,GEOROC,PAPER|GEOROC|CITATION_ID|9336,,[9336] LEBRAS M. (1987),LEBRAS,1987,3
PAPER|GEOROC|CITATION_ID|661,GEOROC,PAPER|GEOROC|CITATION_ID|661,,[661] LEMARCHAND F. (1987),LEMARCHAND,1987,25
PAPER|GEOROC|CITATION_ID|2168,GEOROC,PAPER|GEOROC|CITATION_ID|2168,,[2168] LOCKWOOD J. P. (1987),LOCKWOOD,1987,19
PAPER|PETDB|CITATION_SHA1|c285a800294291f4,PetDB,PAPER|PETDB|CITATION_SHA1|c285a800294291f4,,"Lonsdale, P. F., Allan, J. F., ... Batiza, R. (1987). PETROLOGY AND CHEMISTRY OF LAVAS FROM SEAMOUNTS FLANKING THE EAST PACIFIC RISE AXIS, 21 DEG N: IMPLICATIONS CONCERNING THE MANTLE SOURCE COMPOSITION FOR BOTH SEAMOUNT AND ADJACENT EPR LAVAS. AGU GEOPHYS MONOGR, 43, 255-282.",LONSDALE,1987,1
PAPER|GEOROC|CITATION_ID|1417,GEOROC,PAPER|GEOROC|CITATION_ID|1417,,[1417] MACDONALD R. (1987),MACDONALD,1987,3
PAPER|GEOROC|CITATION_ID|6831,GEOROC,PAPER|GEOROC|CITATION_ID|6831,,[6831] MATSUI KOJI (1987),MATSUI,1987,5
PAPER|PETDB|CITATION_SHA1|74c347ff29b3a7c3,PetDB,PAPER|PETDB|CITATION_SHA1|74c347ff29b3a7c3,,"Michael, P. J., Chase, R. L. (1987). THE INFLUENCE OF PRIMARY MAGMA COMPOSITION, H2O AND PRESSURE ON MID-OCEAN RIDGE BASALT DIFFERENTIATION. CONTRIB MINERAL PETROL, 96, 245-263.",MICHAEL,1987,1
PAPER|GEOROC|CITATION_ID|179,GEOROC,PAPER|GEOROC|CITATION_ID|179,,[179] MOORE RICHARD B. (1987),MOORE,1987,23
PAPER|GEOROC|CITATION_ID|25,GEOROC,PAPER|GEOROC|CITATION_ID|25,,[25] MOORE J. G. (1987),MOORE,1987,34
PAPER|GEOROC|CITATION_ID|2321,GEOROC,PAPER|GEOROC|CITATION_ID|2321,,[2321] NAKANO S. (1987),NAKANO,1987,8
PAPER|GEOROC|CITATION_ID|4405,GEOROC,PAPER|GEOROC|CITATION_ID|4405,,[4405] NAKANO S. (1987),NAKANO,1987,2
PAPER|GEOROC|CITATION_ID|2316,GEOROC,PAPER|GEOROC|CITATION_ID|2316,,[2316] NOTSU K. (1987),NOTSU,1987,1
PAPER|GEOROC|CITATION_ID|4381,GEOROC,PAPER|GEOROC|CITATION_ID|4381,,[4381] NOTSU K. (1987),NOTSU,1987,9
PAPER|GEOROC|CITATION_ID|4174,GEOROC,PAPER|GEOROC|CITATION_ID|4174,,[4174] OKAMURA S. (1987),OKAMURA,1987,4
PAPER|GEOROC|CITATION_ID|4605,GEOROC,PAPER|GEOROC|CITATION_ID|4605,,[4605] PEDERSEN A. K. (1987),PEDERSEN,1987,4
PAPER|GEOROC|CITATION_ID|2652,GEOROC,PAPER|GEOROC|CITATION_ID|2652,,[2652] PETRINI R. (1987),PETRINI,1987,43
PAPER|GEOROC|CITATION_ID|4754,GEOROC,PAPER|GEOROC|CITATION_ID|4754,,[4754] PICCIRILLO E. M. (1987),PICCIRILLO,1987,6
PAPER|PETDB|CITATION_SHA1|ec8774234b413fa8,PetDB,PAPER|PETDB|CITATION_SHA1|ec8774234b413fa8,,"Reid, A. M., Erlank, A. J., ... Dick, H. J. B. (1987). LOCAL AND REGIONAL HETEROGENEITY IN MORB FROM THE MID-ATLANTIC RIDGE BETWEEN 54.5 DEGREE S AND 51 DEGREE S: EVIDENCE FOR GEOCHEMICAL ENRICHMENT. GEOCHIM COSMOCHIM ACTA, 51, 541-555.",REID,1987,27
PAPER|PETDB|CITATION_SHA1|d15f01acbd2401ba,PetDB,PAPER|PETDB|CITATION_SHA1|d15f01acbd2401ba,,"Ryan, J. G., Langmuir, C. H. (1987). THE SYSTEMATICS OF LITHIUM ABUNDANCES IN YOUNG VOLCANIC ROCKS. GEOCHIM COSMOCHIM ACTA, 51, 1727-1741.",RYAN,1987,4
PAPER|PETDB|CITATION_SHA1|bb9f988ab63d4f6f,PetDB,PAPER|PETDB|CITATION_SHA1|bb9f988ab63d4f6f,,"Shea, G. T. F. (1987). A PETROLOGIC STUDY OF BASALTS FROM THE MAGIC MOUNTAIN HYDROTHERMAL AREA, SOUTHERN EXPLORER RIDGE, NORTHEAST PACIFIC OCEAN. THESIS OR DISSERTATION, MASTER'S, UNIV BC; MONOGRAPHIC",SHEA,1987,5
PAPER|GEOROC|CITATION_ID|2455,GEOROC,PAPER|GEOROC|CITATION_ID|2455,,[2455] SINTON J. M. (1987),SINTON,1987,36
PAPER|GEOROC|CITATION_ID|2452,GEOROC,PAPER|GEOROC|CITATION_ID|2452,,[2452] VOLPE A. M. (1987),VOLPE,1987,12
PAPER|GEOROC|CITATION_ID|482,GEOROC,PAPER|GEOROC|CITATION_ID|482,,[482] WEAVER B. L. (1987),WEAVER,1987,20
PAPER|GEOROC|CITATION_ID|1233,GEOROC,PAPER|GEOROC|CITATION_ID|1233,,[1233] WOLFE E. W. (1987),WOLFE,1987,1
PAPER|GEOROC|CITATION_ID|1192,GEOROC,PAPER|GEOROC|CITATION_ID|1192,,[1192] ALBAREDE F. (1988),ALBAREDE,1988,40
PAPER|GEOROC|CITATION_ID|1905,GEOROC,PAPER|GEOROC|CITATION_ID|1905,,[1905] AL^MUKHAMEDOV A. I. (1988),ALMUKHAMEDOV,1988,16
PAPER|GEOROC|CITATION_ID|6643,GEOROC,PAPER|GEOROC|CITATION_ID|6643,,[6643] BAILEY J. C. (1988),BAILEY,1988,6
PAPER|GEOROC|CITATION_ID|2589,GEOROC,PAPER|GEOROC|CITATION_ID|2589,,[2589] BEANE J. E. (1988),BEANE,1988,2
PAPER|GEOROC|CITATION_ID|2133,GEOROC,PAPER|GEOROC|CITATION_ID|2133,,[2133] BERG J. H. (1988),BERG,1988,2
PAPER|GEOROC|CITATION_ID|235,GEOROC,PAPER|GEOROC|CITATION_ID|235,,[235] BOHRSON W. A. (1988),BOHRSON,1988,1
PAPER|PETDB|CITATION_SHA1|93fb9598a0f90f0e,PetDB,PAPER|PETDB|CITATION_SHA1|93fb9598a0f90f0e,,"Bonatti, E., Seyler, M., ... Joron, J. (1988). BASALTIC DYKES FROM ZABARGAD ISLAND, RED SEA: PETROLOGY AND GEOCHEMISTRY. TECTONOPHYSICS, 150, 229-248.",BONATTI,1988,44
PAPER|GEOROC|CITATION_ID|13057,GEOROC,PAPER|GEOROC|CITATION_ID|13057,,[13057] BROTZU P. (1988),BROTZU,1988,22
PAPER|PETDB|CITATION_SHA1|0412cfd65598ee63,PetDB,PAPER|PETDB|CITATION_SHA1|0412cfd65598ee63,,"Calvez, J. Y., Joron, J., ... Bougault, H. (1988). THE GEOCHEMICAL STRUCTURE OF THE SOUTH-EAST INDIAN RIDGE. EARTH PLANET SCI LETT, 88, 47-59.",CALVEZ,1988,12
PAPER|GEOROC|CITATION_ID|336,GEOROC,PAPER|GEOROC|CITATION_ID|336,,[336] CLAGUE D. A. (1988),CLAGUE,1988,20
PAPER|GEOROC|CITATION_ID|3627,GEOROC,PAPER|GEOROC|CITATION_ID|3627,,[3627] DAVIDSON J. P. (1988),DAVIDSON,1988,1
PAPER|GEOROC|CITATION_ID|1326,GEOROC,PAPER|GEOROC|CITATION_ID|1326,,[1326] DOSSO L. (1988),DOSSO,1988,1
PAPER|GEOROC|CITATION_ID|815,GEOROC,PAPER|GEOROC|CITATION_ID|815,,[815] DUPUY C. (1988),DUPUY,1988,12
PAPER|GEOROC|CITATION_ID|1229,GEOROC,PAPER|GEOROC|CITATION_ID|1229,,[1229] FISK M. R. (1988),FISK,1988,24
PAPER|PETDB|CITATION_SHA1|0f5bb956c4799c8a,PetDB,PAPER|PETDB|CITATION_SHA1|0f5bb956c4799c8a,,"Francis, T. J. G., Embley, R. W., ... Jonasson, I. R. (1988). SUBMERSIBLE INVESTIGATION OF AN EXTINCT HYDROTHERMAL SYSTEM ON THE GALAPAGOS RIDGE: SULFIDE MOUND, STOCKWORK ZONE, AND DIFFERENTIATED LAVAS. CAN MINERAL, 26, 517-539.",FRANCIS,1988,10
PAPER|GEOROC|CITATION_ID|3185,GEOROC,PAPER|GEOROC|CITATION_ID|3185,,[3185] FUJINAWA A. (1988),FUJINAWA,1988,17
PAPER|GEOROC|CITATION_ID|228,GEOROC,PAPER|GEOROC|CITATION_ID|228,,[228] GARCIA M. O. (1988),GARCIA,1988,67
PAPER|GEOROC|CITATION_ID|3216,GEOROC,PAPER|GEOROC|CITATION_ID|3216,,[3216] GERLACH D. C. (1988),GERLACH,1988,13
PAPER|GEOROC|CITATION_ID|726,GEOROC,PAPER|GEOROC|CITATION_ID|726,,[726] GERLACH D. C. (1988),GERLACH,1988,3
PAPER|GEOROC|CITATION_ID|3007,GEOROC,PAPER|GEOROC|CITATION_ID|3007,,[3007] GILL J. B. (1988),GILL,1988,3
PAPER|GEOROC|CITATION_ID|1119,GEOROC,PAPER|GEOROC|CITATION_ID|1119,,[1119] HEMOND C. (1988),HEMOND,1988,19
PAPER|GEOROC|CITATION_ID|1746,GEOROC,PAPER|GEOROC|CITATION_ID|1746,,[1746] HOOPER P. R. (1988),HOOPER,1988,12
PAPER|PETDB|CITATION_SHA1|ac259e5b4f1e967c,PetDB,PAPER|PETDB|CITATION_SHA1|ac259e5b4f1e967c,,"Humler, E., Whitechurch, H. (1988). PETROLOGY OF BASALTS FROM THE CENTRAL INDIAN RIDGE (LAT. 25 DEGREE 23ÕS, LONG. 70 DEGREE 04ÕE): ESTIMATES OF FREQUENCIES AND FRACTIONAL VOLUMES OF MAGMA INJECTIONS IN A TWO-LAYERED RESERVOIR. EARTH PLANET SCI LETT, 88, 169-181.",HUMLER,1988,3
PAPER|PETDB|CITATION_SHA1|190fdef2a8b5c255,PetDB,PAPER|PETDB|CITATION_SHA1|190fdef2a8b5c255,,"Karsten, J. L. (1988). SPATIAL AND TEMPORAL VARIATIONS IN THE PETROLOGY, MORPHOLOGY AND TECTONICS OF A MIGRATING SPREADING CENTER: THE ENDEAVOR SEGMENT, JUAN DE FUCA RIDGE. THESIS OR DISSERTATION, DOCTORAL, UNIV WASH; MONOGRAPHIC",KARSTEN,1988,51
PAPER|GEOROC|CITATION_ID|13076,GEOROC,PAPER|GEOROC|CITATION_ID|13076,,[13076] KELLOGG K. S. (1988),KELLOGG,1988,4
PAPER|GEOROC|CITATION_ID|2592,GEOROC,PAPER|GEOROC|CITATION_ID|2592,,[2592] KRISHNAMURTHY P. (1988),KRISHNAMURTHY,1988,2
PAPER|GEOROC|CITATION_ID|3795,GEOROC,PAPER|GEOROC|CITATION_ID|3795,,[3795] KULP J. L. (1988),KULP,1988,2
PAPER|GEOROC|CITATION_ID|1902,GEOROC,PAPER|GEOROC|CITATION_ID|1902,,[1902] LIGHTFOOT P. C. (1988),LIGHTFOOT,1988,14
PAPER|GEOROC|CITATION_ID|4608,GEOROC,PAPER|GEOROC|CITATION_ID|4608,,[4608] LYLE P. (1988),LYLE,1988,12
PAPER|GEOROC|CITATION_ID|2867,GEOROC,PAPER|GEOROC|CITATION_ID|2867,,[2867] MANTOVANI M. S. M. (1988),MANTOVANI,1988,15
PAPER|GEOROC|CITATION_ID|4760,GEOROC,PAPER|GEOROC|CITATION_ID|4760,,[4760] MANTOVANI M. S. M. (1988),MANTOVANI,1988,3
PAPER|GEOROC|CITATION_ID|227,GEOROC,PAPER|GEOROC|CITATION_ID|227,,[227] NEAL C. A. (1988),NEAL,1988,43
PAPER|GEOROC|CITATION_ID|2796,GEOROC,PAPER|GEOROC|CITATION_ID|2796,,[2796] NOHDA S. (1988),NOHDA,1988,5
PAPER|GEOROC|CITATION_ID|16700,GEOROC,PAPER|GEOROC|CITATION_ID|16700,,[16700] OSADETZ K. G. (1988),OSADETZ,1988,5
PAPER|GEOROC|CITATION_ID|9304,GEOROC,PAPER|GEOROC|CITATION_ID|9304,,[9304] PAPEZIK V. S. (1988),PAPEZIK,1988,17
PAPER|GEOROC|CITATION_ID|4756,GEOROC,PAPER|GEOROC|CITATION_ID|4756,,[4756] PEATE D. W. (1988),PEATE,1988,15
PAPER|GEOROC|CITATION_ID|2871,GEOROC,PAPER|GEOROC|CITATION_ID|2871,,[2871] PICCIRILLO E. M. (1988),PICCIRILLO,1988,15
PAPER|GEOROC|CITATION_ID|14706,GEOROC,PAPER|GEOROC|CITATION_ID|14706,,[14706] RATCLIFFE N. M. (1988),RATCLIFFE,1988,6
PAPER|GEOROC|CITATION_ID|20,GEOROC,PAPER|GEOROC|CITATION_ID|20,,[20] RHODES J. M. (1988),RHODES,1988,16
PAPER|GEOROC|CITATION_ID|5486,GEOROC,PAPER|GEOROC|CITATION_ID|5486,,[5486] RYABCHIKOV I. D. (1988),RYABCHIKOV,1988,16
PAPER|GEOROC|CITATION_ID|2623,GEOROC,PAPER|GEOROC|CITATION_ID|2623,,[2623] RYAN J. G. (1988),RYAN,1988,10
PAPER|GEOROC|CITATION_ID|2870,GEOROC,PAPER|GEOROC|CITATION_ID|2870,,[2870] SECCO L. (1988),SECCO,1988,3
PAPER|GEOROC|CITATION_ID|4179,GEOROC,PAPER|GEOROC|CITATION_ID|4179,,[4179] SHUTO K. (1988),SHUTO,1988,8
PAPER|GEOROC|CITATION_ID|3761,GEOROC,PAPER|GEOROC|CITATION_ID|3761,,[3761] SMITH I. E. M. (1988),SMITH,1988,1
PAPER|PETDB|CITATION_SHA1|ae7caaa07be06772,PetDB,PAPER|PETDB|CITATION_SHA1|ae7caaa07be06772,,"Sobolev, A. V., Joron, J., ... Dmitriev, L. V. (1988). MANTLE HETEROGENEITY FROM TRACE ELEMENTS: MAR TRIPLE JUNCTION NEAR 14 DEGREE N. EARTH PLANET SCI LETT, 88, 27-36.",SOBOLEV,1988,6
PAPER|GEOROC|CITATION_ID|46,GEOROC,PAPER|GEOROC|CITATION_ID|46,,[46] SPENGLER S. (1988),SPENGLER,1988,15
PAPER|GEOROC|CITATION_ID|1001,GEOROC,PAPER|GEOROC|CITATION_ID|1001,,[1001] STOREY M. (1988),STOREY,1988,16
PAPER|GEOROC|CITATION_ID|1906,GEOROC,PAPER|GEOROC|CITATION_ID|1906,,[1906] SUBBARAO K. V. (1988),SUBBARAO,1988,8
PAPER|GEOROC|CITATION_ID|6781,GEOROC,PAPER|GEOROC|CITATION_ID|6781,,[6781] TATSUMI Y. (1988),TATSUMI,1988,13
PAPER|GEOROC|CITATION_ID|4197,GEOROC,PAPER|GEOROC|CITATION_ID|4197,,[4197] TSUCHIYA NOBUYUKI (1988),TSUCHIYA,1988,50
PAPER|GEOROC|CITATION_ID|4501,GEOROC,PAPER|GEOROC|CITATION_ID|4501,,[4501] TSUCHIYA NOBUYUKI (1988),TSUCHIYA,1988,13
PAPER|GEOROC|CITATION_ID|2138,GEOROC,PAPER|GEOROC|CITATION_ID|2138,,[2138] WAAGSTEIN R. (1988),WAAGSTEIN,1988,7
PAPER|GEOROC|CITATION_ID|49,GEOROC,PAPER|GEOROC|CITATION_ID|49,,[49] WEST H. B. (1988),WEST,1988,37
PAPER|GEOROC|CITATION_ID|2579,GEOROC,PAPER|GEOROC|CITATION_ID|2579,,[2579] WOODHEAD J. D. (1988),WOODHEAD,1988,5
PAPER|GEOROC|CITATION_ID|3966,GEOROC,PAPER|GEOROC|CITATION_ID|3966,,[3966] YAMAMOTO MASATSUGU (1988),YAMAMOTO,1988,24
PAPER|GEOROC|CITATION_ID|3228,GEOROC,PAPER|GEOROC|CITATION_ID|3228,,[3228] YANAGI T. (1988),YANAGI,1988,2
PAPER|GEOROC|CITATION_ID|14165,GEOROC,PAPER|GEOROC|CITATION_ID|14165,,[14165] ZBINDEN E. A. (1988),ZBINDEN,1988,78
PAPER|PETDB|CITATION_SHA1|91d2907d95100b75,PetDB,PAPER|PETDB|CITATION_SHA1|91d2907d95100b75,,"Allan, J. F., Michael, P. J., ... Chase, R. L. (1989). PETROLOGIC AND GEOLOGIC VARIATIONS ALONG THE SOUTHERN EXPLORER RIDGE, NORTHEAST PACIFIC OCEAN. J GEOPHYS RES, 94, 13895-13918.",ALLAN,1989,35
PAPER|GEOROC|CITATION_ID|8441,GEOROC,PAPER|GEOROC|CITATION_ID|8441,,[8441] AYALEW D.(1989)  [GeoReM [1235] ],AYALEW,1989,5
PAPER|GEOROC|CITATION_ID|2637,GEOROC,PAPER|GEOROC|CITATION_ID|2637,,[2637] BARKER F. (1989),BARKER,1989,12
PAPER|GEOROC|CITATION_ID|7438,GEOROC,PAPER|GEOROC|CITATION_ID|7438,,[7438] BERMUDEZ A. (1989),BERMUDEZ,1989,5
PAPER|GEOROC|CITATION_ID|2856,GEOROC,PAPER|GEOROC|CITATION_ID|2856,,[2856] BRANDON A. D. (1989),BRANDON,1989,33
PAPER|GEOROC|CITATION_ID|481,GEOROC,PAPER|GEOROC|CITATION_ID|481,,[481] CHAFFEY D. J. (1989),CHAFFEY,1989,48
PAPER|GEOROC|CITATION_ID|2815,GEOROC,PAPER|GEOROC|CITATION_ID|2815,,[2815] CHIESA S. (1989),CHIESA,1989,13
PAPER|PETDB|CITATION_SHA1|c3c3d55ee1bb430b,PetDB,PAPER|PETDB|CITATION_SHA1|c3c3d55ee1bb430b,,"Clarke, D. B., Cameron, B., ... Bates, J. L. (1989). EARLY TERTIARY BASALTS FROM THE LABRADOR SEA FLOOR AND DAVIS STRAIT. CAN J EARTH SCI, 26, 956-968.",CLARKE,1989,7
PAPER|GEOROC|CITATION_ID|614,GEOROC,PAPER|GEOROC|CITATION_ID|614,,[614] CULLEN A. B. (1989),CULLEN,1989,8
PAPER|GEOROC|CITATION_ID|1636,GEOROC,PAPER|GEOROC|CITATION_ID|1636,,[1636] DAVIES H. (1989),DAVIES,1989,3
PAPER|GEOROC|CITATION_ID|651,GEOROC,PAPER|GEOROC|CITATION_ID|651,,[651] DAVIES G. R. (1989),DAVIES,1989,9
PAPER|GEOROC|CITATION_ID|1271,GEOROC,PAPER|GEOROC|CITATION_ID|1271,,[1271] DUDOIGNON P. (1989),DUDOIGNON,1989,2
PAPER|GEOROC|CITATION_ID|1191,GEOROC,PAPER|GEOROC|CITATION_ID|1191,,[1191] DUPUY C. (1989),DUPUY,1989,34
PAPER|GEOROC|CITATION_ID|3383,GEOROC,PAPER|GEOROC|CITATION_ID|3383,,[3383] FALLOON T. J. (1989),FALLOON,1989,1
PAPER|PETDB|CITATION_SHA1|1b02433423c35bd7,PetDB,PAPER|PETDB|CITATION_SHA1|1b02433423c35bd7,,"Fisher, R. L., Le Roex, A. P., ... Dick, H. J. B. (1989). PETROLOGY AND GEOCHEMISTRY OF MORB FROM 25 DEGREE E TO 46 DEGREE E ALONG THE  SOUTHWEST INDIAN RIDGE: EVIDENCE FOR CONTRASTING STYLES OF MANTLE ENRICHMENT. J PETROL, 30, 947-986.",FISHER,1989,28
PAPER|GEOROC|CITATION_ID|16,GEOROC,PAPER|GEOROC|CITATION_ID|16,,[16] GARCIA M. O. (1989),GARCIA,1989,37
PAPER|GEOROC|CITATION_ID|17427,GEOROC,PAPER|GEOROC|CITATION_ID|17427,,[17427] GARCIA MORAL R. (1989),GARCIA,1989,27
PAPER|GEOROC|CITATION_ID|223,GEOROC,PAPER|GEOROC|CITATION_ID|223,,[223] GARCIA M. O. (1989),GARCIA,1989,22
PAPER|GEOROC|CITATION_ID|4335,GEOROC,PAPER|GEOROC|CITATION_ID|4335,,[4335] GENBUDO RESEARCH GROUP (1989),GENBUDO,1989,3
PAPER|GEOROC|CITATION_ID|15901,GEOROC,PAPER|GEOROC|CITATION_ID|15901,,[15901] GREENOUGH J. D. (1989),GREENOUGH,1989,25
PAPER|GEOROC|CITATION_ID|10437,GEOROC,PAPER|GEOROC|CITATION_ID|10437,,[10437] HELGASON J. (1989),HELGASON,1989,10
PAPER|GEOROC|CITATION_ID|3831,GEOROC,PAPER|GEOROC|CITATION_ID|3831,,[3831] HICKEY-VARGAS R. (1989),HICKEYVARGAS,1989,13
PAPER|GEOROC|CITATION_ID|3067,GEOROC,PAPER|GEOROC|CITATION_ID|3067,,[3067] HOGG A. J. (1989),HOGG,1989,15
PAPER|PETDB|CITATION_SHA1|34bbb3b6f8a8e2e1,PetDB,PAPER|PETDB|CITATION_SHA1|34bbb3b6f8a8e2e1,,"Humler, E., Al'mukhamedov, A., ... Juteau, T. (1989). PETROLOGY AND GEOCHEMISTRY OF BASALTS FROM THE RED SEA AXIAL RIFT AT 18 DEGREE N. J PETROL, 30, 791-839.",HUMLER,1989,32
PAPER|PETDB|CITATION_SHA1|9f9fcb0b979bbec7,PetDB,PAPER|PETDB|CITATION_SHA1|9f9fcb0b979bbec7,,"Humphris, S. E., Thompson, G., ... Bryan, W. B. (1989). AXIAL VOLCANISM ON THE EAST PACIFIC RISE, 10-12 DEGREE N. GEOL SOC LONDON SPEC PUB, 42, 181-200.",HUMPHRIS,1989,148
PAPER|GEOROC|CITATION_ID|3989,GEOROC,PAPER|GEOROC|CITATION_ID|3989,,[3989] LARSEN L. M. (1989),LARSEN,1989,46
PAPER|GEOROC|CITATION_ID|1265,GEOROC,PAPER|GEOROC|CITATION_ID|1265,,[1265] LIPMAN P. W. (1989),LIPMAN,1989,2
PAPER|GEOROC|CITATION_ID|3310,GEOROC,PAPER|GEOROC|CITATION_ID|3310,,[3310] LUM C. C. L. (1989),LUM,1989,8
PAPER|GEOROC|CITATION_ID|338,GEOROC,PAPER|GEOROC|CITATION_ID|338,,[338] MAALOE S. (1989),MAALOE,1989,7
PAPER|GEOROC|CITATION_ID|13527,GEOROC,PAPER|GEOROC|CITATION_ID|13527,,[13527] MARQUES L. S. (1989),MARQUES,1989,81
PAPER|PETDB|CITATION_SHA1|e93280025a898221,PetDB,PAPER|PETDB|CITATION_SHA1|e93280025a898221,,"Natland, J. H. (1989). PARTIAL MELTING OF A LITHOLOGICALLY HETEROGENEOUS MANTLE: INFERENCES FROM CRYSTALLIZATION HISTORIES OF MAGNESIAN ABYSSAL THOLEIITES FROM THE SIQUEIROS FRACTURE ZONE. GEOL SOC LONDON SPEC PUB, 42, 41-70.",NATLAND,1989,2
PAPER|GEOROC|CITATION_ID|14039,GEOROC,PAPER|GEOROC|CITATION_ID|14039,,[14039] OBA Y. (1989),OBA,1989,2
PAPER|GEOROC|CITATION_ID|2129,GEOROC,PAPER|GEOROC|CITATION_ID|2129,,[2129] PACES J. B. (1989),PACES,1989,13
PAPER|GEOROC|CITATION_ID|2654,GEOROC,PAPER|GEOROC|CITATION_ID|2654,,[2654] PICCIRILLO E. M. (1989),PICCIRILLO,1989,56
PAPER|PETDB|CITATION_SHA1|740d864cc624f4be,PetDB,PAPER|PETDB|CITATION_SHA1|740d864cc624f4be,,"Poreda, R. J., Bloomer, S. H., ... Natland, J. H. (1989). ISOTOPIC AND GEOCHEMICAL PROVINCES OF THE WESTERN INDIAN OCEAN SPREADING CENTERS. J GEOPHYS RES, 94, 4033-4052.",POREDA,1989,1
PAPER|GEOROC|CITATION_ID|725,GEOROC,PAPER|GEOROC|CITATION_ID|725,,[725] ROCHA DE MACEDO J. (1989),ROCHA,1989,1
PAPER|GEOROC|CITATION_ID|2830,GEOROC,PAPER|GEOROC|CITATION_ID|2830,,[2830] ROSS M. E. (1989),ROSS,1989,4
PAPER|GEOROC|CITATION_ID|1897,GEOROC,PAPER|GEOROC|CITATION_ID|1897,,[1897] SRIVASTAVA R. K. (1989),SRIVASTAVA,1989,13
PAPER|GEOROC|CITATION_ID|4261,GEOROC,PAPER|GEOROC|CITATION_ID|4261,,[4261] TAMURA S. (1989),TAMURA,1989,5
PAPER|GEOROC|CITATION_ID|6205,GEOROC,PAPER|GEOROC|CITATION_ID|6205,,[6205] TSUCHIYA NOBUYUKI (1989),TSUCHIYA,1989,22
PAPER|GEOROC|CITATION_ID|7476,GEOROC,PAPER|GEOROC|CITATION_ID|7476,,[7476] UJIIE M. (1989),UJIIE,1989,1
PAPER|PETDB|CITATION_SHA1|5c628296823b87d2,PetDB,PAPER|PETDB|CITATION_SHA1|5c628296823b87d2,,"Waggoner, D. G. (1989). AN ISOTOPIC AND TRACE ELEMENT STUDY OF MANTLE HETEROGENEITY BENEATH THE NORWEGIAN-GREENLAND SEA. THESIS OR DISSERTATION, DOCTORAL, URI; MONOGRAPHIC",WAGGONER,1989,7
PAPER|GEOROC|CITATION_ID|2435,GEOROC,PAPER|GEOROC|CITATION_ID|2435,,[2435] WOODHEAD J. D. (1989),WOODHEAD,1989,14
PAPER|GEOROC|CITATION_ID|756,GEOROC,PAPER|GEOROC|CITATION_ID|756,,[756] WOODHEAD J. D. (1989),WOODHEAD,1989,18
PAPER|GEOROC|CITATION_ID|5094,GEOROC,PAPER|GEOROC|CITATION_ID|5094,,[5094] YASHIMA R. (1989),YASHIMA,1989,6
PAPER|PETDB|CITATION_SHA1|4137ab9bdfe80d30,PetDB,PAPER|PETDB|CITATION_SHA1|4137ab9bdfe80d30,,"Yonover, R. N. (1989). PETROLOGICAL EFFECTS OF RIFT FAILURE AT THE GALAPAGOS SPREADING CENTER NEAR 95.5 DEGREE W. INCLUDING ANALYSES OF GLASS INCLUSIONS BY LASER MASS SPECTROMETRY AND ION MICROPROBE. THESIS OR DISSERTATION, DOCTORAL, UNIV HAWAII; MONOGRAPHIC",YONOVER,1989,5
PAPER|GEOROC|CITATION_ID|11821,GEOROC,PAPER|GEOROC|CITATION_ID|11821,,[11821] ZHU BING-QUAN (1989),ZHU,1989,22
PAPER|GEOROC|CITATION_ID|1212,GEOROC,PAPER|GEOROC|CITATION_ID|1212,,[1212] BARLING J.(1990)  [GeoReM [221] ],BARLING,1990,3
PAPER|GEOROC|CITATION_ID|14290,GEOROC,PAPER|GEOROC|CITATION_ID|14290,,[14290] BELLIENI G. (1990),BELLIENI,1990,25
PAPER|GEOROC|CITATION_ID|3924,GEOROC,PAPER|GEOROC|CITATION_ID|3924,,[3924] BOESPFLUG X. (1990),BOESPFLUG,1990,5
PAPER|GEOROC|CITATION_ID|1448,GEOROC,PAPER|GEOROC|CITATION_ID|1448,,[1448] CARRACEDO J. C. (1990),CARRACEDO,1990,36
PAPER|GEOROC|CITATION_ID|322,GEOROC,PAPER|GEOROC|CITATION_ID|322,,[322] CHEN CHU-YUNG (1990),CHEN,1990,17
PAPER|GEOROC|CITATION_ID|1254,GEOROC,PAPER|GEOROC|CITATION_ID|1254,,[1254] CLAGUE D. A. (1990),CLAGUE,1990,59
PAPER|GEOROC|CITATION_ID|901,GEOROC,PAPER|GEOROC|CITATION_ID|901,,[901] COUSENS B. L. (1990),COUSENS,1990,4
PAPER|GEOROC|CITATION_ID|11453,GEOROC,PAPER|GEOROC|CITATION_ID|11453,,[11453] CRAWFORD A. J. (1990),CRAWFORD,1990,18
PAPER|GEOROC|CITATION_ID|1457,GEOROC,PAPER|GEOROC|CITATION_ID|1457,,[1457] DEVEY C. W. (1990),DEVEY,1990,8
PAPER|GEOROC|CITATION_ID|14263,GEOROC,PAPER|GEOROC|CITATION_ID|14263,,[14263] FODOR R. V. (1990),FODOR,1990,29
PAPER|GEOROC|CITATION_ID|6338,GEOROC,PAPER|GEOROC|CITATION_ID|6338,,[6338] FRENZEL G. (1990),FRENZEL,1990,26
PAPER|GEOROC|CITATION_ID|41,GEOROC,PAPER|GEOROC|CITATION_ID|41,,[41] FREY F. A. (1990),FREY,1990,52
PAPER|GEOROC|CITATION_ID|3760,GEOROC,PAPER|GEOROC|CITATION_ID|3760,,[3760] GAMBLE J. A. (1990),GAMBLE,1990,6
PAPER|GEOROC|CITATION_ID|999,GEOROC,PAPER|GEOROC|CITATION_ID|999,,[999] GAUTIER I. (1990),GAUTIER,1990,25
PAPER|GEOROC|CITATION_ID|2479,GEOROC,PAPER|GEOROC|CITATION_ID|2479,,[2479] GILL J. B. (1990),GILL,1990,2
PAPER|GEOROC|CITATION_ID|1249,GEOROC,PAPER|GEOROC|CITATION_ID|1249,,[1249] GUILLOU H. (1990),GUILLOU,1990,10
PAPER|GEOROC|CITATION_ID|5095,GEOROC,PAPER|GEOROC|CITATION_ID|5095,,[5095] HAKASEYAMA COLLABORATIVE RESEARCH GROUP  (1990),HAKASEYAMA,1990,10
PAPER|GEOROC|CITATION_ID|2878,GEOROC,PAPER|GEOROC|CITATION_ID|2878,,[2878] HARRIS C. (1990),HARRIS,1990,26
PAPER|GEOROC|CITATION_ID|2430,GEOROC,PAPER|GEOROC|CITATION_ID|2430,,[2430] HAWKINS J. W. JR. (1990),HAWKINS,1990,48
PAPER|GEOROC|CITATION_ID|2864,GEOROC,PAPER|GEOROC|CITATION_ID|2864,,[2864] HOOPER P. R. (1990),HOOPER,1990,49
PAPER|PETDB|CITATION_SHA1|41eb0e8d2e90a994,PetDB,PAPER|PETDB|CITATION_SHA1|41eb0e8d2e90a994,,"Humphris, S. E., Thompson, G., ... Bryan, W. B. (1990). MORPHOLOGY, GEOCHEMISTRY, AND EVOLUTION OF SEROCKI VOLCANO. PROC ODP, SCI RESULTS, 106/109, 67-84.",HUMPHRIS,1990,52
PAPER|GEOROC|CITATION_ID|408,GEOROC,PAPER|GEOROC|CITATION_ID|408,,[408] JAMBON A. (1990),JAMBON,1990,4
PAPER|GEOROC|CITATION_ID|4129,GEOROC,PAPER|GEOROC|CITATION_ID|4129,,[4129] KAGAMI H. (1990),KAGAMI,1990,1
PAPER|GEOROC|CITATION_ID|6823,GEOROC,PAPER|GEOROC|CITATION_ID|6823,,[6823] KAKUBUCHI S. (1990),KAKUBUCHI,1990,7
PAPER|GEOROC|CITATION_ID|10488,GEOROC,PAPER|GEOROC|CITATION_ID|10488,,[10488] KAWAMOTO T. (1990),KAWAMOTO,1990,12
PAPER|GEOROC|CITATION_ID|10315,GEOROC,PAPER|GEOROC|CITATION_ID|10315,,[10315] LE MASURIER W. E. (1990),LE,1990,32
PAPER|GEOROC|CITATION_ID|1415,GEOROC,PAPER|GEOROC|CITATION_ID|1415,,[1415] LEOTOT C. (1990),LEOTOT,1990,4
PAPER|GEOROC|CITATION_ID|1896,GEOROC,PAPER|GEOROC|CITATION_ID|1896,,[1896] LIGHTFOOT P. C. (1990),LIGHTFOOT,1990,33
PAPER|GEOROC|CITATION_ID|2412,GEOROC,PAPER|GEOROC|CITATION_ID|2412,,[2412] LIGHTFOOT P. C. (1990),LIGHTFOOT,1990,44
PAPER|PETDB|CITATION_SHA1|93c2c53132d98c42,PetDB,PAPER|PETDB|CITATION_SHA1|93c2c53132d98c42,,"Liias, R. A., Rhodes, J. M., ... Delaney, J. R. (1990). SPATIAL AND TEMPORAL EVOLUTION OF MAGMATIC SYSTEMS BENEATH THE ENDEAVOR SEGMENT, JUAN DE FUCA RIDGE: TECTONIC AND PETROLOGIC CONSTRAINTS. J GEOPHYS RES, 95, 19235-19256.",LIIAS,1990,17
PAPER|PETDB|CITATION_SHA1|a0ead0f2367e53b6,PetDB,PAPER|PETDB|CITATION_SHA1|a0ead0f2367e53b6,,"Liias, R. A., Rhodes, J. M., ... Morgan, C. (1990). GEOCHEMISTRY OF AXIAL SEAMOUNT LAVAS: MAGMATIC RELATIONSHIP BETWEEN THE COBB HOTSPOT AND THE JUAN DE FUCA RIDGE. J GEOPHYS RES, 95, 12713-12733.",LIIAS,1990,36
PAPER|GEOROC|CITATION_ID|32,GEOROC,PAPER|GEOROC|CITATION_ID|32,,[32] LIPMAN P. W. (1990),LIPMAN,1990,18
PAPER|GEOROC|CITATION_ID|1112,GEOROC,PAPER|GEOROC|CITATION_ID|1112,,[1112] MACDONALD R. (1990),MACDONALD,1990,9
PAPER|GEOROC|CITATION_ID|3364,GEOROC,PAPER|GEOROC|CITATION_ID|3364,,[3364] MAZAROVICH A. O. (1990),MAZAROVICH,1990,22
PAPER|GEOROC|CITATION_ID|1508,GEOROC,PAPER|GEOROC|CITATION_ID|1508,,[1508] MCGARVIE D. W. (1990),MCGARVIE,1990,6
PAPER|PETDB|CITATION_SHA1|2e6b492596f99bb1,PetDB,PAPER|PETDB|CITATION_SHA1|2e6b492596f99bb1,,"Michael, P. J., Mcconachy, T. F., ... Chase, R. L. (1990). SULPHIDE DEPOSITS, TECTONICS AND PETROGENESIS OF SOUTHERN EXPLORER RIDGE, NORTHEAST PACIFIC OCEAN. , 710-733.",MICHAEL,1990,1
PAPER|GEOROC|CITATION_ID|321,GEOROC,PAPER|GEOROC|CITATION_ID|321,,[321] MOORE J. G. (1990),MOORE,1990,10
PAPER|GEOROC|CITATION_ID|4140,GEOROC,PAPER|GEOROC|CITATION_ID|4140,,[4140] NAGAO TAKASHI (1990),NAGAO,1990,13
PAPER|GEOROC|CITATION_ID|4342,GEOROC,PAPER|GEOROC|CITATION_ID|4342,,[4342] NAGAO TAKASHI (1990),NAGAO,1990,2
PAPER|GEOROC|CITATION_ID|3658,GEOROC,PAPER|GEOROC|CITATION_ID|3658,,[3658] NAKAMURA E. (1990),NAKAMURA,1990,5
PAPER|GEOROC|CITATION_ID|17908,GEOROC,PAPER|GEOROC|CITATION_ID|17908,,[17908] NELSON D. O. (1990),NELSON,1990,24
PAPER|GEOROC|CITATION_ID|12107,GEOROC,PAPER|GEOROC|CITATION_ID|12107,,[12107] OHTA T. (1990),OHTA,1990,2
PAPER|GEOROC|CITATION_ID|14766,GEOROC,PAPER|GEOROC|CITATION_ID|14766,,[14766] OLIVEIRA E. P. (1990),OLIVEIRA,1990,10
PAPER|PETDB|CITATION_SHA1|fafc87703ee70c44,PetDB,PAPER|PETDB|CITATION_SHA1|fafc87703ee70c44,,"Park, K. H., Staudigel, H. (1990). RADIOGENIC ISOTOPE RATIOS AND INITIAL SEAFLOOR ALTERATION IN SUBMARINE SEROCKI VOLCANO BASALTS. PROC ODP, SCI RESULTS, 106/109, 117-121.",PARK,1990,10
PAPER|GEOROC|CITATION_ID|2655,GEOROC,PAPER|GEOROC|CITATION_ID|2655,,[2655] PICCIRILLO E. M. (1990),PICCIRILLO,1990,14
PAPER|GEOROC|CITATION_ID|10062,GEOROC,PAPER|GEOROC|CITATION_ID|10062,,[10062] PRESTVIK T. (1990),PRESTVIK,1990,6
PAPER|GEOROC|CITATION_ID|17014,GEOROC,PAPER|GEOROC|CITATION_ID|17014,,[17014] SHIMAZU M. (1990),SHIMAZU,1990,4
PAPER|GEOROC|CITATION_ID|3409,GEOROC,PAPER|GEOROC|CITATION_ID|3409,,[3409] SHUTO K. (1990),SHUTO,1990,37
PAPER|GEOROC|CITATION_ID|2431,GEOROC,PAPER|GEOROC|CITATION_ID|2431,,[2431] STERN R. J. (1990),STERN,1990,12
PAPER|GEOROC|CITATION_ID|3597,GEOROC,PAPER|GEOROC|CITATION_ID|3597,,[3597] SUNKEL G. (1990),SUNKEL,1990,8
PAPER|GEOROC|CITATION_ID|1589,GEOROC,PAPER|GEOROC|CITATION_ID|1589,,[1589] TATSUMI Y. (1990),TATSUMI,1990,5
PAPER|PETDB|CITATION_SHA1|4c07720a89af3f81,PetDB,PAPER|PETDB|CITATION_SHA1|4c07720a89af3f81,,"Treuil, M., Loubet, M., ... Di Donato, G. (1990). GEOCHEMISTRY OF ZERO-AGE N-MORB FROM HOLE 648B, ODP LEGS 106-109, MAR, 22 DEG N. PROC ODP, SCI RESULTS, 106/109, 57-65.",TREUIL,1990,6
PAPER|GEOROC|CITATION_ID|1521,GEOROC,PAPER|GEOROC|CITATION_ID|1521,,[1521] TROENNES R. G. (1990),TROENNES,1990,101
PAPER|GEOROC|CITATION_ID|591,GEOROC,PAPER|GEOROC|CITATION_ID|591,,[591] VICENZI E. P. (1990),VICENZI,1990,9
PAPER|GEOROC|CITATION_ID|4805,GEOROC,PAPER|GEOROC|CITATION_ID|4805,,[4805] YAMAGUCHI T. (1990),YAMAGUCHI,1990,3
PAPER|GEOROC|CITATION_ID|996,GEOROC,PAPER|GEOROC|CITATION_ID|996,,[996] ALIBERT C. (1991),ALIBERT,1991,1
PAPER|GEOROC|CITATION_ID|14774,GEOROC,PAPER|GEOROC|CITATION_ID|14774,,[14774] BERTRAND H. (1991),BERTRAND,1991,26
PAPER|GEOROC|CITATION_ID|17909,GEOROC,PAPER|GEOROC|CITATION_ID|17909,,[17909] BOILY M. (1991),BOILY,1991,10
PAPER|GEOROC|CITATION_ID|313,GEOROC,PAPER|GEOROC|CITATION_ID|313,,[313] CHEN CHU-YUNG (1991),CHEN,1991,22
PAPER|GEOROC|CITATION_ID|225,GEOROC,PAPER|GEOROC|CITATION_ID|225,,[225] CLAGUE D. A. (1991),CLAGUE,1991,2
PAPER|GEOROC|CITATION_ID|520,GEOROC,PAPER|GEOROC|CITATION_ID|520,,[520] CLIFF R. A. (1991),CLIFF,1991,13
PAPER|GEOROC|CITATION_ID|3162,GEOROC,PAPER|GEOROC|CITATION_ID|3162,,[3162] DAUX V. (1991),DAUX,1991,5
PAPER|GEOROC|CITATION_ID|1895,GEOROC,PAPER|GEOROC|CITATION_ID|1895,,[1895] DEVEY C. W. (1991),DEVEY,1991,6
PAPER|GEOROC|CITATION_ID|69,GEOROC,PAPER|GEOROC|CITATION_ID|69,,[69] DIXON J. E. (1991),DIXON,1991,33
PAPER|GEOROC|CITATION_ID|9635,GEOROC,PAPER|GEOROC|CITATION_ID|9635,,[9635] FAN QICHENG (1991),FAN,1991,4
PAPER|GEOROC|CITATION_ID|40,GEOROC,PAPER|GEOROC|CITATION_ID|40,,[40] FREY F. A. (1991),FREY,1991,38
PAPER|GEOROC|CITATION_ID|998,GEOROC,PAPER|GEOROC|CITATION_ID|998,,[998] FREY F. A. (1991),FREY,1991,72
PAPER|GEOROC|CITATION_ID|4341,GEOROC,PAPER|GEOROC|CITATION_ID|4341,,[4341] FUJIMAKI H. (1991),FUJIMAKI,1991,20
PAPER|GEOROC|CITATION_ID|1155,GEOROC,PAPER|GEOROC|CITATION_ID|1155,,[1155] GURENKO A. A. (1991),GURENKO,1991,1
PAPER|GEOROC|CITATION_ID|2107,GEOROC,PAPER|GEOROC|CITATION_ID|2107,,[2107] HALD N. (1991),HALD,1991,24
PAPER|GEOROC|CITATION_ID|939,GEOROC,PAPER|GEOROC|CITATION_ID|939,,[939] HANSTEEN T. H. (1991),HANSTEEN,1991,1
PAPER|GEOROC|CITATION_ID|2948,GEOROC,PAPER|GEOROC|CITATION_ID|2948,,[2948] HERGT J. M. (1991),HERGT,1991,7
PAPER|GEOROC|CITATION_ID|3421,GEOROC,PAPER|GEOROC|CITATION_ID|3421,,[3421] HILDRETH W. (1991),HILDRETH,1991,23
PAPER|GEOROC|CITATION_ID|1216,GEOROC,PAPER|GEOROC|CITATION_ID|1216,,[1216] HOERNLE K. A. (1991),HOERNLE,1991,5
PAPER|GEOROC|CITATION_ID|2949,GEOROC,PAPER|GEOROC|CITATION_ID|2949,,[2949] IACUMIN P. (1991),IACUMIN,1991,85
PAPER|GEOROC|CITATION_ID|4637,GEOROC,PAPER|GEOROC|CITATION_ID|4637,,[4637] IWAMORI H. (1991),IWAMORI,1991,22
PAPER|GEOROC|CITATION_ID|1178,GEOROC,PAPER|GEOROC|CITATION_ID|1178,,[1178] JORON J.-L. (1991),JORON,1991,8
PAPER|GEOROC|CITATION_ID|9778,GEOROC,PAPER|GEOROC|CITATION_ID|9778,,[9778] LEWIS J. F. (1991),LEWIS,1991,20
PAPER|GEOROC|CITATION_ID|2104,GEOROC,PAPER|GEOROC|CITATION_ID|2104,,[2104] LIGHTFOOT P. C. (1991),LIGHTFOOT,1991,15
PAPER|GEOROC|CITATION_ID|3995,GEOROC,PAPER|GEOROC|CITATION_ID|3995,,[3995] LOPEZ-ESCOBAR L. (1991),LOPEZESCOBAR,1991,2
PAPER|GEOROC|CITATION_ID|8025,GEOROC,PAPER|GEOROC|CITATION_ID|8025,,[8025] MANETTI P. (1991),MANETTI,1991,16
PAPER|MERGED|011706402e882422,GEOROC; PetDB,PAPER|MERGED|011706402e882422,,"Martin, C. E. (1991). OS ISOTOPIC CHARACTERISTICS OF MANTLE DERIVED ROCKS. GEOCHIM COSMOCHIM ACTA, 55, 1421-1434.; [161] MARTIN C. E. (1991)",MARTIN,1991,4
PAPER|GEOROC|CITATION_ID|7052,GEOROC,PAPER|GEOROC|CITATION_ID|7052,,[7052] MCCULLOCH M. T. (1991),MCCULLOCH,1991,3
PAPER|GEOROC|CITATION_ID|1013,GEOROC,PAPER|GEOROC|CITATION_ID|1013,,[1013] MEHL K. W. (1991),MEHL,1991,18
PAPER|GEOROC|CITATION_ID|995,GEOROC,PAPER|GEOROC|CITATION_ID|995,,[995] MORCHE W. (1991),MORCHE,1991,34
PAPER|GEOROC|CITATION_ID|3187,GEOROC,PAPER|GEOROC|CITATION_ID|3187,,[3187] NAKADA S. (1991),NAKADA,1991,15
PAPER|GEOROC|CITATION_ID|5099,GEOROC,PAPER|GEOROC|CITATION_ID|5099,,[5099] OHTA T. (1991),OHTA,1991,1
PAPER|GEOROC|CITATION_ID|5953,GEOROC,PAPER|GEOROC|CITATION_ID|5953,,[5953] POLYAKOV G. V. (1991),POLYAKOV,1991,11
PAPER|PETDB|CITATION_SHA1|c0525dd76ef8ea6a,PetDB,PAPER|PETDB|CITATION_SHA1|c0525dd76ef8ea6a,,"Schilling, J., Joron, J., ... Hanan, B. B. (1991). SR-ND-PB GEOCHEMICAL MORPHOLOGY BETWEEN 10 DEGREE  AND 17 DEGREE N ON THE MID-ATLANTIC RIDGE: A NEW MORB ISOTOPE SIGNATURE. EARTH PLANET SCI LETT, 106, 29-43.",SCHILLING,1991,2
PAPER|GEOROC|CITATION_ID|1891,GEOROC,PAPER|GEOROC|CITATION_ID|1891,,[1891] SETHNA S. F. (1991),SETHNA,1991,25
PAPER|GEOROC|CITATION_ID|2951,GEOROC,PAPER|GEOROC|CITATION_ID|2951,,[2951] SHARMA MUKUL (1991),SHARMA,1991,44
PAPER|GEOROC|CITATION_ID|1651,GEOROC,PAPER|GEOROC|CITATION_ID|1651,,[1651] SILANTEV S. A. (1991),SILANTEV,1991,11
PAPER|PETDB|CITATION_SHA1|1ef5b64d0f00e613,PetDB,PAPER|PETDB|CITATION_SHA1|1ef5b64d0f00e613,,"Staudigel, H., Klein, E. M., ... Langmuir, C. H. (1991). GEOCHEMISTRY OF BASALTS FROM THE SOUTHEAST INDIAN RIDGE, 115 DEGREE E-138 DEGREE E. J GEOPHYS RES, 96, 2089-2107.",STAUDIGEL,1991,19
PAPER|GEOROC|CITATION_ID|3079,GEOROC,PAPER|GEOROC|CITATION_ID|3079,,[3079] THORSETH I. H. (1991),THORSETH,1991,4
PAPER|GEOROC|CITATION_ID|10228,GEOROC,PAPER|GEOROC|CITATION_ID|10228,,[10228] TORMEY D. R. (1991),TORMEY,1991,9
PAPER|GEOROC|CITATION_ID|3996,GEOROC,PAPER|GEOROC|CITATION_ID|3996,,[3996] TORMEY D. R. (1991),TORMEY,1991,15
PAPER|PETDB|CITATION_SHA1|040abb5f77d9487c,PetDB,PAPER|PETDB|CITATION_SHA1|040abb5f77d9487c,,"Van Wagoner, N. A., Leybourne, M. I. (1991). EVIDENCE FOR MAGMA MIXING AND A HETEROGENEOUS MANTLE ON THE WEST VALLEY SEGMENT OF THE JUAN DE FUCA RIDGE. J GEOPHYS RES, 96, 16295-16318.",VANWAGONER,1991,15
PAPER|GEOROC|CITATION_ID|6455,GEOROC,PAPER|GEOROC|CITATION_ID|6455,,[6455] YAMAMOTO KOSHI (1991),YAMAMOTO,1991,18
PAPER|GEOROC|CITATION_ID|1894,GEOROC,PAPER|GEOROC|CITATION_ID|1894,,[1894] ZOLOTUKHIN V. V. (1991),ZOLOTUKHIN,1991,7
PAPER|GEOROC|CITATION_ID|52,GEOROC,PAPER|GEOROC|CITATION_ID|52,,[52] ZREDA M. G. (1991),ZREDA,1991,4
PAPER|GEOROC|CITATION_ID|6784,GEOROC,PAPER|GEOROC|CITATION_ID|6784,,[6784] ALLAN J. F. (1992),ALLAN,1992,26
PAPER|GEOROC|CITATION_ID|9912,GEOROC,PAPER|GEOROC|CITATION_ID|9912,,[9912] BAILEY D. G. (1992),BAILEY,1992,3
PAPER|GEOROC|CITATION_ID|19205,GEOROC,PAPER|GEOROC|CITATION_ID|19205,,[19205] BHAT M. I. (1992),BHAT,1992,40
PAPER|GEOROC|CITATION_ID|578,GEOROC,PAPER|GEOROC|CITATION_ID|578,,[578] BINARD N. (1992),BINARD,1992,1
PAPER|GEOROC|CITATION_ID|584,GEOROC,PAPER|GEOROC|CITATION_ID|584,,[584] BOW C. S. (1992),BOW,1992,23
PAPER|GEOROC|CITATION_ID|1176,GEOROC,PAPER|GEOROC|CITATION_ID|1176,,[1176] CHAUVEL C. (1992),CHAUVEL,1992,8
PAPER|GEOROC|CITATION_ID|3134,GEOROC,PAPER|GEOROC|CITATION_ID|3134,,[3134] CROVISIER J. L. (1992),CROVISIER,1992,10
PAPER|GEOROC|CITATION_ID|14791,GEOROC,PAPER|GEOROC|CITATION_ID|14791,,[14791] DOSTAL J. (1992),DOSTAL,1992,5
PAPER|GEOROC|CITATION_ID|2096,GEOROC,PAPER|GEOROC|CITATION_ID|2096,,[2096] DOSTAL J. (1992),DOSTAL,1992,27
PAPER|GEOROC|CITATION_ID|11599,GEOROC,PAPER|GEOROC|CITATION_ID|11599,,[11599] DUPUY C. (1992),DUPUY,1992,8
PAPER|GEOROC|CITATION_ID|3336,GEOROC,PAPER|GEOROC|CITATION_ID|3336,,[3336] FALLOON T. J. (1992),FALLOON,1992,9
PAPER|GEOROC|CITATION_ID|14662,GEOROC,PAPER|GEOROC|CITATION_ID|14662,,[14662] FIECHNTNER L. (1992),FIECHNTNER,1992,2
PAPER|PETDB|CITATION_SHA1|e737129319643feb,PetDB,PAPER|PETDB|CITATION_SHA1|e737129319643feb,,"Fisher, R. L., Natland, J. H., ... Le Roex, A. P. (1992). SOUTHWESTERN LIMITS OF INDIAN OCEAN RIDGE MANTLE AND THE ORIGIN OF LOW 206PB/204PB MID-OCEAN RIDGE BASALT: ISOTOPE SYSTEMATICS OF THE CENTRAL SOUTHWEST INDIAN RIDGE (17 DEGREE -50 DEGREE E). J GEOPHYS RES, 97, 19771-19790.",FISHER,1992,9
PAPER|GEOROC|CITATION_ID|4302,GEOROC,PAPER|GEOROC|CITATION_ID|4302,,[4302] FLEMING T. H. (1992),FLEMING,1992,9
PAPER|GEOROC|CITATION_ID|216,GEOROC,PAPER|GEOROC|CITATION_ID|216,,[216] FODOR R. V. (1992),FODOR,1992,39
PAPER|GEOROC|CITATION_ID|4783,GEOROC,PAPER|GEOROC|CITATION_ID|4783,,[4783] FUJINAWA A. (1992),FUJINAWA,1992,8
PAPER|GEOROC|CITATION_ID|1243,GEOROC,PAPER|GEOROC|CITATION_ID|1243,,[1243] FURMAN T. (1992),FURMAN,1992,28
PAPER|GEOROC|CITATION_ID|217,GEOROC,PAPER|GEOROC|CITATION_ID|217,,[217] GARCIA M. O. (1992),GARCIA,1992,69
PAPER|GEOROC|CITATION_ID|1224,GEOROC,PAPER|GEOROC|CITATION_ID|1224,,[1224] GRAHAM D. W. (1992),GRAHAM,1992,3
PAPER|GEOROC|CITATION_ID|1698,GEOROC,PAPER|GEOROC|CITATION_ID|1698,,[1698] HAWKESWORTH C. J. (1992),HAWKESWORTH,1992,4
PAPER|GEOROC|CITATION_ID|14795,GEOROC,PAPER|GEOROC|CITATION_ID|14795,,[14795] HOUGHTON H. F. (1992),HOUGHTON,1992,8
PAPER|GEOROC|CITATION_ID|3892,GEOROC,PAPER|GEOROC|CITATION_ID|3892,,[3892] IWAMORI H. (1992),IWAMORI,1992,14
PAPER|GEOROC|CITATION_ID|2905,GEOROC,PAPER|GEOROC|CITATION_ID|2905,,[2905] JONASSON K. (1992),JONASSON,1992,2
PAPER|PETDB|CITATION_SHA1|bb8b8f5f161e6e5b,PetDB,PAPER|PETDB|CITATION_SHA1|bb8b8f5f161e6e5b,,"Le Roex, A. P., Watkins, R. T., ... Dick, H. J. B. (1992). PETROGENESIS OF ANOMALOUS K-ENRICHED MORB FROM THE SOUTHWEST INDIAN RIDGE: 11 DEGREE 53'E TO 14 DEGREE 38'E. CONTRIB MINERAL PETROL, 110, 253-268.",LEROEX,1992,13
PAPER|GEOROC|CITATION_ID|4544,GEOROC,PAPER|GEOROC|CITATION_ID|4544,,[4544] LOPEZ-ESCOBAR L. (1992),LOPEZESCOBAR,1992,12
PAPER|GEOROC|CITATION_ID|335,GEOROC,PAPER|GEOROC|CITATION_ID|335,,[335] MAALOE S. (1992),MAALOE,1992,3
PAPER|GEOROC|CITATION_ID|2811,GEOROC,PAPER|GEOROC|CITATION_ID|2811,,[2811] MAHONEY J. J. (1992),MAHONEY,1992,3
PAPER|GEOROC|CITATION_ID|1185,GEOROC,PAPER|GEOROC|CITATION_ID|1185,,[1185] MAURY R. C. (1992),MAURY,1992,2
PAPER|PETDB|CITATION_SHA1|14c77ecbb043356f,PetDB,PAPER|PETDB|CITATION_SHA1|14c77ecbb043356f,,"Mccully, B. L., Schilling, J., ... Kingsley, R. H. (1992). ND-SR-PB ISOTOPIC VARIATIONS ALONG THE GULF OF ADEN: EVIDENCE FOR AFAR MANTLE PLUME-CONTINENTAL LITHOSPHERE INTERACTION. J GEOPHYS RES, 97, 10927-10966.",MCCULLY,1992,2
PAPER|GEOROC|CITATION_ID|196,GEOROC,PAPER|GEOROC|CITATION_ID|196,,[196] MOORE J. G. (1992),MOORE,1992,118
PAPER|GEOROC|CITATION_ID|6825,GEOROC,PAPER|GEOROC|CITATION_ID|6825,,[6825] NAGAO TAKASHI (1992),NAGAO,1992,4
PAPER|GEOROC|CITATION_ID|3405,GEOROC,PAPER|GEOROC|CITATION_ID|3405,,[3405] NAKAGAWA M. (1992),NAKAGAWA,1992,6
PAPER|GEOROC|CITATION_ID|1105,GEOROC,PAPER|GEOROC|CITATION_ID|1105,,[1105] NICHOLSON H. (1992),NICHOLSON,1992,22
PAPER|GEOROC|CITATION_ID|2094,GEOROC,PAPER|GEOROC|CITATION_ID|2094,,[2094] NICHOLSON S. W. (1992),NICHOLSON,1992,22
PAPER|GEOROC|CITATION_ID|6518,GEOROC,PAPER|GEOROC|CITATION_ID|6518,,[6518] NIIDA K. (1992),NIIDA,1992,6
PAPER|GEOROC|CITATION_ID|12114,GEOROC,PAPER|GEOROC|CITATION_ID|12114,,[12114] OHTA T. (1992),OHTA,1992,1
PAPER|GEOROC|CITATION_ID|14788,GEOROC,PAPER|GEOROC|CITATION_ID|14788,,[14788] PE-PIPER G. (1992),PEPIPER,1992,32
PAPER|GEOROC|CITATION_ID|6782,GEOROC,PAPER|GEOROC|CITATION_ID|6782,,[6782] POUCLET A. (1992),POUCLET,1992,2
PAPER|GEOROC|CITATION_ID|14790,GEOROC,PAPER|GEOROC|CITATION_ID|14790,,[14790] PUFFER J. H. (1992),PUFFER,1992,43
PAPER|GEOROC|CITATION_ID|14797,GEOROC,PAPER|GEOROC|CITATION_ID|14797,,[14797] PUFFER J. H. (1992),PUFFER,1992,9
PAPER|GEOROC|CITATION_ID|13106,GEOROC,PAPER|GEOROC|CITATION_ID|13106,,[13106] SAKAYORI A. (1992),SAKAYORI,1992,3
PAPER|GEOROC|CITATION_ID|6452,GEOROC,PAPER|GEOROC|CITATION_ID|6452,,[6452] SATO O. (1992),SATO,1992,8
PAPER|GEOROC|CITATION_ID|556,GEOROC,PAPER|GEOROC|CITATION_ID|556,,[556] SCHIANO P. (1992),SCHIANO,1992,2
PAPER|GEOROC|CITATION_ID|6204,GEOROC,PAPER|GEOROC|CITATION_ID|6204,,[6204] SHUTO K. (1992),SHUTO,1992,14
PAPER|GEOROC|CITATION_ID|1213,GEOROC,PAPER|GEOROC|CITATION_ID|1213,,[1213] SIGMARSSON O. (1992),SIGMARSSON,1992,7
PAPER|GEOROC|CITATION_ID|899,GEOROC,PAPER|GEOROC|CITATION_ID|899,,[899] SIGMARSSON O. (1992),SIGMARSSON,1992,3
PAPER|GEOROC|CITATION_ID|9080,GEOROC,PAPER|GEOROC|CITATION_ID|9080,,[9080] SMOL^KIN V. F. (1992),SMOLKIN,1992,19
PAPER|GEOROC|CITATION_ID|1914,GEOROC,PAPER|GEOROC|CITATION_ID|1914,,[1914] STOREY M. (1992),STOREY,1992,67
PAPER|GEOROC|CITATION_ID|14789,GEOROC,PAPER|GEOROC|CITATION_ID|14789,,[14789] SUNDEEN D. A. (1992),SUNDEEN,1992,16
PAPER|GEOROC|CITATION_ID|2798,GEOROC,PAPER|GEOROC|CITATION_ID|2798,,[2798] TATSUMI Y. (1992),TATSUMI,1992,2
PAPER|GEOROC|CITATION_ID|2804,GEOROC,PAPER|GEOROC|CITATION_ID|2804,,[2804] TOGASHI S. (1992),TOGASHI,1992,2
PAPER|GEOROC|CITATION_ID|14060,GEOROC,PAPER|GEOROC|CITATION_ID|14060,,[14060] VETTER S. K. (1992),VETTER,1992,74
PAPER|GEOROC|CITATION_ID|57,GEOROC,PAPER|GEOROC|CITATION_ID|57,,[57] WEST H. B. (1992),WEST,1992,19
PAPER|GEOROC|CITATION_ID|643,GEOROC,PAPER|GEOROC|CITATION_ID|643,,[643] WIDOM E. (1992),WIDOM,1992,1
PAPER|PETDB|CITATION_SHA1|b8e94f42a3a42305,PetDB,PAPER|PETDB|CITATION_SHA1|b8e94f42a3a42305,,"Barrat, J. A., Jahn, B. M., ... Joron, J. (1993). MAGMA GENESIS IN AN ONGOING RIFTING ZONE: THE TADJOURA GULF (AFAR AREA). GEOCHIM COSMOCHIM ACTA, 57, 2291-2302.",BARRAT,1993,7
PAPER|GEOROC|CITATION_ID|566,GEOROC,PAPER|GEOROC|CITATION_ID|566,,[566] BINARD N. (1993),BINARD,1993,8
PAPER|GEOROC|CITATION_ID|1984,GEOROC,PAPER|GEOROC|CITATION_ID|1984,,[1984] BORIKAR M. R. (1993),BORIKAR,1993,18
PAPER|GEOROC|CITATION_ID|1186,GEOROC,PAPER|GEOROC|CITATION_ID|1186,,[1186] CAROFF M. (1993),CAROFF,1993,6
PAPER|GEOROC|CITATION_ID|1248,GEOROC,PAPER|GEOROC|CITATION_ID|1248,,[1248] CAROFF M. (1993),CAROFF,1993,4
PAPER|GEOROC|CITATION_ID|2814,GEOROC,PAPER|GEOROC|CITATION_ID|2814,,[2814] CHAZOT G. (1993),CHAZOT,1993,19
PAPER|GEOROC|CITATION_ID|318,GEOROC,PAPER|GEOROC|CITATION_ID|318,,[318] CHEN CHU-YUNG (1993),CHEN,1993,1
PAPER|GEOROC|CITATION_ID|567,GEOROC,PAPER|GEOROC|CITATION_ID|567,,[567] CHENG Q. C. (1993),CHENG,1993,20
PAPER|GEOROC|CITATION_ID|17602,GEOROC,PAPER|GEOROC|CITATION_ID|17602,,[17602] COLTORTI M. (1993),COLTORTI,1993,2
PAPER|GEOROC|CITATION_ID|2757,GEOROC,PAPER|GEOROC|CITATION_ID|2757,,[2757] DANYUSHEVSKY L. V. (1993),DANYUSHEVSKY,1993,21
PAPER|GEOROC|CITATION_ID|1182,GEOROC,PAPER|GEOROC|CITATION_ID|1182,,[1182] DESONIE D. L. (1993),DESONIE,1993,19
PAPER|GEOROC|CITATION_ID|758,GEOROC,PAPER|GEOROC|CITATION_ID|758,,[758] DUPUY C. (1993),DUPUY,1993,32
PAPER|GEOROC|CITATION_ID|764,GEOROC,PAPER|GEOROC|CITATION_ID|764,,[764] FARLEY K. A. (1993),FARLEY,1993,17
PAPER|GEOROC|CITATION_ID|219,GEOROC,PAPER|GEOROC|CITATION_ID|219,,[219] FODOR R. V. (1993),FODOR,1993,1
PAPER|GEOROC|CITATION_ID|2643,GEOROC,PAPER|GEOROC|CITATION_ID|2643,,[2643] FORD A. B. (1993),FORD,1993,2
PAPER|GEOROC|CITATION_ID|3319,GEOROC,PAPER|GEOROC|CITATION_ID|3319,,[3319] GAMBLE J. A. (1993),GAMBLE,1993,13
PAPER|GEOROC|CITATION_ID|2642,GEOROC,PAPER|GEOROC|CITATION_ID|2642,,[2642] GEHRELS G. E. (1993),GEHRELS,1993,8
PAPER|GEOROC|CITATION_ID|1789,GEOROC,PAPER|GEOROC|CITATION_ID|1789,,[1789] GWALANI L. G. (1993),GWALANI,1993,4
PAPER|PETDB|CITATION_SHA1|904038910ab834ec,PetDB,PAPER|PETDB|CITATION_SHA1|904038910ab834ec,,"Harpp, K. S., Anderson, D. M., ... Batiza, R. (1993). SITE 864. PROC ODP, INIT REPORTS, 142, 55-99.",HARPP,1993,3
PAPER|GEOROC|CITATION_ID|2065,GEOROC,PAPER|GEOROC|CITATION_ID|2065,,[2065] HAWKESWORTH C. J. (1993),HAWKESWORTH,1993,8
PAPER|GEOROC|CITATION_ID|1133,GEOROC,PAPER|GEOROC|CITATION_ID|1133,,[1133] HEMOND C.(1993)  [GeoReM [3606] ],HEMOND,1993,23
PAPER|GEOROC|CITATION_ID|947,GEOROC,PAPER|GEOROC|CITATION_ID|947,,[947] HOERNLE K. A. (1993),HOERNLE,1993,23
PAPER|GEOROC|CITATION_ID|1151,GEOROC,PAPER|GEOROC|CITATION_ID|1151,,[1151] HOJ J. W. (1993),HOJ,1993,2
PAPER|GEOROC|CITATION_ID|3068,GEOROC,PAPER|GEOROC|CITATION_ID|3068,,[3068] HOLM P. M. (1993),HOLM,1993,1
PAPER|GEOROC|CITATION_ID|1754,GEOROC,PAPER|GEOROC|CITATION_ID|1754,,[1754] HOOPER P. R. (1993),HOOPER,1993,69
PAPER|GEOROC|CITATION_ID|4305,GEOROC,PAPER|GEOROC|CITATION_ID|4305,,[4305] HORNIG-KJARSGAARD I. (1993),HORNIGKJARSGAARD,1993,24
PAPER|GEOROC|CITATION_ID|7883,GEOROC,PAPER|GEOROC|CITATION_ID|7883,,[7883] JONES G. (1993),JONES,1993,16
PAPER|PETDB|CITATION_SHA1|4268864b275f73e8,PetDB,PAPER|PETDB|CITATION_SHA1|4268864b275f73e8,,"Joron, J., Dosso, L., ... Bougault, H. (1993). GEOCHEMICAL MORPHOLOGY OF THE NORTH MID-ATLANTIC RIDGE, 10 DEGREE -24 DEGREE N: TRACE ELEMENT - ISOTOPE COMPLEMENTARITY. EARTH PLANET SCI LETT, 120, 443-462.",JORON,1993,52
PAPER|GEOROC|CITATION_ID|3428,GEOROC,PAPER|GEOROC|CITATION_ID|3428,,[3428] KERR A. C. (1993),KERR,1993,5
PAPER|GEOROC|CITATION_ID|8119,GEOROC,PAPER|GEOROC|CITATION_ID|8119,,[8119] KIMURA K. (1993),KIMURA,1993,2
PAPER|PETDB|CITATION_SHA1|2d3965d88734f893,PetDB,PAPER|PETDB|CITATION_SHA1|2d3965d88734f893,,"Langmuir, C. H., Ryan, J. G. (1993). THE SYSTEMATICS OF BORON ABUNDANCES IN YOUNG VOLCANIC ROCKS. GEOCHIM COSMOCHIM ACTA, 57, 1489-1498.",LANGMUIR,1993,1
PAPER|GEOROC|CITATION_ID|28569,GEOROC,PAPER|GEOROC|CITATION_ID|28569,,[28569] LOPEZ-ESCOBAR L. (1993),LOPEZESCOBAR,1993,10
PAPER|GEOROC|CITATION_ID|4521,GEOROC,PAPER|GEOROC|CITATION_ID|4521,,[4521] LYLE P. (1993),LYLE,1993,12
PAPER|GEOROC|CITATION_ID|1665,GEOROC,PAPER|GEOROC|CITATION_ID|1665,,[1665] MAHONEY J. J. (1993),MAHONEY,1993,73
PAPER|GEOROC|CITATION_ID|1666,GEOROC,PAPER|GEOROC|CITATION_ID|1666,,[1666] MAHONEY J. J. (1993),MAHONEY,1993,74
PAPER|GEOROC|CITATION_ID|56,GEOROC,PAPER|GEOROC|CITATION_ID|56,,[56] MANGAN M. T. (1993),MANGAN,1993,2
PAPER|GEOROC|CITATION_ID|936,GEOROC,PAPER|GEOROC|CITATION_ID|936,,[936] MANGAS J. (1993),MANGAS,1993,5
PAPER|GEOROC|CITATION_ID|15751,GEOROC,PAPER|GEOROC|CITATION_ID|15751,,[15751] MATSUDA S. (1993),MATSUDA,1993,4
PAPER|GEOROC|CITATION_ID|5770,GEOROC,PAPER|GEOROC|CITATION_ID|5770,,[5770] NAKANO S. (1993),NAKANO,1993,7
PAPER|PETDB|CITATION_SHA1|738f240acbaf595e,PetDB,PAPER|PETDB|CITATION_SHA1|738f240acbaf595e,,"Rogers, N. W. (1993). THE ISOTOPE AND TRACE ELEMENT GEOCHEMISTRY OF BASALTS FROM VOLCANIC ISLANDS OF THE SOUTHER RED SEA. GEOL SOC LONDON SPEC PUB, 76, 455-467.",ROGERS,1993,10
PAPER|GEOROC|CITATION_ID|1763,GEOROC,PAPER|GEOROC|CITATION_ID|1763,,[1763] SAHU N. K. (1993),SAHU,1993,3
PAPER|GEOROC|CITATION_ID|9361,GEOROC,PAPER|GEOROC|CITATION_ID|9361,,[9361] SHIMAZU M. (1993),SHIMAZU,1993,2
PAPER|GEOROC|CITATION_ID|4087,GEOROC,PAPER|GEOROC|CITATION_ID|4087,,[4087] SHUTO K. (1993),SHUTO,1993,28
PAPER|GEOROC|CITATION_ID|14806,GEOROC,PAPER|GEOROC|CITATION_ID|14806,,[14806] SIENA F. (1993),SIENA,1993,17
PAPER|GEOROC|CITATION_ID|5185,GEOROC,PAPER|GEOROC|CITATION_ID|5185,,[5185] SINTON J. M. (1993),SINTON,1993,15
PAPER|PETDB|CITATION_SHA1|40a7f8d4b29ae4c9,PetDB,PAPER|PETDB|CITATION_SHA1|40a7f8d4b29ae4c9,,"Styles, P., Bloxam, T. W., ... O'reilly, W. (1993). A DETAILED GEOCHEMICAL AND ROCK MAGNETIC STUDY OF DREDGED BASALT FROM THE SHEBA RIDGE, GULF OF ADEN. MARINE GEOPHYS RES, 15, 101-119.",STYLES,1993,7
PAPER|GEOROC|CITATION_ID|13093,GEOROC,PAPER|GEOROC|CITATION_ID|13093,,[13093] TAGIRI M. (1993),TAGIRI,1993,5
PAPER|GEOROC|CITATION_ID|8384,GEOROC,PAPER|GEOROC|CITATION_ID|8384,,[8384] TURNER SIMON P. (1993),TURNER,1993,1
PAPER|GEOROC|CITATION_ID|10384,GEOROC,PAPER|GEOROC|CITATION_ID|10384,,[10384] VANNAY J.-C. (1993),VANNAY,1993,8
PAPER|GEOROC|CITATION_ID|1008,GEOROC,PAPER|GEOROC|CITATION_ID|1008,,[1008] WEIS D. (1993),WEIS,1993,6
PAPER|GEOROC|CITATION_ID|606,GEOROC,PAPER|GEOROC|CITATION_ID|606,,[606] WHITE W. M. (1993),WHITE,1993,26
PAPER|GEOROC|CITATION_ID|2068,GEOROC,PAPER|GEOROC|CITATION_ID|2068,,[2068] WOODEN J. L. (1993),WOODEN,1993,53
PAPER|GEOROC|CITATION_ID|1006,GEOROC,PAPER|GEOROC|CITATION_ID|1006,,[1006] BARDINTZEFF J.-M. (1994),BARDINTZEFF,1994,7
PAPER|GEOROC|CITATION_ID|1007,GEOROC,PAPER|GEOROC|CITATION_ID|1007,,[1007] BARLING J.(1994)  [GeoReM [220] ],BARLING,1994,11
PAPER|GEOROC|CITATION_ID|2419,GEOROC,PAPER|GEOROC|CITATION_ID|2419,,[2419] BELL B. R. (1994),BELL,1994,2
PAPER|GEOROC|CITATION_ID|3423,GEOROC,PAPER|GEOROC|CITATION_ID|3423,,[3423] BELL B. R. (1994),BELL,1994,22
PAPER|GEOROC|CITATION_ID|6522,GEOROC,PAPER|GEOROC|CITATION_ID|6522,,[6522] BHATTACHARJI S. (1994),BHATTACHARJI,1994,15
PAPER|GEOROC|CITATION_ID|4103,GEOROC,PAPER|GEOROC|CITATION_ID|4103,,[4103] CAWOOD P. A. (1994),CAWOOD,1994,8
PAPER|PETDB|CITATION_SHA1|bd9378c062b55099,PetDB,PAPER|PETDB|CITATION_SHA1|bd9378c062b55099,,"Chauvel, C., Mertz, D. F., ... Garbe-schönberg, D. (1994). GEOCHEMICAL EFFECTS OF DYNAMIC MELTING BENEATH RIDGES: RECONCILING MAJOR AND TRACE ELEMENT VARIATIONS IN KOLBEINSEY (AND GLOBAL) MID-OCEAN RIDGE BASALT. J GEOPHYS RES, 99, 9077-9095.",CHAUVEL,1994,23
PAPER|GEOROC|CITATION_ID|1756,GEOROC,PAPER|GEOROC|CITATION_ID|1756,,[1756] COLWELL J. B.(1994)  [GeoReM [1198] ],COLWELL,1994,4
PAPER|GEOROC|CITATION_ID|1132,GEOROC,PAPER|GEOROC|CITATION_ID|1132,,[1132] DAUX V. (1994),DAUX,1994,1
PAPER|GEOROC|CITATION_ID|1977,GEOROC,PAPER|GEOROC|CITATION_ID|1977,,[1977] DE A. (1994),DE,1994,10
PAPER|GEOROC|CITATION_ID|19719,GEOROC,PAPER|GEOROC|CITATION_ID|19719,,[19719] DUNCAN A. R. (1994),DUNCAN,1994,2
PAPER|GEOROC|CITATION_ID|3056,GEOROC,PAPER|GEOROC|CITATION_ID|3056,,[3056] EWART A. (1994),EWART,1994,32
PAPER|GEOROC|CITATION_ID|3380,GEOROC,PAPER|GEOROC|CITATION_ID|3380,,[3380] EWART A. (1994),EWART,1994,7
PAPER|GEOROC|CITATION_ID|328,GEOROC,PAPER|GEOROC|CITATION_ID|328,,[328] FREY F. A. (1994),FREY,1994,72
PAPER|GEOROC|CITATION_ID|4105,GEOROC,PAPER|GEOROC|CITATION_ID|4105,,[4105] HAWKINS J. W. JR. (1994),HAWKINS,1994,204
PAPER|GEOROC|CITATION_ID|562,GEOROC,PAPER|GEOROC|CITATION_ID|562,,[562] HEMOND C. (1994),HEMOND,1994,33
PAPER|GEOROC|CITATION_ID|3321,GEOROC,PAPER|GEOROC|CITATION_ID|3321,,[3321] HERGT J. M. (1994),HERGT,1994,11
PAPER|GEOROC|CITATION_ID|3927,GEOROC,PAPER|GEOROC|CITATION_ID|3927,,[3927] HERGT J. M. (1994),HERGT,1994,43
PAPER|GEOROC|CITATION_ID|2326,GEOROC,PAPER|GEOROC|CITATION_ID|2326,,[2326] ISHIKAWA TSUYOSHI (1994),ISHIKAWA,1994,3
PAPER|GEOROC|CITATION_ID|9551,GEOROC,PAPER|GEOROC|CITATION_ID|9551,,[9551] JONASSON K. (1994),JONASSON,1994,6
PAPER|GEOROC|CITATION_ID|6615,GEOROC,PAPER|GEOROC|CITATION_ID|6615,,[6615] KAKUBUCHI S. (1994),KAKUBUCHI,1994,19
PAPER|GEOROC|CITATION_ID|1240,GEOROC,PAPER|GEOROC|CITATION_ID|1240,,[1240] LEE DER-CHUEN (1994),LEE,1994,4
PAPER|GEOROC|CITATION_ID|198,GEOROC,PAPER|GEOROC|CITATION_ID|198,,[198] LEEMAN W. P. (1994),LEEMAN,1994,11
PAPER|GEOROC|CITATION_ID|3439,GEOROC,PAPER|GEOROC|CITATION_ID|3439,,[3439] LEEMAN W. P. (1994),LEEMAN,1994,1
PAPER|GEOROC|CITATION_ID|818,GEOROC,PAPER|GEOROC|CITATION_ID|818,,[818] MAURY R. C. (1994),MAURY,1994,2
PAPER|GEOROC|CITATION_ID|12816,GEOROC,PAPER|GEOROC|CITATION_ID|12816,,[12816] MELEZHIK V. A. (1994),MELEZHIK,1994,8
PAPER|GEOROC|CITATION_ID|7370,GEOROC,PAPER|GEOROC|CITATION_ID|7370,,[7370] MIYAKE Y. (1994),MIYAKE,1994,9
PAPER|PETDB|CITATION_SHA1|94239cd4ae887eaf,PetDB,PAPER|PETDB|CITATION_SHA1|94239cd4ae887eaf,,"Niu, Y., Batiza, R. (1994). MAGMATIC PROCESSES AT A SLOW SPREADING RIDGE SEGMENT: 26 DEGREE S MID-ATLANTIC RIDGE. J GEOPHYS RES, 99, 19719-19740.",NIU,1994,15
PAPER|GEOROC|CITATION_ID|6927,GEOROC,PAPER|GEOROC|CITATION_ID|6927,,[6927] OHKI J. (1994),OHKI,1994,9
PAPER|GEOROC|CITATION_ID|6407,GEOROC,PAPER|GEOROC|CITATION_ID|6407,,[6407] PEARCE J. A. (1994),PEARCE,1994,76
PAPER|GEOROC|CITATION_ID|1975,GEOROC,PAPER|GEOROC|CITATION_ID|1975,,[1975] PENG Z. X. (1994),PENG,1994,39
PAPER|GEOROC|CITATION_ID|1804,GEOROC,PAPER|GEOROC|CITATION_ID|1804,,[1804] REID D. L. (1994),REID,1994,9
PAPER|PETDB|CITATION_SHA1|3906913210f606fd,PetDB,PAPER|PETDB|CITATION_SHA1|3906913210f606fd,,"Ridley, W. I., Jonasson, I. R., ... Perfit, M. R. (1994). HYDROTHERMAL ALTERATION IN OCEANIC RIDGE VOLCANIS: A DETAILED STUDY AT THE GALAPAGOS FOSSIL HYDROTHERMAL FIELD. GEOCHIM COSMOCHIM ACTA, 58(11), 2477-2494.",RIDLEY,1994,8
PAPER|PETDB|CITATION_SHA1|b93042c18e423149,PetDB,PAPER|PETDB|CITATION_SHA1|b93042c18e423149,,"Roy-barman, M., Allegre, C. J. (1994). 187OS/186OS IN OCEANIC MID-OCEAN RIDGE BASALTS AND ABYSSAL PERIDOTITES. GEOCHIM COSMOCHIM ACTA, 58, 5043-5054.",ROYBARMAN,1994,2
PAPER|PETDB|CITATION_SHA1|e5add29c1ec0a2c7,PetDB,PAPER|PETDB|CITATION_SHA1|e5add29c1ec0a2c7,,"Satir, M., Bach, W., ... Hegner, E. (1994). CHEMICAL AND ISOTOPIC VARIATIONS ALONG THE SUPERFAST SPREADING EAST PACIFIC RISE FROM 6 DEGREE  TO 30 DEGREE S. CONTRIB MINERAL PETROL, 116, 365-380.",SATIR,1994,2
PAPER|GEOROC|CITATION_ID|6523,GEOROC,PAPER|GEOROC|CITATION_ID|6523,,[6523] SEN G. (1994),SEN,1994,14
PAPER|GEOROC|CITATION_ID|1978,GEOROC,PAPER|GEOROC|CITATION_ID|1978,,[1978] SETHNA S. F. (1994),SETHNA,1994,5
PAPER|GEOROC|CITATION_ID|2157,GEOROC,PAPER|GEOROC|CITATION_ID|2157,,[2157] SHIREY S. B. (1994),SHIREY,1994,33
PAPER|GEOROC|CITATION_ID|169,GEOROC,PAPER|GEOROC|CITATION_ID|169,,[169] SOBOLEV A. V. (1994),SOBOLEV,1994,1
PAPER|PETDB|CITATION_SHA1|fd92dc679c70f831,PetDB,PAPER|PETDB|CITATION_SHA1|fd92dc679c70f831,,"Stakes, D., Franklin, J. M. (1994). PETROLOGY OF IGNEOUS ROCKS AT MIDDLE VALLEY, JUAN DE FUCA RIDGE. PROC ODP, SCI RESULTS, 139, 79-102.",STAKES,1994,63
PAPER|GEOROC|CITATION_ID|12700,GEOROC,PAPER|GEOROC|CITATION_ID|12700,,[12700] SWEENEY R. J. (1994),SWEENEY,1994,34
PAPER|GEOROC|CITATION_ID|10193,GEOROC,PAPER|GEOROC|CITATION_ID|10193,,[10193] TAKIMOTO T. (1994),TAKIMOTO,1994,43
PAPER|GEOROC|CITATION_ID|6445,GEOROC,PAPER|GEOROC|CITATION_ID|6445,,[6445] TATSUMI Y. (1994),TATSUMI,1994,3
PAPER|GEOROC|CITATION_ID|12461,GEOROC,PAPER|GEOROC|CITATION_ID|12461,,[12461] TAZAKI K. (1994),TAZAKI,1994,3
PAPER|GEOROC|CITATION_ID|3497,GEOROC,PAPER|GEOROC|CITATION_ID|3497,,[3497] THIRLWALL M. F. (1994),THIRLWALL,1994,46
PAPER|GEOROC|CITATION_ID|3914,GEOROC,PAPER|GEOROC|CITATION_ID|3914,,[3914] WALLACE J. M. (1994),WALLACE,1994,27
PAPER|GEOROC|CITATION_ID|317,GEOROC,PAPER|GEOROC|CITATION_ID|317,,[317] WEST H. B. (1994),WEST,1994,6
PAPER|GEOROC|CITATION_ID|9528,GEOROC,PAPER|GEOROC|CITATION_ID|9528,,[9528] WOLDE B. (1994),WOLDE,1994,49
PAPER|GEOROC|CITATION_ID|6446,GEOROC,PAPER|GEOROC|CITATION_ID|6446,,[6446] YAMASHITA S. (1994),YAMASHITA,1994,19
PAPER|GEOROC|CITATION_ID|51,GEOROC,PAPER|GEOROC|CITATION_ID|51,,[51] YANG HUAI-JEN (1994),YANG,1994,12
PAPER|GEOROC|CITATION_ID|2331,GEOROC,PAPER|GEOROC|CITATION_ID|2331,,[2331] YOSHIDA M. (1994),YOSHIDA,1994,18
PAPER|GEOROC|CITATION_ID|8380,GEOROC,PAPER|GEOROC|CITATION_ID|8380,,[8380] ZHAO JIAN-XING (1994),ZHAO,1994,3
PAPER|PETDB|CITATION_SHA1|10b7e4aa36933242,PetDB,PAPER|PETDB|CITATION_SHA1|10b7e4aa36933242,,"Allan, J. F. (1995). DATA REPORT: TRACE ELEMENT GEOCHEMISTRY OF LEG 142 BASALTS BY INSTRUMENTAL NEUTRON ACTIVATION ANALYSIS. PROC ODP, SCI RESULTS, 142, 87-89.",ALLAN,1995,1
PAPER|PETDB|CITATION_SHA1|77524eef59aa5d05,PetDB,PAPER|PETDB|CITATION_SHA1|77524eef59aa5d05,,"Bach, W., Bostroem, K. (1995). DATA REPORT: CHEMICAL ANALYSES OF BASALTIC ROCKS: AN INTERLABORATORY COMPARISON. PROC ODP, SCI RESULTS, 142, 75-81.",BACH,1995,8
PAPER|GEOROC|CITATION_ID|5218,GEOROC,PAPER|GEOROC|CITATION_ID|5218,,[5218] BAKSI A. K.(1995)  [GeoReM [211] ],BAKSI,1995,9
PAPER|GEOROC|CITATION_ID|1407,GEOROC,PAPER|GEOROC|CITATION_ID|1407,,[1407] BOHRSON W. A. (1995),BOHRSON,1995,22
PAPER|GEOROC|CITATION_ID|789,GEOROC,PAPER|GEOROC|CITATION_ID|789,,[789] CAROFF M. (1995),CAROFF,1995,20
PAPER|PETDB|CITATION_SHA1|19ac94f3905490af,PetDB,PAPER|PETDB|CITATION_SHA1|19ac94f3905490af,,"Chase, R. L., Van Wagoner, N. A., ... Allan, J. F. (1995). MIXING OF MAGMAS FROM ENRICHED AND DEPLETED MANTLE SOURCES IN THE NORTHEAST PACIFIC: WEST VALLEY SEGMENT, JUAN DE FUCA RIDGE. CONTRIB MINERAL PETROL, 120, 337-357.",CHASE,1995,2
PAPER|GEOROC|CITATION_ID|66,GEOROC,PAPER|GEOROC|CITATION_ID|66,,[66] CHAUSSIDON M. (1995),CHAUSSIDON,1995,4
PAPER|GEOROC|CITATION_ID|54,GEOROC,PAPER|GEOROC|CITATION_ID|54,,[54] CLAGUE D. A. (1995),CLAGUE,1995,36
PAPER|GEOROC|CITATION_ID|778,GEOROC,PAPER|GEOROC|CITATION_ID|778,,[778] COTTEN J. (1995),COTTEN,1995,12
PAPER|GEOROC|CITATION_ID|4222,GEOROC,PAPER|GEOROC|CITATION_ID|4222,,[4222] DAVIDSON J. P. (1995),DAVIDSON,1995,3
PAPER|GEOROC|CITATION_ID|38,GEOROC,PAPER|GEOROC|CITATION_ID|38,,[38] DZURISIN D. (1995),DZURISIN,1995,17
PAPER|GEOROC|CITATION_ID|757,GEOROC,PAPER|GEOROC|CITATION_ID|757,,[757] EILER J. M. (1995),EILER,1995,9
PAPER|GEOROC|CITATION_ID|4542,GEOROC,PAPER|GEOROC|CITATION_ID|4542,,[4542] ELLIOT D. H. (1995),ELLIOT,1995,92
PAPER|PETDB|CITATION_SHA1|d5729a11721b19e5,PetDB,PAPER|PETDB|CITATION_SHA1|d5729a11721b19e5,,"Erzinger, J., Bach, W. (1995). VOLATILE COMPONENTS IN BASALTS AND BASALTIC GLASSES FROM THE EPR AT 9 DEG 30 N. PROC ODP, SCI RESULTS, 142, 23-29.",ERZINGER,1995,1
PAPER|GEOROC|CITATION_ID|4301,GEOROC,PAPER|GEOROC|CITATION_ID|4301,,[4301] FLEMING T. H. (1995),FLEMING,1995,9
PAPER|GEOROC|CITATION_ID|151,GEOROC,PAPER|GEOROC|CITATION_ID|151,,[151] GARCIA M. O. (1995),GARCIA,1995,23
PAPER|GEOROC|CITATION_ID|627,GEOROC,PAPER|GEOROC|CITATION_ID|627,,[627] GEIST D. J. (1995),GEIST,1995,8
PAPER|GEOROC|CITATION_ID|1127,GEOROC,PAPER|GEOROC|CITATION_ID|1127,,[1127] HARDS V. L. (1995),HARDS,1995,5
PAPER|PETDB|CITATION_SHA1|938bb3bea4be8728,PetDB,PAPER|PETDB|CITATION_SHA1|938bb3bea4be8728,,"Harpp, K. S. (1995). GEOCHEMICAL VARIATIONS IN A SINGLE BASALTIC FLOW AT 9 DEG 30 N ON THE EAST PACIFIC RISE. PROC ODP, SCI RESULTS, 142, 9-22.",HARPP,1995,4
PAPER|GEOROC|CITATION_ID|6313,GEOROC,PAPER|GEOROC|CITATION_ID|6313,,[6313] HART S. R. (1995),HART,1995,4
PAPER|GEOROC|CITATION_ID|2981,GEOROC,PAPER|GEOROC|CITATION_ID|2981,,[2981] HAWKESWORTH C. J. (1995),HAWKESWORTH,1995,24
PAPER|GEOROC|CITATION_ID|233,GEOROC,PAPER|GEOROC|CITATION_ID|233,,[233] HELZ R. T. (1995),HELZ,1995,3
PAPER|GEOROC|CITATION_ID|2829,GEOROC,PAPER|GEOROC|CITATION_ID|2829,,[2829] HOOPER P. R. (1995),HOOPER,1995,16
PAPER|GEOROC|CITATION_ID|2803,GEOROC,PAPER|GEOROC|CITATION_ID|2803,,[2803] HUNTER A. G. (1995),HUNTER,1995,15
PAPER|GEOROC|CITATION_ID|3574,GEOROC,PAPER|GEOROC|CITATION_ID|3574,,[3574] KANEKO T. (1995),KANEKO,1995,6
PAPER|GEOROC|CITATION_ID|5513,GEOROC,PAPER|GEOROC|CITATION_ID|5513,,[5513] KANEKO T. (1995),KANEKO,1995,1
PAPER|PETDB|CITATION_SHA1|a209c382994a8d9d,PetDB,PAPER|PETDB|CITATION_SHA1|a209c382994a8d9d,,"Keller, R. A., Duncan, R. A., ... Fisk, M. R. (1995). GEOCHEMISTRY AND 40AR/39AR GEOCHRONOLOGY OF BASALTS FROM ODP LEG 145 (NORTH PACIFIC TRANSECT). PROC ODP, SCI RESULTS, 145, 333-344.",KELLER,1995,1
PAPER|GEOROC|CITATION_ID|3491,GEOROC,PAPER|GEOROC|CITATION_ID|3491,,[3491] KENT R. W. (1995),KENT,1995,6
PAPER|GEOROC|CITATION_ID|2993,GEOROC,PAPER|GEOROC|CITATION_ID|2993,,[2993] KERR A. C. (1995),KERR,1995,11
PAPER|GEOROC|CITATION_ID|2994,GEOROC,PAPER|GEOROC|CITATION_ID|2994,,[2994] KERR A. C. (1995),KERR,1995,13
PAPER|GEOROC|CITATION_ID|3429,GEOROC,PAPER|GEOROC|CITATION_ID|3429,,[3429] KERR A. C. (1995),KERR,1995,18
PAPER|GEOROC|CITATION_ID|10373,GEOROC,PAPER|GEOROC|CITATION_ID|10373,,[10373] KOCHHAR N. (1995),KOCHHAR,1995,3
PAPER|GEOROC|CITATION_ID|13575,GEOROC,PAPER|GEOROC|CITATION_ID|13575,,[13575] KOSAKA T. (1995),KOSAKA,1995,15
PAPER|GEOROC|CITATION_ID|2639,GEOROC,PAPER|GEOROC|CITATION_ID|2639,,[2639] LASSITER J. C. (1995),LASSITER,1995,39
PAPER|GEOROC|CITATION_ID|4350,GEOROC,PAPER|GEOROC|CITATION_ID|4350,,[4350] LOPEZ-ESCOBAR L. (1995),LOPEZESCOBAR,1995,2
PAPER|GEOROC|CITATION_ID|7318,GEOROC,PAPER|GEOROC|CITATION_ID|7318,,[7318] LOPEZ-ESCOBAR L. (1995),LOPEZESCOBAR,1995,12
PAPER|GEOROC|CITATION_ID|531,GEOROC,PAPER|GEOROC|CITATION_ID|531,,[531] MAHONEY J. J. (1995),MAHONEY,1995,41
PAPER|GEOROC|CITATION_ID|221,GEOROC,PAPER|GEOROC|CITATION_ID|221,,[221] MANGAN M. T. (1995),MANGAN,1995,22
PAPER|GEOROC|CITATION_ID|916,GEOROC,PAPER|GEOROC|CITATION_ID|916,,[916] MARCANTONIO F. (1995),MARCANTONIO,1995,4
PAPER|GEOROC|CITATION_ID|1971,GEOROC,PAPER|GEOROC|CITATION_ID|1971,,[1971] MELLUSO L. (1995),MELLUSO,1995,38
PAPER|GEOROC|CITATION_ID|7081,GEOROC,PAPER|GEOROC|CITATION_ID|7081,,[7081] MIYASHITA S. (1995),MIYASHITA,1995,53
PAPER|GEOROC|CITATION_ID|150,GEOROC,PAPER|GEOROC|CITATION_ID|150,,[150] MONTIERTH C. M. (1995),MONTIERTH,1995,1
PAPER|GEOROC|CITATION_ID|15,GEOROC,PAPER|GEOROC|CITATION_ID|15,,[15] MOORE J. G. (1995),MOORE,1995,19
PAPER|GEOROC|CITATION_ID|709,GEOROC,PAPER|GEOROC|CITATION_ID|709,,[709] MUNGALL J. E. (1995),MUNGALL,1995,3
PAPER|PETDB|CITATION_SHA1|f2c108f1871aa915,PetDB,PAPER|PETDB|CITATION_SHA1|f2c108f1871aa915,,"Niu, Y., Hebert, R., ... Bideau, R. D. (1995). MAGMATISM IN THE GARRETT TRANSFORM FAULT (EAST PACIFIC RISE NEAR 13 DEGREE 27 S). J GEOPHYS RES, 100, 10163-10185.",NIU,1995,9
PAPER|GEOROC|CITATION_ID|920,GEOROC,PAPER|GEOROC|CITATION_ID|920,,[920] OVCHINNIKOVA G. V. (1995),OVCHINNIKOVA,1995,9
PAPER|GEOROC|CITATION_ID|8973,GEOROC,PAPER|GEOROC|CITATION_ID|8973,,[8973] POUCLET A. (1995),POUCLET,1995,2
PAPER|GEOROC|CITATION_ID|600,GEOROC,PAPER|GEOROC|CITATION_ID|600,,[600] REYNOLDS R. W. (1995),REYNOLDS,1995,29
PAPER|GEOROC|CITATION_ID|152,GEOROC,PAPER|GEOROC|CITATION_ID|152,,[152] RHODES J. M. (1995),RHODES,1995,13
PAPER|GEOROC|CITATION_ID|153,GEOROC,PAPER|GEOROC|CITATION_ID|153,,[153] RHODES J. M. (1995),RHODES,1995,35
PAPER|GEOROC|CITATION_ID|10133,GEOROC,PAPER|GEOROC|CITATION_ID|10133,,[10133] ROCHA DE MACEDO J. (1995),ROCHA,1995,15
PAPER|GEOROC|CITATION_ID|9788,GEOROC,PAPER|GEOROC|CITATION_ID|9788,,[9788] SANO T. (1995),SANO,1995,7
PAPER|GEOROC|CITATION_ID|2423,GEOROC,PAPER|GEOROC|CITATION_ID|2423,,[2423] SCARROW J. H. (1995),SCARROW,1995,12
PAPER|GEOROC|CITATION_ID|1126,GEOROC,PAPER|GEOROC|CITATION_ID|1126,,[1126] SCHIELLERUP H. (1995),SCHIELLERUP,1995,80
PAPER|GEOROC|CITATION_ID|3178,GEOROC,PAPER|GEOROC|CITATION_ID|3178,,[3178] STRAUB S. M. (1995),STRAUB,1995,2
PAPER|GEOROC|CITATION_ID|7294,GEOROC,PAPER|GEOROC|CITATION_ID|7294,,[7294] UEMATSU M. (1995),UEMATSU,1995,10
PAPER|PETDB|CITATION_SHA1|0d6a4b39bd58c6f8,PetDB,PAPER|PETDB|CITATION_SHA1|0d6a4b39bd58c6f8,,"Zolotarev, B. P., Kashinzev, G., ... Artamonov, A. (1995). DATA REPORT: GEOCHEMISTRY OF BASALTS AND GLASSES FROM THE EAST PACIFIC RISE AXIS ZONE AT 9 DEG 30.45 N, LEG 142. PROC ODP, SCI RESULTS, 142, 83-85.",ZOLOTAREV,1995,1
PAPER|GEOROC|CITATION_ID|2821,GEOROC,PAPER|GEOROC|CITATION_ID|2821,,[2821] BAKER J. A. (1996),BAKER,1996,52
PAPER|GEOROC|CITATION_ID|18137,GEOROC,PAPER|GEOROC|CITATION_ID|18137,,[18137] BARAGAR W. R. A. (1996),BARAGAR,1996,14
PAPER|GEOROC|CITATION_ID|3912,GEOROC,PAPER|GEOROC|CITATION_ID|3912,,[3912] BARRAT J.-A.(1996)  [GeoReM [226] ],BARRAT,1996,23
PAPER|PETDB|CITATION_SHA1|fdb9d74c633b9f22,PetDB,PAPER|PETDB|CITATION_SHA1|fdb9d74c633b9f22,,"Bollinger, C., Bougault, H., ... Erzinger, J. (1996). UNUSUALLY LARGE NB-TA DEPLETIONS IN NORTH CHILE RIDGE BASALTS AT 36 DEGREE 50Õ TO 38 DEGREE 56ÕS; MAJOR ELEMENT, TRACE ELEMENT, AND ISOTOPIC DATA. EARTH PLANET SCI LETT, 142, 223-240.",BOLLINGER,1996,23
PAPER|GEOROC|CITATION_ID|4536,GEOROC,PAPER|GEOROC|CITATION_ID|4536,,[4536] BREWER T. S. (1996),BREWER,1996,1
PAPER|GEOROC|CITATION_ID|1822,GEOROC,PAPER|GEOROC|CITATION_ID|1822,,[1822] BROWN P. E. (1996),BROWN,1996,3
PAPER|GEOROC|CITATION_ID|252,GEOROC,PAPER|GEOROC|CITATION_ID|252,,[252] CHEN CHU-YUNG (1996),CHEN,1996,43
PAPER|GEOROC|CITATION_ID|1180,GEOROC,PAPER|GEOROC|CITATION_ID|1180,,[1180] DOSTAL J. (1996),DOSTAL,1996,13
PAPER|GEOROC|CITATION_ID|8996,GEOROC,PAPER|GEOROC|CITATION_ID|8996,,[8996] DOSTAL J. (1996),DOSTAL,1996,14
PAPER|PETDB|CITATION_SHA1|82f1ad6aaa8414df,PetDB,PAPER|PETDB|CITATION_SHA1|82f1ad6aaa8414df,,"Edwards, M., Kirk, P. D., ... Fornari, D. J. (1996). RECENT VOLCANISM IN THE SIQUEIROS TRANSFORM FAULT: PICRITIC BASALTS AND IMPLICATIONS For MORB MAGMA GENESIS. EARTH PLANET SCI LETT, 141, 91-108.",EDWARDS,1996,7
PAPER|GEOROC|CITATION_ID|1556,GEOROC,PAPER|GEOROC|CITATION_ID|1556,,[1556] FREY F. A. (1996),FREY,1996,16
PAPER|GEOROC|CITATION_ID|220,GEOROC,PAPER|GEOROC|CITATION_ID|220,,[220] GARCIA M. O. (1996),GARCIA,1996,77
PAPER|GEOROC|CITATION_ID|5,GEOROC,PAPER|GEOROC|CITATION_ID|5,,[5] GARCIA M. O. (1996),GARCIA,1996,16
PAPER|GEOROC|CITATION_ID|11626,GEOROC,PAPER|GEOROC|CITATION_ID|11626,,[11626] GARLAND F. E. (1996),GARLAND,1996,14
PAPER|GEOROC|CITATION_ID|13768,GEOROC,PAPER|GEOROC|CITATION_ID|13768,,[13768] GONZALES FERRAN O. (1996),GONZALES,1996,2
PAPER|GEOROC|CITATION_ID|2519,GEOROC,PAPER|GEOROC|CITATION_ID|2519,,[2519] GRIBBLE R. F. (1996),GRIBBLE,1996,16
PAPER|GEOROC|CITATION_ID|801,GEOROC,PAPER|GEOROC|CITATION_ID|801,,[801] HAASE K. M. (1996),HAASE,1996,22
PAPER|PETDB|CITATION_SHA1|1bd3f2f0c22e170e,PetDB,PAPER|PETDB|CITATION_SHA1|1bd3f2f0c22e170e,,"Hall, L. S., Sinton, J. M. (1996). GEOCHEMICAL DIVERSITY OF THE LARGE LAVA FIELD ON THE FLANK OF THE EAST PACIFIC RISE AT 8 DEGREE 17ÕS. EARTH PLANET SCI LETT, 142, 241-251.",HALL,1996,19
PAPER|GEOROC|CITATION_ID|14154,GEOROC,PAPER|GEOROC|CITATION_ID|14154,,[14154] JOHNSON J. (1996),JOHNSON,1996,1
PAPER|GEOROC|CITATION_ID|2319,GEOROC,PAPER|GEOROC|CITATION_ID|2319,,[2319] KANEKO T. (1996),KANEKO,1996,7
PAPER|GEOROC|CITATION_ID|8804,GEOROC,PAPER|GEOROC|CITATION_ID|8804,,[8804] KENT R. W. (1996),KENT,1996,20
PAPER|GEOROC|CITATION_ID|5308,GEOROC,PAPER|GEOROC|CITATION_ID|5308,,[5308] KERR A. C. (1996),KERR,1996,5
PAPER|GEOROC|CITATION_ID|8203,GEOROC,PAPER|GEOROC|CITATION_ID|8203,,[8203] KERR A. C. (1996),KERR,1996,2
PAPER|GEOROC|CITATION_ID|3653,GEOROC,PAPER|GEOROC|CITATION_ID|3653,,[3653] KERSTING A. B. (1996),KERSTING,1996,13
PAPER|GEOROC|CITATION_ID|1624,GEOROC,PAPER|GEOROC|CITATION_ID|1624,,[1624] LE DEZ A. (1996),LE,1996,11
PAPER|GEOROC|CITATION_ID|11165,GEOROC,PAPER|GEOROC|CITATION_ID|11165,,[11165] LEE KUO-LIN (1996),LEE,1996,23
PAPER|GEOROC|CITATION_ID|19068,GEOROC,PAPER|GEOROC|CITATION_ID|19068,,[19068] MAHESHWARI A. (1996),MAHESHWARI,1996,1
PAPER|GEOROC|CITATION_ID|2141,GEOROC,PAPER|GEOROC|CITATION_ID|2141,,[2141] MARSHALL L. P. (1996),MARSHALL,1996,8
PAPER|GEOROC|CITATION_ID|1555,GEOROC,PAPER|GEOROC|CITATION_ID|1555,,[1555] MORTIMER N. (1996),MORTIMER,1996,13
PAPER|GEOROC|CITATION_ID|3462,GEOROC,PAPER|GEOROC|CITATION_ID|3462,,[3462] ORT M. H. (1996),ORT,1996,4
PAPER|GEOROC|CITATION_ID|1668,GEOROC,PAPER|GEOROC|CITATION_ID|1668,,[1668] PEATE D. W. (1996),PEATE,1996,82
PAPER|PETDB|CITATION_SHA1|9cf7ac4611853a94,PetDB,PAPER|PETDB|CITATION_SHA1|9cf7ac4611853a94,,"Pedersen, R. B., Malpas, J., ... Falloon, T. J. (1996). PETROLOGY AND GEOCHEMISTRY OF GABBROIC AND RELATED ROCKS FROM SITE 894, HESS DEEP. PROC ODP, SCI RESULTS, 147, 3-19.",PEDERSEN,1996,6
PAPER|GEOROC|CITATION_ID|14660,GEOROC,PAPER|GEOROC|CITATION_ID|14660,,[14660] PHILPOTTS A. R. (1996),PHILPOTTS,1996,11
PAPER|GEOROC|CITATION_ID|8805,GEOROC,PAPER|GEOROC|CITATION_ID|8805,,[8805] POORNACHANDRA RAO G. V. S. (1996),POORNACHANDRA,1996,16
PAPER|GEOROC|CITATION_ID|5265,GEOROC,PAPER|GEOROC|CITATION_ID|5265,,[5265] PUCHTEL I. S. (1996),PUCHTEL,1996,18
PAPER|GEOROC|CITATION_ID|1672,GEOROC,PAPER|GEOROC|CITATION_ID|1672,,[1672] RAYDER S. (1996),RAYDER,1996,15
PAPER|GEOROC|CITATION_ID|1799,GEOROC,PAPER|GEOROC|CITATION_ID|1799,,[1799] RENNE P. R. (1996),RENNE,1996,8
PAPER|GEOROC|CITATION_ID|2,GEOROC,PAPER|GEOROC|CITATION_ID|2,,[2] RHODES J. M. (1996),RHODES,1996,94
PAPER|PETDB|CITATION_SHA1|1d0a94ab81d72e68,PetDB,PAPER|PETDB|CITATION_SHA1|1d0a94ab81d72e68,,"Sinton, C. W., Duncan, R. A., ... Christie, D. M. (1996). GEOCHRONOLOGY OF GALAPAGOS SEAMOUNTS. J GEOPHYS RES, 101, 13689-13700.",SINTON,1996,3
PAPER|GEOROC|CITATION_ID|1303,GEOROC,PAPER|GEOROC|CITATION_ID|1303,,[1303] SPAETH A. (1996),SPAETH,1996,14
PAPER|GEOROC|CITATION_ID|2057,GEOROC,PAPER|GEOROC|CITATION_ID|2057,,[2057] TEJADA M. L. G. (1996),TEJADA,1996,51
PAPER|GEOROC|CITATION_ID|14858,GEOROC,PAPER|GEOROC|CITATION_ID|14858,,[14858] THORDARSON T. (1996),THORDARSON,1996,8
PAPER|GEOROC|CITATION_ID|829,GEOROC,PAPER|GEOROC|CITATION_ID|829,,[829] WEAVER B. L. (1996),WEAVER,1996,3
PAPER|GEOROC|CITATION_ID|4304,GEOROC,PAPER|GEOROC|CITATION_ID|4304,,[4304] WILHELM S. (1996),WILHELM,1996,6
PAPER|GEOROC|CITATION_ID|1199,GEOROC,PAPER|GEOROC|CITATION_ID|1199,,[1199] WOODHEAD J. D. (1996),WOODHEAD,1996,9
PAPER|GEOROC|CITATION_ID|222,GEOROC,PAPER|GEOROC|CITATION_ID|222,,[222] WRIGHT T. L. (1996),WRIGHT,1996,3
PAPER|GEOROC|CITATION_ID|915,GEOROC,PAPER|GEOROC|CITATION_ID|915,,[915] WULFF-PEDERSEN E. (1996),WULFFPEDERSEN,1996,1
PAPER|GEOROC|CITATION_ID|17201,GEOROC,PAPER|GEOROC|CITATION_ID|17201,,[17201] ZHANG MING (1996),ZHANG,1996,43
PAPER|GEOROC|CITATION_ID|1230,GEOROC,PAPER|GEOROC|CITATION_ID|1230,,[1230] ALBAREDE F.(1997)  [GeoReM [176] ],ALBAREDE,1997,78
PAPER|GEOROC|CITATION_ID|5242,GEOROC,PAPER|GEOROC|CITATION_ID|5242,,[5242] ARNDT N. T. (1997),ARNDT,1997,5
PAPER|GEOROC|CITATION_ID|504,GEOROC,PAPER|GEOROC|CITATION_ID|504,,[504] ASAVIN A. M. (1997),ASAVIN,1997,3
PAPER|GEOROC|CITATION_ID|15346,GEOROC,PAPER|GEOROC|CITATION_ID|15346,,[15346] BAILEY J. C. (1997),BAILEY,1997,8
PAPER|GEOROC|CITATION_ID|9382,GEOROC,PAPER|GEOROC|CITATION_ID|9382,,[9382] BAN M. (1997),BAN,1997,3
PAPER|GEOROC|CITATION_ID|545,GEOROC,PAPER|GEOROC|CITATION_ID|545,,[545] BLAIS S. (1997),BLAIS,1997,2
PAPER|GEOROC|CITATION_ID|1577,GEOROC,PAPER|GEOROC|CITATION_ID|1577,,[1577] CAROFF M. (1997),CAROFF,1997,6
PAPER|GEOROC|CITATION_ID|811,GEOROC,PAPER|GEOROC|CITATION_ID|811,,[811] CHAUVEL C. (1997),CHAUVEL,1997,6
PAPER|GEOROC|CITATION_ID|4108,GEOROC,PAPER|GEOROC|CITATION_ID|4108,,[4108] DRIL S. I. (1997),DRIL,1997,14
PAPER|GEOROC|CITATION_ID|18792,GEOROC,PAPER|GEOROC|CITATION_ID|18792,,[18792] DUDAS F. O. L. (1997),DUDAS,1997,11
PAPER|GEOROC|CITATION_ID|2374,GEOROC,PAPER|GEOROC|CITATION_ID|2374,,[2374] ELLIOTT T. R. (1997),ELLIOTT,1997,12
PAPER|GEOROC|CITATION_ID|1833,GEOROC,PAPER|GEOROC|CITATION_ID|1833,,[1833] FEDORENKO V. A. (1997),FEDORENKO,1997,23
PAPER|GEOROC|CITATION_ID|3488,GEOROC,PAPER|GEOROC|CITATION_ID|3488,,[3488] FRAM M. S. (1997),FRAM,1997,2
PAPER|GEOROC|CITATION_ID|1021,GEOROC,PAPER|GEOROC|CITATION_ID|1021,,[1021] GURENKO A. A. (1997),GURENKO,1997,6
PAPER|GEOROC|CITATION_ID|2270,GEOROC,PAPER|GEOROC|CITATION_ID|2270,,[2270] GUST D. A. (1997),GUST,1997,8
PAPER|GEOROC|CITATION_ID|806,GEOROC,PAPER|GEOROC|CITATION_ID|806,,[806] HAASE K. M. (1997),HAASE,1997,17
PAPER|GEOROC|CITATION_ID|2992,GEOROC,PAPER|GEOROC|CITATION_ID|2992,,[2992] HARDARSON B. S. (1997),HARDARSON,1997,14
PAPER|GEOROC|CITATION_ID|2903,GEOROC,PAPER|GEOROC|CITATION_ID|2903,,[2903] HART W. K. (1997),HART,1997,5
PAPER|GEOROC|CITATION_ID|2662,GEOROC,PAPER|GEOROC|CITATION_ID|2662,,[2662] HAURI E. H. (1997),HAURI,1997,16
PAPER|GEOROC|CITATION_ID|73,GEOROC,PAPER|GEOROC|CITATION_ID|73,,[73] HAURI E. H. (1997),HAURI,1997,15
PAPER|GEOROC|CITATION_ID|6451,GEOROC,PAPER|GEOROC|CITATION_ID|6451,,[6451] ISHIWATARI A. (1997),ISHIWATARI,1997,5
PAPER|GEOROC|CITATION_ID|4708,GEOROC,PAPER|GEOROC|CITATION_ID|4708,,[4708] KENT R. W. (1997),KENT,1997,36
PAPER|GEOROC|CITATION_ID|2908,GEOROC,PAPER|GEOROC|CITATION_ID|2908,,[2908] KERR A. C. (1997),KERR,1997,60
PAPER|GEOROC|CITATION_ID|1350,GEOROC,PAPER|GEOROC|CITATION_ID|1350,,[1350] KOGISO T. (1997),KOGISO,1997,66
PAPER|GEOROC|CITATION_ID|2426,GEOROC,PAPER|GEOROC|CITATION_ID|2426,,[2426] LIGHTFOOT P. C. (1997),LIGHTFOOT,1997,50
PAPER|GEOROC|CITATION_ID|7427,GEOROC,PAPER|GEOROC|CITATION_ID|7427,,[7427] LOPEZ-ESCOBAR L. (1997),LOPEZESCOBAR,1997,2
PAPER|GEOROC|CITATION_ID|4597,GEOROC,PAPER|GEOROC|CITATION_ID|4597,,[4597] LUTTINEN A. V. (1997),LUTTINEN,1997,15
PAPER|GEOROC|CITATION_ID|4709,GEOROC,PAPER|GEOROC|CITATION_ID|4709,,[4709] MARSH J. S. (1997),MARSH,1997,73
PAPER|GEOROC|CITATION_ID|1834,GEOROC,PAPER|GEOROC|CITATION_ID|1834,,[1834] MELLUSO L. (1997),MELLUSO,1997,22
PAPER|GEOROC|CITATION_ID|9366,GEOROC,PAPER|GEOROC|CITATION_ID|9366,,[9366] MORRIS P. A. (1997),MORRIS,1997,22
PAPER|GEOROC|CITATION_ID|941,GEOROC,PAPER|GEOROC|CITATION_ID|941,,[941] NEUMANN E.-R. (1997),NEUMANN,1997,2
PAPER|GEOROC|CITATION_ID|14759,GEOROC,PAPER|GEOROC|CITATION_ID|14759,,[14759] PECCERILLO A. (1997),PECCERILLO,1997,3
PAPER|GEOROC|CITATION_ID|14166,GEOROC,PAPER|GEOROC|CITATION_ID|14166,,[14166] PRESLEY T. K. (1997),PRESLEY,1997,11
PAPER|GEOROC|CITATION_ID|5238,GEOROC,PAPER|GEOROC|CITATION_ID|5238,,[5238] PUCHTEL I. S. (1997),PUCHTEL,1997,29
PAPER|GEOROC|CITATION_ID|1241,GEOROC,PAPER|GEOROC|CITATION_ID|1241,,[1241] PUZANKOV M. YU. (1997),PUZANKOV,1997,14
PAPER|GEOROC|CITATION_ID|6467,GEOROC,PAPER|GEOROC|CITATION_ID|6467,,[6467] SHERATON J. W. (1997),SHERATON,1997,3
PAPER|GEOROC|CITATION_ID|7025,GEOROC,PAPER|GEOROC|CITATION_ID|7025,,[7025] SHUTO K. (1997),SHUTO,1997,24
PAPER|GEOROC|CITATION_ID|5873,GEOROC,PAPER|GEOROC|CITATION_ID|5873,,[5873] SINTON C. W. (1997),SINTON,1997,8
PAPER|GEOROC|CITATION_ID|2413,GEOROC,PAPER|GEOROC|CITATION_ID|2413,,[2413] STOREY M. (1997),STOREY,1997,22
PAPER|GEOROC|CITATION_ID|6351,GEOROC,PAPER|GEOROC|CITATION_ID|6351,,[6351] THERIAULT R. J. (1997),THERIAULT,1997,2
PAPER|GEOROC|CITATION_ID|856,GEOROC,PAPER|GEOROC|CITATION_ID|856,,[856] THIRLWALL M. F. (1997),THIRLWALL,1997,70
PAPER|GEOROC|CITATION_ID|2336,GEOROC,PAPER|GEOROC|CITATION_ID|2336,,[2336] TOGASHI S. (1997),TOGASHI,1997,3
PAPER|GEOROC|CITATION_ID|2495,GEOROC,PAPER|GEOROC|CITATION_ID|2495,,[2495] TURNER SIMON P. (1997),TURNER,1997,14
PAPER|GEOROC|CITATION_ID|696,GEOROC,PAPER|GEOROC|CITATION_ID|696,,[696] TURNER SIMON P. (1997),TURNER,1997,23
PAPER|GEOROC|CITATION_ID|697,GEOROC,PAPER|GEOROC|CITATION_ID|697,,[697] WIDOM E. (1997),WIDOM,1997,9
PAPER|GEOROC|CITATION_ID|2174,GEOROC,PAPER|GEOROC|CITATION_ID|2174,,[2174] WIRTH K. R. (1997),WIRTH,1997,12
PAPER|GEOROC|CITATION_ID|1627,GEOROC,PAPER|GEOROC|CITATION_ID|1627,,[1627] WOLFE E. W. (1997),WOLFE,1997,197
PAPER|GEOROC|CITATION_ID|849,GEOROC,PAPER|GEOROC|CITATION_ID|849,,[849] ABLAY G. J. (1998),ABLAY,1998,1
PAPER|GEOROC|CITATION_ID|4106,GEOROC,PAPER|GEOROC|CITATION_ID|4106,,[4106] BACH W. (1998),BACH,1998,5
PAPER|GEOROC|CITATION_ID|1626,GEOROC,PAPER|GEOROC|CITATION_ID|1626,,[1626] BRYAN S. E. (1998),BRYAN,1998,1
PAPER|GEOROC|CITATION_ID|850,GEOROC,PAPER|GEOROC|CITATION_ID|850,,[850] CLASS C. (1998),CLASS,1998,41
PAPER|GEOROC|CITATION_ID|1298,GEOROC,PAPER|GEOROC|CITATION_ID|1298,,[1298] CLAUDE-IVANAJ C.(1998)  [GeoReM [2805] ],CLAUDEIVANAJ,1998,21
PAPER|PETDB|CITATION_SHA1|ce8e12c20939b930,PetDB,PAPER|PETDB|CITATION_SHA1|ce8e12c20939b930,,"Davis, A. S., White, W. M., ... Clague, D. A. (1998). GEOCHEMISTRY OF BASALT FROM ESCANABA TROUGH: EVIDENCE FOR SEDIMENT CONTAMINATION. J PETROL, 39, 841-858.",DAVIS,1998,1
PAPER|GEOROC|CITATION_ID|1331,GEOROC,PAPER|GEOROC|CITATION_ID|1331,,[1331] DENIEL C. (1998),DENIEL,1998,15
PAPER|GEOROC|CITATION_ID|14631,GEOROC,PAPER|GEOROC|CITATION_ID|14631,,[14631] DOSTAL J. (1998),DOSTAL,1998,9
PAPER|GEOROC|CITATION_ID|3913,GEOROC,PAPER|GEOROC|CITATION_ID|3913,,[3913] ELLAM R. M. (1998),ELLAM,1998,13
PAPER|GEOROC|CITATION_ID|2414,GEOROC,PAPER|GEOROC|CITATION_ID|2414,,[2414] EWART A. (1998),EWART,1998,11
PAPER|GEOROC|CITATION_ID|2990,GEOROC,PAPER|GEOROC|CITATION_ID|2990,,[2990] FITTON J. G. (1998),FITTON,1998,72
PAPER|GEOROC|CITATION_ID|184,GEOROC,PAPER|GEOROC|CITATION_ID|184,,[184] GARCIA M. O. (1998),GARCIA,1998,8
PAPER|GEOROC|CITATION_ID|853,GEOROC,PAPER|GEOROC|CITATION_ID|853,,[853] GEE M. A. M. (1998),GEE,1998,15
PAPER|GEOROC|CITATION_ID|3410,GEOROC,PAPER|GEOROC|CITATION_ID|3410,,[3410] GELDMACHER J. (1998),GELDMACHER,1998,29
PAPER|GEOROC|CITATION_ID|2372,GEOROC,PAPER|GEOROC|CITATION_ID|2372,,[2372] GRIBBLE R. F. (1998),GRIBBLE,1998,16
PAPER|PETDB|CITATION_SHA1|b51e4deb67bc42e2,PetDB,PAPER|PETDB|CITATION_SHA1|b51e4deb67bc42e2,,"Guillou, H., Bougault, H., ... Vlastelic, I. (1998). GEOCHEMISTRY OF THE HOLLISTER RIDGE: RELATION WITH THE LOUISVILLE HOTSPOT AND THE PACIFIC-ANTARCTIC RIDGE. EARTH PLANET SCI LETT, 160, 777-793.",GUILLOU,1998,3
PAPER|GEOROC|CITATION_ID|6765,GEOROC,PAPER|GEOROC|CITATION_ID|6765,,[6765] GUNNARSSON B. (1998),GUNNARSSON,1998,3
PAPER|PETDB|CITATION_SHA1|93efce9a748a4944,PetDB,PAPER|PETDB|CITATION_SHA1|93efce9a748a4944,,"Humphris, S. E., Smith, S. E. (1998). GEOCHEMISTRY OF BASALTIC ROCKS FROM THE TAG HYDROTHERMAL MOUND (26 DEG 08 N), MID-ATLANTIC RIDGE. PROC ODP, SCI RESULTS, 158, 213-229.",HUMPHRIS,1998,15
PAPER|GEOROC|CITATION_ID|781,GEOROC,PAPER|GEOROC|CITATION_ID|781,,[781] IELSCH G. (1998),IELSCH,1998,4
PAPER|GEOROC|CITATION_ID|4095,GEOROC,PAPER|GEOROC|CITATION_ID|4095,,[4095] IKEDA Y. (1998),IKEDA,1998,8
PAPER|GEOROC|CITATION_ID|6353,GEOROC,PAPER|GEOROC|CITATION_ID|6353,,[6353] LARSEN L. M. (1998),LARSEN,1998,79
PAPER|PETDB|CITATION_SHA1|0cc3823141522d67,PetDB,PAPER|PETDB|CITATION_SHA1|0cc3823141522d67,,"Le Roex, A. P. (1998). SUBMITTED DATA SET: MAJOR AND TRACE ELEMENT AND MINERAL COMPOSITIONS OF BASALTS FROM THE AGULHAS 32 CRUISE, SOUTHERN MID-ATLANTIC RIDGE.",LEROEX,1998,73
PAPER|GEOROC|CITATION_ID|1691,GEOROC,PAPER|GEOROC|CITATION_ID|1691,,[1691] LUTTINEN A. V. (1998),LUTTINEN,1998,25
PAPER|GEOROC|CITATION_ID|12925,GEOROC,PAPER|GEOROC|CITATION_ID|12925,,[12925] NARANJO J. A. (1998),NARANJO,1998,1
PAPER|GEOROC|CITATION_ID|3271,GEOROC,PAPER|GEOROC|CITATION_ID|3271,,[3271] OHTA E. (1998),OHTA,1998,5
PAPER|GEOROC|CITATION_ID|1480,GEOROC,PAPER|GEOROC|CITATION_ID|1480,,[1480] PAN Y. (1998),PAN,1998,21
PAPER|GEOROC|CITATION_ID|1760,GEOROC,PAPER|GEOROC|CITATION_ID|1760,,[1760] PANDIT M. K. (1998),PANDIT,1998,11
PAPER|GEOROC|CITATION_ID|1757,GEOROC,PAPER|GEOROC|CITATION_ID|1757,,[1757] PENG Z. X. (1998),PENG,1998,81
PAPER|PETDB|CITATION_SHA1|414d7a1f7d672d4d,PetDB,PAPER|PETDB|CITATION_SHA1|414d7a1f7d672d4d,,"Perfit, M. R., Jonasson, I. R., ... Ridley, W. I. (1998). GEOLOGIC, PETROLOGIC AND GEOCHEMICAL RELATIONSHIPS BETWEEN MAGMATISM AND MASSIVE SULFIDE MINERALIZATION ALONG THE EASTERN GALAPAGOS SPREADING CENTER. REVIEWS ECON GEOL, 100.",PERFIT,1998,27
PAPER|GEOROC|CITATION_ID|1693,GEOROC,PAPER|GEOROC|CITATION_ID|1693,,[1693] PIK R. (1998),PIK,1998,40
PAPER|GEOROC|CITATION_ID|1826,GEOROC,PAPER|GEOROC|CITATION_ID|1826,,[1826] REIDEL S. P. (1998),REIDEL,1998,25
PAPER|GEOROC|CITATION_ID|246,GEOROC,PAPER|GEOROC|CITATION_ID|246,,[246] REINERS P. W. (1998),REINERS,1998,18
PAPER|GEOROC|CITATION_ID|2371,GEOROC,PAPER|GEOROC|CITATION_ID|2371,,[2371] SANO Y. (1998),SANO,1998,11
PAPER|GEOROC|CITATION_ID|1475,GEOROC,PAPER|GEOROC|CITATION_ID|1475,,[1475] SCHMINCKE H.-U. (1998),SCHMINCKE,1998,2
PAPER|GEOROC|CITATION_ID|4752,GEOROC,PAPER|GEOROC|CITATION_ID|4752,,[4752] SCHMINCKE H.-U. (1998),SCHMINCKE,1998,104
PAPER|GEOROC|CITATION_ID|4019,GEOROC,PAPER|GEOROC|CITATION_ID|4019,,[4019] SHIMODA G. (1998),SHIMODA,1998,2
PAPER|GEOROC|CITATION_ID|4010,GEOROC,PAPER|GEOROC|CITATION_ID|4010,,[4010] SLATER R. A. (1998),SLATER,1998,45
PAPER|GEOROC|CITATION_ID|17010,GEOROC,PAPER|GEOROC|CITATION_ID|17010,,[17010] SONG SUCK HWAN (1998),SONG,1998,5
PAPER|GEOROC|CITATION_ID|1506,GEOROC,PAPER|GEOROC|CITATION_ID|1506,,[1506] STANDISH J. (1998),STANDISH,1998,9
PAPER|GEOROC|CITATION_ID|1209,GEOROC,PAPER|GEOROC|CITATION_ID|1209,,[1209] STECHER O. (1998),STECHER,1998,24
PAPER|GEOROC|CITATION_ID|9688,GEOROC,PAPER|GEOROC|CITATION_ID|9688,,[9688] SUDO M. (1998),SUDO,1998,41
PAPER|GEOROC|CITATION_ID|2328,GEOROC,PAPER|GEOROC|CITATION_ID|2328,,[2328] TAYLOR R. N. (1998),TAYLOR,1998,13
PAPER|GEOROC|CITATION_ID|7997,GEOROC,PAPER|GEOROC|CITATION_ID|7997,,[7997] THOMPSON GARY M. (1998),THOMPSON,1998,2
PAPER|GEOROC|CITATION_ID|854,GEOROC,PAPER|GEOROC|CITATION_ID|854,,[854] VANNUCCI R. (1998),VANNUCCI,1998,1
PAPER|GEOROC|CITATION_ID|847,GEOROC,PAPER|GEOROC|CITATION_ID|847,,[847] WEIS D. (1998),WEIS,1998,8
PAPER|GEOROC|CITATION_ID|2703,GEOROC,PAPER|GEOROC|CITATION_ID|2703,,[2703] WOODHEAD J. D. (1998),WOODHEAD,1998,3
PAPER|GEOROC|CITATION_ID|973,GEOROC,PAPER|GEOROC|CITATION_ID|973,,[973] YANG HUAI-JEN (1998),YANG,1998,55
PAPER|GEOROC|CITATION_ID|7825,GEOROC,PAPER|GEOROC|CITATION_ID|7825,,[7825] ANTONINI P. (1999),ANTONINI,1999,16
PAPER|GEOROC|CITATION_ID|20939,GEOROC,PAPER|GEOROC|CITATION_ID|20939,,[20939] BARFOD D. N. (1999),BARFOD,1999,1
PAPER|GEOROC|CITATION_ID|19065,GEOROC,PAPER|GEOROC|CITATION_ID|19065,,[19065] BHUSHAN S. K. (1999),BHUSHAN,1999,5
PAPER|GEOROC|CITATION_ID|1530,GEOROC,PAPER|GEOROC|CITATION_ID|1530,,[1530] CAROFF M. (1999),CAROFF,1999,47
PAPER|GEOROC|CITATION_ID|1455,GEOROC,PAPER|GEOROC|CITATION_ID|1455,,[1455] CASHMAN K. V. (1999),CASHMAN,1999,7
PAPER|GEOROC|CITATION_ID|4058,GEOROC,PAPER|GEOROC|CITATION_ID|4058,,[4058] CHANDRASEKHARAM D. (1999),CHANDRASEKHARAM,1999,7
PAPER|GEOROC|CITATION_ID|1285,GEOROC,PAPER|GEOROC|CITATION_ID|1285,,[1285] CHENG Q. C. (1999),CHENG,1999,19
PAPER|GEOROC|CITATION_ID|8582,GEOROC,PAPER|GEOROC|CITATION_ID|8582,,[8582] CHERNET T. (1999),CHERNET,1999,5
PAPER|GEOROC|CITATION_ID|1548,GEOROC,PAPER|GEOROC|CITATION_ID|1548,,[1548] CLAGUE D. A. (1999),CLAGUE,1999,12
PAPER|GEOROC|CITATION_ID|14890,GEOROC,PAPER|GEOROC|CITATION_ID|14890,,[14890] DEBARI S. M. (1999),DEBARI,1999,6
PAPER|PETDB|CITATION_SHA1|b3e52765b7e8b539,PetDB,PAPER|PETDB|CITATION_SHA1|b3e52765b7e8b539,,"Dosso, L., Langmuir, C. H., ... Bougault, H. (1999). THE AGE AND DISTRIBUTION OF MANTLE HETEROGENEITY ALONG THE MID-ATLANTIC RIDGE (31-41 DEG N). EARTH PLANET SCI LETT, 170, 269-286.",DOSSO,1999,9
PAPER|GEOROC|CITATION_ID|1559,GEOROC,PAPER|GEOROC|CITATION_ID|1559,,[1559] ELLIOT D. H. (1999),ELLIOT,1999,10
PAPER|GEOROC|CITATION_ID|1267,GEOROC,PAPER|GEOROC|CITATION_ID|1267,,[1267] GUY C. (1999),GUY,1999,2
PAPER|GEOROC|CITATION_ID|3490,GEOROC,PAPER|GEOROC|CITATION_ID|3490,,[3490] HANSEN H. (1999),HANSEN,1999,25
PAPER|GEOROC|CITATION_ID|6218,GEOROC,PAPER|GEOROC|CITATION_ID|6218,,[6218] HILDRETH W. (1999),HILDRETH,1999,1
PAPER|GEOROC|CITATION_ID|1495,GEOROC,PAPER|GEOROC|CITATION_ID|1495,,[1495] HILTON D. R. (1999),HILTON,1999,1
PAPER|PETDB|CITATION_SHA1|d151c0aed76acd1c,PetDB,PAPER|PETDB|CITATION_SHA1|d151c0aed76acd1c,,"Hoernle, K., Van Den Bogaard, P., ... Mocek, B. (1999). EVIDENCE FOR MIOCENE SUBDUCTION BENEATH THE ALBORAN SEA: AR40_AR39 DATING AND GEOCHEMISTRY OF VOLCANIC ROCKS FROM HOLES 977A AND 978A. PROC ODP, SCI RESULTS, 161, 357-373.",HOERNLE,1999,2
PAPER|GEOROC|CITATION_ID|5867,GEOROC,PAPER|GEOROC|CITATION_ID|5867,,[5867] HOOPER P. R. (1999),HOOPER,1999,35
PAPER|GEOROC|CITATION_ID|9176,GEOROC,PAPER|GEOROC|CITATION_ID|9176,,[9176] ITO J. (1999),ITO,1999,1
PAPER|GEOROC|CITATION_ID|1275,GEOROC,PAPER|GEOROC|CITATION_ID|1275,,[1275] JACKSON M. C. (1999),JACKSON,1999,24
PAPER|GEOROC|CITATION_ID|2996,GEOROC,PAPER|GEOROC|CITATION_ID|2996,,[2996] KERR A. C. (1999),KERR,1999,28
PAPER|GEOROC|CITATION_ID|13259,GEOROC,PAPER|GEOROC|CITATION_ID|13259,,[13259] KIM KYU HAN (1999),KIM,1999,4
PAPER|GEOROC|CITATION_ID|3511,GEOROC,PAPER|GEOROC|CITATION_ID|3511,,[3511] KIMURA J.-I. (1999),KIMURA,1999,66
PAPER|GEOROC|CITATION_ID|2790,GEOROC,PAPER|GEOROC|CITATION_ID|2790,,[2790] KRISHNAMURTHY P. (1999),KRISHNAMURTHY,1999,4
PAPER|GEOROC|CITATION_ID|15421,GEOROC,PAPER|GEOROC|CITATION_ID|15421,,[15421] KRUK N. N. (1999),KRUK,1999,10
PAPER|GEOROC|CITATION_ID|1497,GEOROC,PAPER|GEOROC|CITATION_ID|1497,,[1497] KURZ M. D. (1999),KURZ,1999,16
PAPER|GEOROC|CITATION_ID|9716,GEOROC,PAPER|GEOROC|CITATION_ID|9716,,[9716] LAPIERRE H. (1999),LAPIERRE,1999,5
PAPER|GEOROC|CITATION_ID|4164,GEOROC,PAPER|GEOROC|CITATION_ID|4164,,[4164] LARSEN L. M. (1999),LARSEN,1999,28
PAPER|GEOROC|CITATION_ID|6012,GEOROC,PAPER|GEOROC|CITATION_ID|6012,,[6012] LARSEN L. M. (1999),LARSEN,1999,4
PAPER|PETDB|CITATION_SHA1|22196c3eca5b0a17,PetDB,PAPER|PETDB|CITATION_SHA1|22196c3eca5b0a17,,"Lundstrom, C. C., Perfit, M. R., ... Sampson, D. E. (1999). INSIGHTS INTO MID-OCEAN RIDGE BASALT PETROGENESIS: U-SERIES DISEQUILIBRIA FROM THE SIQUEIROS TRANSFORM, LAMONT SEAMOUNTS, AND THE EAST PACIFIC RISE. J GEOPHYS RES, 104, 13035-13048.",LUNDSTROM,1999,1
PAPER|GEOROC|CITATION_ID|12771,GEOROC,PAPER|GEOROC|CITATION_ID|12771,,[12771] MARQUES L. S. (1999),MARQUES,1999,4
PAPER|GEOROC|CITATION_ID|12770,GEOROC,PAPER|GEOROC|CITATION_ID|12770,,[12770] MARZOLI A. (1999),MARZOLI,1999,3
PAPER|GEOROC|CITATION_ID|2921,GEOROC,PAPER|GEOROC|CITATION_ID|2921,,[2921] MICHAEL P. J. (1999),MICHAEL,1999,32
PAPER|GEOROC|CITATION_ID|7369,GEOROC,PAPER|GEOROC|CITATION_ID|7369,,[7369] MORRIS P. A. (1999),MORRIS,1999,4
PAPER|GEOROC|CITATION_ID|11780,GEOROC,PAPER|GEOROC|CITATION_ID|11780,,[11780] MUNYANYIWA H. (1999),MUNYANYIWA,1999,3
PAPER|GEOROC|CITATION_ID|9808,GEOROC,PAPER|GEOROC|CITATION_ID|9808,,[9808] NEUHOFF P. S. (1999),NEUHOFF,1999,5
PAPER|GEOROC|CITATION_ID|1501,GEOROC,PAPER|GEOROC|CITATION_ID|1501,,[1501] NEUMANN E.-R. (1999),NEUMANN,1999,41
PAPER|GEOROC|CITATION_ID|5803,GEOROC,PAPER|GEOROC|CITATION_ID|5803,,[5803] PEARCE J. A. (1999),PEARCE,1999,2
PAPER|GEOROC|CITATION_ID|14983,GEOROC,PAPER|GEOROC|CITATION_ID|14983,,[14983] PEATE D. W. (1999),PEATE,1999,76
PAPER|GEOROC|CITATION_ID|8948,GEOROC,PAPER|GEOROC|CITATION_ID|8948,,[8948] PE-PIPER G. (1999),PEPIPER,1999,4
PAPER|PETDB|CITATION_SHA1|8492ccc571c67998,PetDB,PAPER|PETDB|CITATION_SHA1|8492ccc571c67998,,"Rehkaemper, M., Halliday, A. N., ... Arndt, N. (1999). Ir, Ru, Pt, AND Pb IN BASALTS AND KOMATIITES: NEW CONSTRAINTS FOR THE GEOCHEMICAL BEHAVIOR OF THE PLATINUM-GROUP ELEMENTS IN THE MANTLE. GEOCHIM COSMOCHIM ACTA, 63, 3915-3934.",REHKAEMPER,1999,1
PAPER|GEOROC|CITATION_ID|1493,GEOROC,PAPER|GEOROC|CITATION_ID|1493,,[1493] REHKÄMPER M. (1999),REHKAMPER,1999,1
PAPER|GEOROC|CITATION_ID|1606,GEOROC,PAPER|GEOROC|CITATION_ID|1606,,[1606] REVILLON S. (1999),REVILLON,1999,2
PAPER|GEOROC|CITATION_ID|7990,GEOROC,PAPER|GEOROC|CITATION_ID|7990,,[7990] REYNAUD C. (1999),REYNAUD,1999,7
PAPER|PETDB|CITATION_SHA1|9ea79ce02fcba5e0,PetDB,PAPER|PETDB|CITATION_SHA1|9ea79ce02fcba5e0,,"Schilling, J., Fontignie, D., ... Kingsley, R. H. (1999). DISPERSION OF THE JAN MAYEN AND ICELAND MANTLE PLUMES IN THE ARCTIC: A HE-PB-ND-SR ISOTOPE TRACER STUDY OF BASALTS FROM THE KOLBEINSEY, MOHNS, AND KNIPOVICH RIDGES. J GEOPHYS RES, 104, 10543-10569.",SCHILLING,1999,1
PAPER|GEOROC|CITATION_ID|1758,GEOROC,PAPER|GEOROC|CITATION_ID|1758,,[1758] SETHNA S. F. (1999),SETHNA,1999,14
PAPER|GEOROC|CITATION_ID|1496,GEOROC,PAPER|GEOROC|CITATION_ID|1496,,[1496] SIMS K. W. W. (1999),SIMS,1999,15
PAPER|GEOROC|CITATION_ID|982,GEOROC,PAPER|GEOROC|CITATION_ID|982,,[982] STECHER O. (1999),STECHER,1999,4
PAPER|GEOROC|CITATION_ID|7833,GEOROC,PAPER|GEOROC|CITATION_ID|7833,,[7833] STRECK M. J. (1999),STRECK,1999,8
PAPER|GEOROC|CITATION_ID|1499,GEOROC,PAPER|GEOROC|CITATION_ID|1499,,[1499] THOMAS L. E. (1999),THOMAS,1999,26
PAPER|GEOROC|CITATION_ID|12773,GEOROC,PAPER|GEOROC|CITATION_ID|12773,,[12773] TURNER SIMON P. (1999),TURNER,1999,20
PAPER|GEOROC|CITATION_ID|12774,GEOROC,PAPER|GEOROC|CITATION_ID|12774,,[12774] TURNER SIMON P. (1999),TURNER,1999,20
PAPER|PETDB|CITATION_SHA1|51b2bee44c4eb239,PetDB,PAPER|PETDB|CITATION_SHA1|51b2bee44c4eb239,,"Vlastelic, I., Dosso, L., ... Aslanian, D. (1999). LARGE-SCALE CHEMICAL AND THERMAL DIVISION OF THE PACIFIC MANTLE. NATURE, 399, 345-350.",VLASTELIC,1999,2
PAPER|GEOROC|CITATION_ID|1608,GEOROC,PAPER|GEOROC|CITATION_ID|1608,,[1608] WHITE R. V. (1999),WHITE,1999,5
PAPER|GEOROC|CITATION_ID|12555,GEOROC,PAPER|GEOROC|CITATION_ID|12555,,[12555] ZANETTIN B. (1999),ZANETTIN,1999,30
PAPER|GEOROC|CITATION_ID|4796,GEOROC,PAPER|GEOROC|CITATION_ID|4796,,[4796] ALLAN J. F.(2000)  [GeoReM [180] ],ALLAN,2000,48
PAPER|GEOROC|CITATION_ID|8969,GEOROC,PAPER|GEOROC|CITATION_ID|8969,,[8969] BERTOTTO G. W. (2000),BERTOTTO,2000,3
PAPER|GEOROC|CITATION_ID|9902,GEOROC,PAPER|GEOROC|CITATION_ID|9902,,[9902] BLAIS S. (2000),BLAIS,2000,5
PAPER|GEOROC|CITATION_ID|2733,GEOROC,PAPER|GEOROC|CITATION_ID|2733,,[2733] CHANDRASEKHARAM D. (2000),CHANDRASEKHARAM,2000,2
PAPER|GEOROC|CITATION_ID|2653,GEOROC,PAPER|GEOROC|CITATION_ID|2653,,[2653] CROCKET J. H. (2000),CROCKET,2000,4
PAPER|GEOROC|CITATION_ID|5561,GEOROC,PAPER|GEOROC|CITATION_ID|5561,,[5561] CZAMANSKE G. K. (2000),CZAMANSKE,2000,5
PAPER|GEOROC|CITATION_ID|5216,GEOROC,PAPER|GEOROC|CITATION_ID|5216,,[5216] DAVID K. (2000),DAVID,2000,11
PAPER|GEOROC|CITATION_ID|14688,GEOROC,PAPER|GEOROC|CITATION_ID|14688,,[14688] DE MIN A. (2000),DE,2000,56
PAPER|GEOROC|CITATION_ID|14689,GEOROC,PAPER|GEOROC|CITATION_ID|14689,,[14689] ERNESTO M. (2000),ERNESTO,2000,8
PAPER|GEOROC|CITATION_ID|2779,GEOROC,PAPER|GEOROC|CITATION_ID|2779,,[2779] FITTON J. G. (2000),FITTON,2000,101
PAPER|GEOROC|CITATION_ID|1634,GEOROC,PAPER|GEOROC|CITATION_ID|1634,,[1634] FREY F. A. (2000),FREY,2000,31
PAPER|GEOROC|CITATION_ID|7024,GEOROC,PAPER|GEOROC|CITATION_ID|7024,,[7024] FUKASE M. (2000),FUKASE,2000,7
PAPER|GEOROC|CITATION_ID|2778,GEOROC,PAPER|GEOROC|CITATION_ID|2778,,[2778] GARCIA M. O. (2000),GARCIA,2000,365
PAPER|GEOROC|CITATION_ID|3348,GEOROC,PAPER|GEOROC|CITATION_ID|3348,,[3348] GELDMACHER J. (2000),GELDMACHER,2000,164
PAPER|GEOROC|CITATION_ID|1702,GEOROC,PAPER|GEOROC|CITATION_ID|1702,,[1702] GIBSON S. A. (2000),GIBSON,2000,7
PAPER|GEOROC|CITATION_ID|4829,GEOROC,PAPER|GEOROC|CITATION_ID|4829,,[4829] GUILLOU H. (2000),GUILLOU,2000,16
PAPER|GEOROC|CITATION_ID|7268,GEOROC,PAPER|GEOROC|CITATION_ID|7268,,[7268] HALD N. (2000),HALD,2000,67
PAPER|GEOROC|CITATION_ID|8153,GEOROC,PAPER|GEOROC|CITATION_ID|8153,,[8153] HANLEY L. M. (2000),HANLEY,2000,1
PAPER|GEOROC|CITATION_ID|4830,GEOROC,PAPER|GEOROC|CITATION_ID|4830,,[4830] HANSEN H. (2000),HANSEN,2000,12
PAPER|GEOROC|CITATION_ID|4825,GEOROC,PAPER|GEOROC|CITATION_ID|4825,,[4825] HARDS V. L. (2000),HARDS,2000,6
PAPER|GEOROC|CITATION_ID|1701,GEOROC,PAPER|GEOROC|CITATION_ID|1701,,[1701] HAUFF F. (2000),HAUFF,2000,6
PAPER|GEOROC|CITATION_ID|2918,GEOROC,PAPER|GEOROC|CITATION_ID|2918,,[2918] HAUFF F. (2000),HAUFF,2000,100
PAPER|GEOROC|CITATION_ID|8717,GEOROC,PAPER|GEOROC|CITATION_ID|8717,,[8717] HO KUNG-SUAN (2000),HO,2000,22
PAPER|GEOROC|CITATION_ID|2923,GEOROC,PAPER|GEOROC|CITATION_ID|2923,,[2923] HOOPER P. R. (2000),HOOPER,2000,1008
PAPER|GEOROC|CITATION_ID|6370,GEOROC,PAPER|GEOROC|CITATION_ID|6370,,[6370] JOHNSON K. T. M. (2000),JOHNSON,2000,2
PAPER|PETDB|CITATION_SHA1|5f03c5a704db012e,PetDB,PAPER|PETDB|CITATION_SHA1|5f03c5a704db012e,,"Joron, J., Vlastelic, I., ... Dosso, L. (2000). CHEMICAL SYSTEMATICS OF AN INTERMEDIATE SPREADING RIDGE: THE PACIFIC-ANTARCTIC RIDGE BETWEEN 56 DEG S AND 66 DEG S. J GEOPHYS RES, 105, 2915-2936.",JORON,2000,8
PAPER|MERGED|58a8c3e9e3a9f318,GEOROC; PetDB,PAPER|MERGED|58a8c3e9e3a9f318,,"Kempton, P. D., Fitton, J. G., ... Pearson, G. (2000). THE ICELAND PLUME IN SPACE AND TIME: A SR-ND-PB-HF STUDY OF THE NORTH ATLANTIC RIFTED MARGIN. EARTH PLANET SCI LETT, 177, 255-271.; [2260] KEMPTON P. D.(2000)  [GeoReM [4221] ]",KEMPTON,2000,17
PAPER|GEOROC|CITATION_ID|2781,GEOROC,PAPER|GEOROC|CITATION_ID|2781,,[2781] KENT R. W. (2000),KENT,2000,105
PAPER|GEOROC|CITATION_ID|6404,GEOROC,PAPER|GEOROC|CITATION_ID|6404,,[6404] KIRSTEIN L. A. (2000),KIRSTEIN,2000,16
PAPER|GEOROC|CITATION_ID|2721,GEOROC,PAPER|GEOROC|CITATION_ID|2721,,[2721] LAPIERRE H. (2000),LAPIERRE,2000,3
PAPER|GEOROC|CITATION_ID|4154,GEOROC,PAPER|GEOROC|CITATION_ID|4154,,[4154] LARSEN L. M. (2000),LARSEN,2000,1
PAPER|PETDB|CITATION_SHA1|f35094a8125ffadb,PetDB,PAPER|PETDB|CITATION_SHA1|f35094a8125ffadb,,"Le Roux, P. J. (2000). THE GEOCHEMISTRY OF SELECTED MID-OCEAN RIDGE BASALTS FROM THE SOUTHERN MID-ATLANTIC RIDGE (40-55 DEG S). THESIS OR DISSERTATION, DOCTORAL, UNIV CAPE TOWN; MONOGRAPHIC",LEROUX,2000,32
PAPER|GEOROC|CITATION_ID|2782,GEOROC,PAPER|GEOROC|CITATION_ID|2782,,[2782] LUTTINEN A. V. (2000),LUTTINEN,2000,196
PAPER|GEOROC|CITATION_ID|6402,GEOROC,PAPER|GEOROC|CITATION_ID|6402,,[6402] MAHONEY J. J.(2000)  [GeoReM [1418] ],MAHONEY,2000,27
PAPER|GEOROC|CITATION_ID|14432,GEOROC,PAPER|GEOROC|CITATION_ID|14432,,[14432] MINCATO R. L. (2000),MINCATO,2000,119
PAPER|GEOROC|CITATION_ID|15916,GEOROC,PAPER|GEOROC|CITATION_ID|15916,,[15916] MINGRAM B. (2000),MINGRAM,2000,1
PAPER|GEOROC|CITATION_ID|5775,GEOROC,PAPER|GEOROC|CITATION_ID|5775,,[5775] NAKANO S. (2000),NAKANO,2000,16
PAPER|GEOROC|CITATION_ID|5786,GEOROC,PAPER|GEOROC|CITATION_ID|5786,,[5786] NAKASHIMA T. (2000),NAKASHIMA,2000,1
PAPER|GEOROC|CITATION_ID|4845,GEOROC,PAPER|GEOROC|CITATION_ID|4845,,[4845] NEUMANN E.-R. (2000),NEUMANN,2000,4
PAPER|GEOROC|CITATION_ID|3665,GEOROC,PAPER|GEOROC|CITATION_ID|3665,,[3665] QUANE S. L. (2000),QUANE,2000,80
PAPER|GEOROC|CITATION_ID|2705,GEOROC,PAPER|GEOROC|CITATION_ID|2705,,[2705] RENZULLI A. (2000),RENZULLI,2000,2
PAPER|GEOROC|CITATION_ID|2784,GEOROC,PAPER|GEOROC|CITATION_ID|2784,,[2784] REVILLON S. (2000),REVILLON,2000,1
PAPER|GEOROC|CITATION_ID|2785,GEOROC,PAPER|GEOROC|CITATION_ID|2785,,[2785] SCARROW J. H. (2000),SCARROW,2000,56
PAPER|GEOROC|CITATION_ID|8571,GEOROC,PAPER|GEOROC|CITATION_ID|8571,,[8571] SENO M. (2000),SENO,2000,2
PAPER|GEOROC|CITATION_ID|6532,GEOROC,PAPER|GEOROC|CITATION_ID|6532,,[6532] SHIPBOARD SCIENTIFIC PARTY  (2000),SHIPBOARD,2000,19
PAPER|GEOROC|CITATION_ID|6533,GEOROC,PAPER|GEOROC|CITATION_ID|6533,,[6533] SHIPBOARD SCIENTIFIC PARTY  (2000),SHIPBOARD,2000,5
PAPER|GEOROC|CITATION_ID|6534,GEOROC,PAPER|GEOROC|CITATION_ID|6534,,[6534] SHIPBOARD SCIENTIFIC PARTY  (2000),SHIPBOARD,2000,20
PAPER|GEOROC|CITATION_ID|6536,GEOROC,PAPER|GEOROC|CITATION_ID|6536,,[6536] SHIPBOARD SCIENTIFIC PARTY  (2000),SHIPBOARD,2000,11
PAPER|GEOROC|CITATION_ID|1544,GEOROC,PAPER|GEOROC|CITATION_ID|1544,,[1544] SIGMARSSON O. (2000),SIGMARSSON,2000,5
PAPER|GEOROC|CITATION_ID|2497,GEOROC,PAPER|GEOROC|CITATION_ID|2497,,[2497] SOBOLEV A. V. (2000),SOBOLEV,2000,1
PAPER|GEOROC|CITATION_ID|4831,GEOROC,PAPER|GEOROC|CITATION_ID|4831,,[4831] STEINTHORSSON S. (2000),STEINTHORSSON,2000,6
PAPER|GEOROC|CITATION_ID|5297,GEOROC,PAPER|GEOROC|CITATION_ID|5297,,[5297] TAMURA Y. (2000),TAMURA,2000,16
PAPER|GEOROC|CITATION_ID|13171,GEOROC,PAPER|GEOROC|CITATION_ID|13171,,[13171] TATSUMI Y. (2000),TATSUMI,2000,7
PAPER|PETDB|CITATION_SHA1|5d39fa0661b49549,PetDB,PAPER|PETDB|CITATION_SHA1|5d39fa0661b49549,,"Taylor, R. N., Murton, B. J., ... Hilton, D. R. (2000). CONTROLS ON MAGMATIC DEGASSING ALONG THE REYKJANES RIDGE WITH IMPLICATIONS FOR THE HELIUM PARADOX. EARTH PLANET SCI LETT, 183, 43-50.",TAYLOR,2000,3
PAPER|GEOROC|CITATION_ID|4843,GEOROC,PAPER|GEOROC|CITATION_ID|4843,,[4843] THIRLWALL M. F. (2000),THIRLWALL,2000,35
PAPER|GEOROC|CITATION_ID|5145,GEOROC,PAPER|GEOROC|CITATION_ID|5145,,[5145] THOMPSON R. N. (2000),THOMPSON,2000,1
PAPER|GEOROC|CITATION_ID|4840,GEOROC,PAPER|GEOROC|CITATION_ID|4840,,[4840] UJIKE O. (2000),UJIKE,2000,11
PAPER|GEOROC|CITATION_ID|6325,GEOROC,PAPER|GEOROC|CITATION_ID|6325,,[6325] AHIJADO A. (2001),AHIJADO,2001,17
PAPER|GEOROC|CITATION_ID|8935,GEOROC,PAPER|GEOROC|CITATION_ID|8935,,[8935] ANDERSON R. G. (2001),ANDERSON,2001,3
PAPER|GEOROC|CITATION_ID|6483,GEOROC,PAPER|GEOROC|CITATION_ID|6483,,[6483] BAKSI A. K.(2001)  [GeoReM [212] ],BAKSI,2001,10
PAPER|GEOROC|CITATION_ID|8844,GEOROC,PAPER|GEOROC|CITATION_ID|8844,,[8844] BARDINTZEFF J.-M. (2001),BARDINTZEFF,2001,10
PAPER|GEOROC|CITATION_ID|4294,GEOROC,PAPER|GEOROC|CITATION_ID|4294,,[4294] BERGMANIS E. C. (2001),BERGMANIS,2001,11
PAPER|GEOROC|CITATION_ID|4066,GEOROC,PAPER|GEOROC|CITATION_ID|4066,,[4066] BURKHARD D. J. M. (2001),BURKHARD,2001,6
PAPER|GEOROC|CITATION_ID|12930,GEOROC,PAPER|GEOROC|CITATION_ID|12930,,[12930] CARRACEDO J. C. (2001),CARRACEDO,2001,29
PAPER|GEOROC|CITATION_ID|6485,GEOROC,PAPER|GEOROC|CITATION_ID|6485,,[6485] CHATTERJEE N. (2001),CHATTERJEE,2001,9
PAPER|PETDB|CITATION_SHA1|054668b9973ca3b1,PetDB,PAPER|PETDB|CITATION_SHA1|054668b9973ca3b1,,"Chauvel, C., Blichert-toft, J. (2001). A HAFNIUM ISOTOPE AND TRACE ELEMENT PERSPECTIVE ON MELTING OF THE DEPLETED MANTLE. EARTH PLANET SCI LETT, 190, 137-151.",CHAUVEL,2001,4
PAPER|GEOROC|CITATION_ID|7111,GEOROC,PAPER|GEOROC|CITATION_ID|7111,,[7111] CHRISTIANSEN R. L. (2001),CHRISTIANSEN,2001,99
PAPER|GEOROC|CITATION_ID|4680,GEOROC,PAPER|GEOROC|CITATION_ID|4680,,[4680] DEMARCHI G. (2001),DEMARCHI,2001,5
PAPER|GEOROC|CITATION_ID|7265,GEOROC,PAPER|GEOROC|CITATION_ID|7265,,[7265] D^ORAZIO M. (2001),DORAZIO,2001,7
PAPER|GEOROC|CITATION_ID|4868,GEOROC,PAPER|GEOROC|CITATION_ID|4868,,[4868] GELDMACHER J. (2001),GELDMACHER,2001,12
PAPER|GEOROC|CITATION_ID|5129,GEOROC,PAPER|GEOROC|CITATION_ID|5129,,[5129] GLOTOV A. I. (2001),GLOTOV,2001,4
PAPER|GEOROC|CITATION_ID|6640,GEOROC,PAPER|GEOROC|CITATION_ID|6640,,[6640] GRACHEV A. F. (2001),GRACHEV,2001,28
PAPER|GEOROC|CITATION_ID|7981,GEOROC,PAPER|GEOROC|CITATION_ID|7981,,[7981] HEISTER L. E. (2001),HEISTER,2001,1
PAPER|GEOROC|CITATION_ID|11492,GEOROC,PAPER|GEOROC|CITATION_ID|11492,,[11492] HIRANO N. (2001),HIRANO,2001,2
PAPER|GEOROC|CITATION_ID|17794,GEOROC,PAPER|GEOROC|CITATION_ID|17794,,[17794] KALFOUN F. (2001),KALFOUN,2001,7
PAPER|GEOROC|CITATION_ID|6612,GEOROC,PAPER|GEOROC|CITATION_ID|6612,,[6612] KAMENETSKY V. S. (2001),KAMENETSKY,2001,2
PAPER|GEOROC|CITATION_ID|4869,GEOROC,PAPER|GEOROC|CITATION_ID|4869,,[4869] KITA I. (2001),KITA,2001,3
PAPER|GEOROC|CITATION_ID|6224,GEOROC,PAPER|GEOROC|CITATION_ID|6224,,[6224] LARA L. E. (2001),LARA,2001,10
PAPER|GEOROC|CITATION_ID|6333,GEOROC,PAPER|GEOROC|CITATION_ID|6333,,[6333] LEE JONG IK (2001),LEE,2001,7
PAPER|GEOROC|CITATION_ID|4593,GEOROC,PAPER|GEOROC|CITATION_ID|4593,,[4593] MACLENNAN J. (2001),MACLENNAN,2001,271
PAPER|GEOROC|CITATION_ID|6297,GEOROC,PAPER|GEOROC|CITATION_ID|6297,,[6297] MACLENNAN J. (2001),MACLENNAN,2001,72
PAPER|GEOROC|CITATION_ID|4291,GEOROC,PAPER|GEOROC|CITATION_ID|4291,,[4291] MARSH J. S. (2001),MARSH,2001,13
PAPER|GEOROC|CITATION_ID|4281,GEOROC,PAPER|GEOROC|CITATION_ID|4281,,[4281] MELLUSO L. (2001),MELLUSO,2001,55
PAPER|PETDB|CITATION_SHA1|7f82fe13a15099e0,PetDB,PAPER|PETDB|CITATION_SHA1|7f82fe13a15099e0,,"Meurer, W., Sturm, M. E., ... Karson, J. A. (2001). BASALT COMPOSITIONS FROM THE MID-ATLANTIC RIDGE AT THE SMARK AREA (22 DEG 30' N TO 22 DEG 50' N) - IMPLICATIONS FOR PARENTAL LIQUID VARIABILITY AT ISOTOPICALLY HOMOGENEOUS SPREADING CENTERS. EARTH PLANET SCI LETT, 186, 451-469.",MEURER,2001,35
PAPER|GEOROC|CITATION_ID|14038,GEOROC,PAPER|GEOROC|CITATION_ID|14038,,[14038] NISHIMURA T. (2001),NISHIMURA,2001,3
PAPER|PETDB|CITATION_SHA1|377e9627c06cbc5a,PetDB,PAPER|PETDB|CITATION_SHA1|377e9627c06cbc5a,,"Niu, Y., Bideau, R. D., ... Batiza, R. (2001). MANTLE COMPOSITIONAL CONTROL ON THE EXTENT OF MANTLE MELTING, CRUST PRODUCTION, GRAVITY ANOMALY, RIDGE MORPHOLOGY, AND RIDGE SEGMENTATION: A CASE STUDY AT THE MID-ATLANTIC RIDGE 3-35 DEG N. EARTH PLANET SCI LETT, 186, 383-399.",NIU,2001,25
PAPER|GEOROC|CITATION_ID|4015,GEOROC,PAPER|GEOROC|CITATION_ID|4015,,[4015] PHILIPP H. (2001),PHILIPP,2001,81
PAPER|GEOROC|CITATION_ID|4594,GEOROC,PAPER|GEOROC|CITATION_ID|4594,,[4594] PRESTVIK T.(2001)  [GeoReM [325] ],PRESTVIK,2001,12
PAPER|GEOROC|CITATION_ID|14657,GEOROC,PAPER|GEOROC|CITATION_ID|14657,,[14657] PUFFER J. H. (2001),PUFFER,2001,2
PAPER|GEOROC|CITATION_ID|14011,GEOROC,PAPER|GEOROC|CITATION_ID|14011,,[14011] RYABCHIKOV I. D. (2001),RYABCHIKOV,2001,22
PAPER|GEOROC|CITATION_ID|4067,GEOROC,PAPER|GEOROC|CITATION_ID|4067,,[4067] SANO T. (2001),SANO,2001,9
PAPER|GEOROC|CITATION_ID|4695,GEOROC,PAPER|GEOROC|CITATION_ID|4695,,[4695] SANO T. (2001),SANO,2001,324
PAPER|GEOROC|CITATION_ID|4692,GEOROC,PAPER|GEOROC|CITATION_ID|4692,,[4692] SKOVGAARD A. C. (2001),SKOVGAARD,2001,5
PAPER|GEOROC|CITATION_ID|4016,GEOROC,PAPER|GEOROC|CITATION_ID|4016,,[4016] SLATER L. (2001),SLATER,2001,1
PAPER|GEOROC|CITATION_ID|8579,GEOROC,PAPER|GEOROC|CITATION_ID|8579,,[8579] SONG XIE-YAN (2001),SONG,2001,25
PAPER|GEOROC|CITATION_ID|8722,GEOROC,PAPER|GEOROC|CITATION_ID|8722,,[8722] TALUSANI R. V. R. (2001),TALUSANI,2001,8
PAPER|GEOROC|CITATION_ID|4730,GEOROC,PAPER|GEOROC|CITATION_ID|4730,,[4730] TATSUMI Y. (2001),TATSUMI,2001,3
PAPER|GEOROC|CITATION_ID|4683,GEOROC,PAPER|GEOROC|CITATION_ID|4683,,[4683] THOMPSON GARY M. (2001),THOMPSON,2001,1
PAPER|GEOROC|CITATION_ID|10372,GEOROC,PAPER|GEOROC|CITATION_ID|10372,,[10372] VALLINAYAGAM G. (2001),VALLINAYAGAM,2001,4
PAPER|GEOROC|CITATION_ID|6326,GEOROC,PAPER|GEOROC|CITATION_ID|6326,,[6326] WASTEGARD S. (2001),WASTEGARD,2001,23
PAPER|GEOROC|CITATION_ID|7264,GEOROC,PAPER|GEOROC|CITATION_ID|7264,,[7264] XU YI-GANG (2001),XU,2001,25
PAPER|GEOROC|CITATION_ID|9300,GEOROC,PAPER|GEOROC|CITATION_ID|9300,,[9300] YAGI M. (2001),YAGI,2001,14
PAPER|GEOROC|CITATION_ID|12578,GEOROC,PAPER|GEOROC|CITATION_ID|12578,,[12578] ABRATIS M. (2002),ABRATIS,2002,28
PAPER|GEOROC|CITATION_ID|12427,GEOROC,PAPER|GEOROC|CITATION_ID|12427,,[12427] AGATA T. (2002),AGATA,2002,7
PAPER|GEOROC|CITATION_ID|5033,GEOROC,PAPER|GEOROC|CITATION_ID|5033,,[5033] ALVES S. (2002),ALVES,2002,2
PAPER|PETDB|CITATION_SHA1|96b4769452af016b,PetDB,PAPER|PETDB|CITATION_SHA1|96b4769452af016b,,"Andres, M., Blichert-toft, J., ... Schilling, J. (2002). HAFNIUM ISOTOPES IN BASALTS FROM THE SOUTHERN MID-ATLANTIC RIDGE FROM 40 DEG S TO 55 DEG S: DISCOVERY AND SHONA PLUME-RIDGE INTERACTIONS AND THE ROLE OF RECYCLED SEDIMENTS. GEOCHEM GEOPHYS GEOSYST, 3(10)",ANDRES,2002,2
PAPER|GEOROC|CITATION_ID|7933,GEOROC,PAPER|GEOROC|CITATION_ID|7933,,[7933] BLAIS S. (2002),BLAIS,2002,4
PAPER|GEOROC|CITATION_ID|11470,GEOROC,PAPER|GEOROC|CITATION_ID|11470,,[11470] BONNICHSEN B. (2002),BONNICHSEN,2002,30
PAPER|GEOROC|CITATION_ID|4738,GEOROC,PAPER|GEOROC|CITATION_ID|4738,,[4738] BREDDAM K. (2002),BREDDAM,2002,16
PAPER|GEOROC|CITATION_ID|5457,GEOROC,PAPER|GEOROC|CITATION_ID|5457,,[5457] BRYAN S. E. (2002),BRYAN,2002,2
PAPER|GEOROC|CITATION_ID|7555,GEOROC,PAPER|GEOROC|CITATION_ID|7555,,[7555] CLAGUE D. A. (2002),CLAGUE,2002,15
PAPER|GEOROC|CITATION_ID|5650,GEOROC,PAPER|GEOROC|CITATION_ID|5650,,[5650] CLEMENT J.-P. (2002),CLEMENT,2002,2
PAPER|GEOROC|CITATION_ID|5043,GEOROC,PAPER|GEOROC|CITATION_ID|5043,,[5043] CROCKET J. H. (2002),CROCKET,2002,5
PAPER|GEOROC|CITATION_ID|6181,GEOROC,PAPER|GEOROC|CITATION_ID|6181,,[6181] DAVIS A. S. (2002),DAVIS,2002,6
PAPER|GEOROC|CITATION_ID|5177,GEOROC,PAPER|GEOROC|CITATION_ID|5177,,[5177] DOUCET S. (2002),DOUCET,2002,43
PAPER|GEOROC|CITATION_ID|15222,GEOROC,PAPER|GEOROC|CITATION_ID|15222,,[15222] FEDOROV P. I. (2002),FEDOROV,2002,1
PAPER|GEOROC|CITATION_ID|5530,GEOROC,PAPER|GEOROC|CITATION_ID|5530,,[5530] FODEN J. D. (2002),FODEN,2002,11
PAPER|GEOROC|CITATION_ID|6235,GEOROC,PAPER|GEOROC|CITATION_ID|6235,,[6235] FRETZDORFF S. (2002),FRETZDORFF,2002,57
PAPER|GEOROC|CITATION_ID|5170,GEOROC,PAPER|GEOROC|CITATION_ID|5170,,[5170] FREY F. A. (2002),FREY,2002,30
PAPER|GEOROC|CITATION_ID|5174,GEOROC,PAPER|GEOROC|CITATION_ID|5174,,[5174] FREY F. A. (2002),FREY,2002,64
PAPER|GEOROC|CITATION_ID|5158,GEOROC,PAPER|GEOROC|CITATION_ID|5158,,[5158] GAFFNEY A. M. (2002),GAFFNEY,2002,8
PAPER|GEOROC|CITATION_ID|6186,GEOROC,PAPER|GEOROC|CITATION_ID|6186,,[6186] GEIST D. J. (2002),GEIST,2002,145
PAPER|GEOROC|CITATION_ID|7779,GEOROC,PAPER|GEOROC|CITATION_ID|7779,,[7779] GEORGE R. M. M. (2002),GEORGE,2002,28
PAPER|GEOROC|CITATION_ID|6185,GEOROC,PAPER|GEOROC|CITATION_ID|6185,,[6185] HAASE K. M. (2002),HAASE,2002,4
PAPER|PETDB|CITATION_SHA1|1746f250834579fc,PetDB,PAPER|PETDB|CITATION_SHA1|1746f250834579fc,,"Haase, K. M. (2002). GEOCHEMICAL CONSTRAINTS ON MAGMA SOURCES AND MIXING PROCESSES IN EASTER MICROPLATE MORB (SE PACIFIC); A CASE STUDY OF PLUME-RIDGE INTERACTION. CHEMICAL GEOLOGY, 182, 335-355.",HAASE,2002,5
PAPER|GEOROC|CITATION_ID|10529,GEOROC,PAPER|GEOROC|CITATION_ID|10529,,[10529] HANSEN H. (2002),HANSEN,2002,54
PAPER|GEOROC|CITATION_ID|4807,GEOROC,PAPER|GEOROC|CITATION_ID|4807,,[4807] HAURI E. H. (2002),HAURI,2002,1
PAPER|GEOROC|CITATION_ID|8889,GEOROC,PAPER|GEOROC|CITATION_ID|8889,,[8889] HICKEY-VARGAS R. (2002),HICKEYVARGAS,2002,7
PAPER|GEOROC|CITATION_ID|15437,GEOROC,PAPER|GEOROC|CITATION_ID|15437,,[15437] HOERNLE K. A. (2002),HOERNLE,2002,5
PAPER|GEOROC|CITATION_ID|6415,GEOROC,PAPER|GEOROC|CITATION_ID|6415,,[6415] HOOPER P. R. (2002),HOOPER,2002,325
PAPER|GEOROC|CITATION_ID|4939,GEOROC,PAPER|GEOROC|CITATION_ID|4939,,[4939] INGLE S. P. (2002),INGLE,2002,35
PAPER|GEOROC|CITATION_ID|9710,GEOROC,PAPER|GEOROC|CITATION_ID|9710,,[9710] ISHIWATARI A. (2002),ISHIWATARI,2002,11
PAPER|GEOROC|CITATION_ID|6315,GEOROC,PAPER|GEOROC|CITATION_ID|6315,,[6315] JENNINGS A. E. (2002),JENNINGS,2002,6
PAPER|GEOROC|CITATION_ID|9190,GEOROC,PAPER|GEOROC|CITATION_ID|9190,,[9190] JOHNSON K. T. M. (2002),JOHNSON,2002,198
PAPER|GEOROC|CITATION_ID|5653,GEOROC,PAPER|GEOROC|CITATION_ID|5653,,[5653] JORGENSEN J. O.(2002)  [GeoReM [259] ],JORGENSEN,2002,5
PAPER|GEOROC|CITATION_ID|5042,GEOROC,PAPER|GEOROC|CITATION_ID|5042,,[5042] KAUAHIKAUA J. P. (2002),KAUAHIKAUA,2002,7
PAPER|PETDB|CITATION_SHA1|035cec3dcc5406d1,PetDB,PAPER|PETDB|CITATION_SHA1|035cec3dcc5406d1,,"Kempton, P. D., Pearce, J. A., ... Christie, D. M. (2002). Sr-Nd-Pb-Hf ISOTOPE RESULTS FROM ODP LEG 187: EVIDENCE FOR MANTLE DYNAMICS OF THE AUSTRALIAN-ANTARCTIC DISCORDANCE AND ORIGIN OF THE INDIAN MORB SOURCE. GEOCHEM GEOPHYS GEOSYST, 3(12)",KEMPTON,2002,57
PAPER|GEOROC|CITATION_ID|7985,GEOROC,PAPER|GEOROC|CITATION_ID|7985,,[7985] KERR A. C. (2002),KERR,2002,11
PAPER|GEOROC|CITATION_ID|5162,GEOROC,PAPER|GEOROC|CITATION_ID|5162,,[5162] LARSSON D. (2002),LARSSON,2002,20
PAPER|GEOROC|CITATION_ID|9895,GEOROC,PAPER|GEOROC|CITATION_ID|9895,,[9895] LOPEZ J. C. (2002),LOPEZ,2002,10
PAPER|GEOROC|CITATION_ID|7845,GEOROC,PAPER|GEOROC|CITATION_ID|7845,,[7845] MAHONEY J. J. (2002),MAHONEY,2002,9
PAPER|GEOROC|CITATION_ID|8022,GEOROC,PAPER|GEOROC|CITATION_ID|8022,,[8022] MELLUSO L.(2002)  [GeoReM [1224] ],MELLUSO,2002,19
PAPER|GEOROC|CITATION_ID|5040,GEOROC,PAPER|GEOROC|CITATION_ID|5040,,[5040] MOMME P. (2002),MOMME,2002,34
PAPER|GEOROC|CITATION_ID|6317,GEOROC,PAPER|GEOROC|CITATION_ID|6317,,[6317] NAGAHASHI T. (2002),NAGAHASHI,2002,56
PAPER|GEOROC|CITATION_ID|5038,GEOROC,PAPER|GEOROC|CITATION_ID|5038,,[5038] NAUMANN T. R. (2002),NAUMANN,2002,20
PAPER|GEOROC|CITATION_ID|5169,GEOROC,PAPER|GEOROC|CITATION_ID|5169,,[5169] NEAL C. R. (2002),NEAL,2002,23
PAPER|GEOROC|CITATION_ID|4809,GEOROC,PAPER|GEOROC|CITATION_ID|4809,,[4809] NIKOGOSIAN I. K. (2002),NIKOGOSIAN,2002,8
PAPER|GEOROC|CITATION_ID|4808,GEOROC,PAPER|GEOROC|CITATION_ID|4808,,[4808] NORMAN M. D. (2002),NORMAN,2002,1
PAPER|GEOROC|CITATION_ID|13177,GEOROC,PAPER|GEOROC|CITATION_ID|13177,,[13177] PICHAVANT M. (2002),PICHAVANT,2002,1
PAPER|PETDB|CITATION_SHA1|2783c33000022ff4,PetDB,PAPER|PETDB|CITATION_SHA1|2783c33000022ff4,,"Schilling, J., Le Roex, A. P., ... Le Roux, P. J. (2002). CRYSTALLIZATION PROCESSES BENEATH THE SOUTHERN MID-ATLANTIC RIDGE (40-55 DEG S), EVIDENCE FOR HIGH-PRESSURE INITIATION OF CRYSTALLIZATION. CONTRIB MINERAL PETROL, 142, 582-602.",SCHILLING,2002,30
PAPER|GEOROC|CITATION_ID|11474,GEOROC,PAPER|GEOROC|CITATION_ID|11474,,[11474] SHERVAIS J. W. (2002),SHERVAIS,2002,9
PAPER|GEOROC|CITATION_ID|11472,GEOROC,PAPER|GEOROC|CITATION_ID|11472,,[11472] SHOEMAKER K. A. (2002),SHOEMAKER,2002,46
PAPER|GEOROC|CITATION_ID|5041,GEOROC,PAPER|GEOROC|CITATION_ID|5041,,[5041] SIGVALDASON G. E. (2002),SIGVALDASON,2002,2
PAPER|PETDB|CITATION_SHA1|c8e07f76b5fb469e,PetDB,PAPER|PETDB|CITATION_SHA1|c8e07f76b5fb469e,,"Sims, K. W. W., Blichert-toft, J., ... Donnellan, N. C. B. (2002). CHEMICAL AND ISOTOPIC CONSTRAINTS ON THE GENERATION AND TRANSPORT OF MAGMA BENEATH THE EAST PACIFIC RISE. GEOCHIM COSMOCHIM ACTA, 66, 3481-3504.",SIMS,2002,20
PAPER|GEOROC|CITATION_ID|9226,GEOROC,PAPER|GEOROC|CITATION_ID|9226,,[9226] SISSON T. W. (2002),SISSON,2002,60
PAPER|PETDB|CITATION_SHA1|666d1a017db6cef9,PetDB,PAPER|PETDB|CITATION_SHA1|666d1a017db6cef9,,"Snow, J. E. (2002). MAJOR AND TRACE ELEMENT EVOLUTION OF HOLE 735B GABBROS. PROC ODP, SCI RESULTS, 176",SNOW,2002,1
PAPER|PETDB|CITATION_SHA1|bd762a8bf72b1b90,PetDB,PAPER|PETDB|CITATION_SHA1|bd762a8bf72b1b90,,"Sours-page, R. E., Nielsen, R. L., ... Batiza, R. (2002). MELT INCLUSIONS AS INDICATORS OF PARENTAL MAGMA DIVERSITY ON THE NORTHERN EAST PACIFIC RISE. CHEMICAL GEOLOGY, 183, 237-261.",SOURSPAGE,2002,1
PAPER|PETDB|CITATION_SHA1|1139bd1186146d88,PetDB,PAPER|PETDB|CITATION_SHA1|1139bd1186146d88,,"Stewart, S., Klein, E. M., ... Karson, J. A. (2002). GEOCHEMISTRY OF DIKES AND LAVAS FROM THE NORTH WALL OF THE HESS DEEP RIFT: INSIGHTS INTO THE FOUR-DIMENSIONAL CHARACTER OF CRUSTAL CONSTRUCTION AT FAST SPREADING MID-OCEAN RIDGES. J GEOPHYS RES, 107(B2), 24.",STEWART,2002,136
PAPER|GEOROC|CITATION_ID|5160,GEOROC,PAPER|GEOROC|CITATION_ID|5160,,[5160] SUMNER J. M. (2002),SUMNER,2002,1
PAPER|GEOROC|CITATION_ID|11395,GEOROC,PAPER|GEOROC|CITATION_ID|11395,,[11395] TANAKA R. (2002),TANAKA,2002,11
PAPER|GEOROC|CITATION_ID|4816,GEOROC,PAPER|GEOROC|CITATION_ID|4816,,[4816] TEJADA M. L. G. (2002),TEJADA,2002,63
PAPER|PETDB|CITATION_SHA1|5cd24a591a90e414,PetDB,PAPER|PETDB|CITATION_SHA1|5cd24a591a90e414,,"Thirlwall, M. F., Murton, B. J., ... Taylor, R. N. (2002). PLUME-RIDGE INTERACTION: A GEOCHEMICAL PERSPECTIVE FROM THE REYKJANES RIDGE. J PETROL, 43, 1987-2012.",THIRLWALL,2002,195
PAPER|GEOROC|CITATION_ID|6289,GEOROC,PAPER|GEOROC|CITATION_ID|6289,,[6289] THORNBER C. R. (2002),THORNBER,2002,522
PAPER|GEOROC|CITATION_ID|4744,GEOROC,PAPER|GEOROC|CITATION_ID|4744,,[4744] TROLL V. R. (2002),TROLL,2002,1
PAPER|GEOROC|CITATION_ID|8926,GEOROC,PAPER|GEOROC|CITATION_ID|8926,,[8926] WALKER J. A. (2002),WALKER,2002,12
PAPER|GEOROC|CITATION_ID|5175,GEOROC,PAPER|GEOROC|CITATION_ID|5175,,[5175] WALLACE P. J. (2002),WALLACE,2002,21
PAPER|GEOROC|CITATION_ID|11473,GEOROC,PAPER|GEOROC|CITATION_ID|11473,,[11473] WHITE C. M. (2002),WHITE,2002,21
PAPER|GEOROC|CITATION_ID|6672,GEOROC,PAPER|GEOROC|CITATION_ID|6672,,[6672] AMMA-MIYASAKA M. (2003),AMMAMIYASAKA,2003,36
PAPER|GEOROC|CITATION_ID|7890,GEOROC,PAPER|GEOROC|CITATION_ID|7890,,[7890] BOURDON E. (2003),BOURDON,2003,2
PAPER|GEOROC|CITATION_ID|7902,GEOROC,PAPER|GEOROC|CITATION_ID|7902,,[7902] BÜCHL A. (2003),BUCHL,2003,3
PAPER|GEOROC|CITATION_ID|7955,GEOROC,PAPER|GEOROC|CITATION_ID|7955,,[7955] CAMP V. E. (2003),CAMP,2003,130
PAPER|GEOROC|CITATION_ID|12927,GEOROC,PAPER|GEOROC|CITATION_ID|12927,,[12927] CARRACEDO J. C. (2003),CARRACEDO,2003,22
PAPER|GEOROC|CITATION_ID|6121,GEOROC,PAPER|GEOROC|CITATION_ID|6121,,[6121] DAVIS M. G. (2003),DAVIS,2003,134
PAPER|GEOROC|CITATION_ID|8773,GEOROC,PAPER|GEOROC|CITATION_ID|8773,,[8773] D^ORAZIO M. (2003),DORAZIO,2003,7
PAPER|GEOROC|CITATION_ID|6125,GEOROC,PAPER|GEOROC|CITATION_ID|6125,,[6125] DURAISWAMI R. A. (2003),DURAISWAMI,2003,3
PAPER|GEOROC|CITATION_ID|6277,GEOROC,PAPER|GEOROC|CITATION_ID|6277,,[6277] ELY J. C.(2003)  [GeoReM [401] ],ELY,2003,8
PAPER|GEOROC|CITATION_ID|6179,GEOROC,PAPER|GEOROC|CITATION_ID|6179,,[6179] FITTON J. G. (2003),FITTON,2003,36
PAPER|GEOROC|CITATION_ID|6188,GEOROC,PAPER|GEOROC|CITATION_ID|6188,,[6188] GAGNEVIN D. (2003),GAGNEVIN,2003,3
PAPER|GEOROC|CITATION_ID|6674,GEOROC,PAPER|GEOROC|CITATION_ID|6674,,[6674] GARCIA M. O. (2003),GARCIA,2003,85
PAPER|GEOROC|CITATION_ID|6671,GEOROC,PAPER|GEOROC|CITATION_ID|6671,,[6671] HANGHOJ K.(2003)  [GeoReM [460] ],HANGHOJ,2003,96
PAPER|MERGED|4b4e2a22dbd8e4c9,GEOROC; PetDB,PAPER|MERGED|4b4e2a22dbd8e4c9,,"Harpp, K. S., Fornari, D. J., ... Kurz, M. D. (2003). GENOVESA SUBMARINE RIDGE: A MANIFESTATION OF PLUME-RIDGE INTERACTION IN THE NORTHERN GALAPAGOS ISLANDS. GEOCHEM GEOPHYS GEOSYST, 4(9); [8351] HARPP K. S.(2003)  [GeoReM [1073] ]",HARPP,2003,17
PAPER|GEOROC|CITATION_ID|6137,GEOROC,PAPER|GEOROC|CITATION_ID|6137,,[6137] KNIGHT K. B. (2003),KNIGHT,2003,6
PAPER|GEOROC|CITATION_ID|12655,GEOROC,PAPER|GEOROC|CITATION_ID|12655,,[12655] KURNOSOV V. (2003),KURNOSOV,2003,39
PAPER|GEOROC|CITATION_ID|5941,GEOROC,PAPER|GEOROC|CITATION_ID|5941,,[5941] LARSEN L. M. (2003),LARSEN,2003,34
PAPER|GEOROC|CITATION_ID|7941,GEOROC,PAPER|GEOROC|CITATION_ID|7941,,[7941] LEGENDRE C. (2003),LEGENDRE,2003,4
PAPER|GEOROC|CITATION_ID|6665,GEOROC,PAPER|GEOROC|CITATION_ID|6665,,[6665] LUNDSTROM C. C.(2003)  [GeoReM [426] ],LUNDSTROM,2003,11
PAPER|GEOROC|CITATION_ID|6199,GEOROC,PAPER|GEOROC|CITATION_ID|6199,,[6199] MACLENNAN J. (2003),MACLENNAN,2003,70
PAPER|GEOROC|CITATION_ID|7683,GEOROC,PAPER|GEOROC|CITATION_ID|7683,,[7683] MAMBERTI M. (2003),MAMBERTI,2003,21
PAPER|GEOROC|CITATION_ID|6552,GEOROC,PAPER|GEOROC|CITATION_ID|6552,,[6552] MATTSSON S. R. (2003),MATTSSON,2003,6
PAPER|GEOROC|CITATION_ID|15373,GEOROC,PAPER|GEOROC|CITATION_ID|15373,,[15373] MEDVEDEV A. YA. (2003),MEDVEDEV,2003,16
PAPER|GEOROC|CITATION_ID|7897,GEOROC,PAPER|GEOROC|CITATION_ID|7897,,[7897] MELLUSO L. (2003),MELLUSO,2003,12
PAPER|GEOROC|CITATION_ID|6276,GEOROC,PAPER|GEOROC|CITATION_ID|6276,,[6276] MOMME P.(2003)  [GeoReM [856] ],MOMME,2003,30
PAPER|GEOROC|CITATION_ID|6173,GEOROC,PAPER|GEOROC|CITATION_ID|6173,,[6173] MUKHOPADHYAY S. (2003),MUKHOPADHYAY,2003,27
PAPER|GEOROC|CITATION_ID|6531,GEOROC,PAPER|GEOROC|CITATION_ID|6531,,[6531] NTAFLOS T. (2003),NTAFLOS,2003,54
PAPER|GEOROC|CITATION_ID|5944,GEOROC,PAPER|GEOROC|CITATION_ID|5944,,[5944] PEATE D. W. (2003),PEATE,2003,75
PAPER|GEOROC|CITATION_ID|7257,GEOROC,PAPER|GEOROC|CITATION_ID|7257,,[7257] PEATE D. W. (2003),PEATE,2003,21
PAPER|GEOROC|CITATION_ID|6197,GEOROC,PAPER|GEOROC|CITATION_ID|6197,,[6197] ROEDER P. L. (2003),ROEDER,2003,13
PAPER|GEOROC|CITATION_ID|8775,GEOROC,PAPER|GEOROC|CITATION_ID|8775,,[8775] SCHENATO F. (2003),SCHENATO,2003,17
PAPER|PETDB|CITATION_SHA1|64647479e82197ed,PetDB,PAPER|PETDB|CITATION_SHA1|64647479e82197ed,,"Schilling, J., Fontignie, D., ... Tomza, U. (2003). PB-HF-ND-SR ISOTOPE VARIATIONS ALONG THE GALAPAGOS SPREADING CENTER (101 DEG- 83 DEG W): CONSTRAINTS ON THE DISPERSAL OF THE GALAPAGOS MANTLE PLUME. GEOCHEM GEOPHYS GEOSYST, 4(10)",SCHILLING,2003,5
PAPER|GEOROC|CITATION_ID|7952,GEOROC,PAPER|GEOROC|CITATION_ID|7952,,[7952] SHERROD D. R.(2003)  [GeoReM [1194] ],SHERROD,2003,3
PAPER|GEOROC|CITATION_ID|8382,GEOROC,PAPER|GEOROC|CITATION_ID|8382,,[8382] SHETH H. C.(2003)  [GeoReM [1051] ],SHETH,2003,11
PAPER|GEOROC|CITATION_ID|5946,GEOROC,PAPER|GEOROC|CITATION_ID|5946,,[5946] SINTON J. M. (2003),SINTON,2003,108
PAPER|GEOROC|CITATION_ID|6437,GEOROC,PAPER|GEOROC|CITATION_ID|6437,,[6437] SMITH I. E. M. (2003),SMITH,2003,20
PAPER|PETDB|CITATION_SHA1|e63a6fb38446a924,PetDB,PAPER|PETDB|CITATION_SHA1|e63a6fb38446a924,,"Stewart, S., Klein, E. M., ... Brophy, J. G. (2003). GEOCHEMICAL RELATIONSHIPS BETWEEN DIKES AND LAVAS AT THE HESS DEEP RIFT:  IMPLICATIONS FOR MAGMA ERUPTIBILITY. J GEOPHYS RES, 108(B4)",STEWART,2003,4
PAPER|GEOROC|CITATION_ID|6174,GEOROC,PAPER|GEOROC|CITATION_ID|6174,,[6174] STRACKE A.(2003)  [GeoReM [448] ],STRACKE,2003,15
PAPER|GEOROC|CITATION_ID|6579,GEOROC,PAPER|GEOROC|CITATION_ID|6579,,[6579] THORNBER C. R. (2003),THORNBER,2003,30
PAPER|GEOROC|CITATION_ID|8824,GEOROC,PAPER|GEOROC|CITATION_ID|8824,,[8824] XIAO LONG (2003),XIAO,2003,29
PAPER|GEOROC|CITATION_ID|6993,GEOROC,PAPER|GEOROC|CITATION_ID|6993,,[6993] ANDREASEN R. (2004),ANDREASEN,2004,14
PAPER|GEOROC|CITATION_ID|7016,GEOROC,PAPER|GEOROC|CITATION_ID|7016,,[7016] CAPRARELLI G. (2004),CAPRARELLI,2004,139
PAPER|PETDB|CITATION_SHA1|a114860a583eba5f,PetDB,PAPER|PETDB|CITATION_SHA1|a114860a583eba5f,,"Coogan, L. A., Thompson, G. M., ... Barry, T. L. (2004). A COMBINED BASALT AND PERIDOTITE PERSPECTIVE ON 14 MILLION YEARS OF MELT GENERATION AT THE ATLANTIS BANK SEGMENT OF THE SOUTHWEST INDIAN RIDGE:EVIDENCE FOR TEMPORAL CHANGES IN MANTLE DYNAMICS?. CHEMICAL GEOLOGY, 207, 13-30.",COOGAN,2004,6
PAPER|GEOROC|CITATION_ID|13316,GEOROC,PAPER|GEOROC|CITATION_ID|13316,,[13316] COOMBS M. L. (2004),COOMBS,2004,74
PAPER|GEOROC|CITATION_ID|7060,GEOROC,PAPER|GEOROC|CITATION_ID|7060,,[7060] CROCKET J. H. (2004),CROCKET,2004,14
PAPER|GEOROC|CITATION_ID|6897,GEOROC,PAPER|GEOROC|CITATION_ID|6897,,[6897] DOUCET S. (2004),DOUCET,2004,17
PAPER|GEOROC|CITATION_ID|6857,GEOROC,PAPER|GEOROC|CITATION_ID|6857,,[6857] EWART A.(2004)  [GeoReM [750] ],EWART,2004,12
PAPER|GEOROC|CITATION_ID|10546,GEOROC,PAPER|GEOROC|CITATION_ID|10546,,[10546] FITTON J. G. (2004),FITTON,2004,88
PAPER|GEOROC|CITATION_ID|7196,GEOROC,PAPER|GEOROC|CITATION_ID|7196,,[7196] GAFFNEY A. M. (2004),GAFFNEY,2004,28
PAPER|GEOROC|CITATION_ID|13025,GEOROC,PAPER|GEOROC|CITATION_ID|13025,,[13025] GOURGAUD A. (2004),GOURGAUD,2004,4
PAPER|GEOROC|CITATION_ID|7067,GEOROC,PAPER|GEOROC|CITATION_ID|7067,,[7067] HALTER W. E. (2004),HALTER,2004,4
PAPER|GEOROC|CITATION_ID|7772,GEOROC,PAPER|GEOROC|CITATION_ID|7772,,[7772] HANSKI E. J. (2004),HANSKI,2004,2
PAPER|GEOROC|CITATION_ID|14780,GEOROC,PAPER|GEOROC|CITATION_ID|14780,,[14780] HAO YANLI (2004),HAO,2004,20
PAPER|GEOROC|CITATION_ID|6990,GEOROC,PAPER|GEOROC|CITATION_ID|6990,,[6990] HASKINS E. H. (2004),HASKINS,2004,118
PAPER|PETDB|CITATION_SHA1|b44628f617733fb3,PetDB,PAPER|PETDB|CITATION_SHA1|b44628f617733fb3,,"Hays, M. R. (2004). INTRA-TRANSFORM VOLCANISM ALONG THE SIQUEIROS FRACTURE ZONE 8DEG 20MIN N TO 8DEG 30MIN N, EAST PACIFIC RISE. THESIS OR DISSERTATION, MASTER'S, UNIVERSITY OF FLORIDA; MONOGRAPHIC",HAYS,2004,13
PAPER|GEOROC|CITATION_ID|6896,GEOROC,PAPER|GEOROC|CITATION_ID|6896,,[6896] HILDENBRAND A. (2004),HILDENBRAND,2004,37
PAPER|GEOROC|CITATION_ID|13172,GEOROC,PAPER|GEOROC|CITATION_ID|13172,,[13172] HUMAYUN M. (2004),HUMAYUN,2004,1
PAPER|GEOROC|CITATION_ID|12036,GEOROC,PAPER|GEOROC|CITATION_ID|12036,,[12036] JIANG CHANGYI (2004),JIANG,2004,17
PAPER|GEOROC|CITATION_ID|7735,GEOROC,PAPER|GEOROC|CITATION_ID|7735,,[7735] KIEFFER B.(2004)  [GeoReM [704] ],KIEFFER,2004,117
PAPER|GEOROC|CITATION_ID|7188,GEOROC,PAPER|GEOROC|CITATION_ID|7188,,[7188] KOBAYASHI K. (2004),KOBAYASHI,2004,4
PAPER|GEOROC|CITATION_ID|9365,GEOROC,PAPER|GEOROC|CITATION_ID|9365,,[9365] KONDO H. (2004),KONDO,2004,4
PAPER|GEOROC|CITATION_ID|26579,GEOROC,PAPER|GEOROC|CITATION_ID|26579,,[26579] LARA L. E. (2004),LARA,2004,7
PAPER|GEOROC|CITATION_ID|6901,GEOROC,PAPER|GEOROC|CITATION_ID|6901,,[6901] LASSITER J. C. (2004),LASSITER,2004,25
PAPER|GEOROC|CITATION_ID|12039,GEOROC,PAPER|GEOROC|CITATION_ID|12039,,[12039] LI XIAOYONG (2004),LI,2004,6
PAPER|GEOROC|CITATION_ID|9703,GEOROC,PAPER|GEOROC|CITATION_ID|9703,,[9703] MASHIMA H. (2004),MASHIMA,2004,1
PAPER|GEOROC|CITATION_ID|7018,GEOROC,PAPER|GEOROC|CITATION_ID|7018,,[7018] MATA J. (2004),MATA,2004,2
PAPER|PETDB|CITATION_SHA1|c3774e50768825ed,PetDB,PAPER|PETDB|CITATION_SHA1|c3774e50768825ed,,"Miller, D. J., Kelley, J. (2004). LOW-TEMPERATURE ALTERATION OF BASALT OVER TIME:  A SYNTHESIS OF RESULTS FROM OCEAN DRILLING PROGRAM LEG 187. PROC ODP, SCI RESULTS, 187",MILLER,2004,55
PAPER|GEOROC|CITATION_ID|7185,GEOROC,PAPER|GEOROC|CITATION_ID|7185,,[7185] MORIGUTI T. (2004),MORIGUTI,2004,7
PAPER|GEOROC|CITATION_ID|14634,GEOROC,PAPER|GEOROC|CITATION_ID|14634,,[14634] MORTAJI A. (2004),MORTAJI,2004,22
PAPER|GEOROC|CITATION_ID|7066,GEOROC,PAPER|GEOROC|CITATION_ID|7066,,[7066] NORMAN M. D.(2004)  [GeoReM [684] ],NORMAN,2004,18
PAPER|GEOROC|CITATION_ID|8432,GEOROC,PAPER|GEOROC|CITATION_ID|8432,,[8432] ONOUE T. (2004),ONOUE,2004,39
PAPER|GEOROC|CITATION_ID|7999,GEOROC,PAPER|GEOROC|CITATION_ID|7999,,[7999] PICKETT E. A. (2004),PICKETT,2004,11
PAPER|PETDB|CITATION_SHA1|d9ad1e0aac379a09,PetDB,PAPER|PETDB|CITATION_SHA1|d9ad1e0aac379a09,,"Pineau, F., Shilobreeva, S., ... Javoy, M. (2004). DEEP-SEA EXPLOSIVE ACTIVITY ON THE MID-ATLANTIC RIDGE NEAR 34 50 N: A STABLE ISOTOPE (C, H, O) STUDY. CHEMICAL GEOLOGY, 211, 159-175.",PINEAU,2004,1
PAPER|GEOROC|CITATION_ID|7200,GEOROC,PAPER|GEOROC|CITATION_ID|7200,,[7200] REN ZHONG-YUAN (2004),REN,2004,76
PAPER|GEOROC|CITATION_ID|7011,GEOROC,PAPER|GEOROC|CITATION_ID|7011,,[7011] RHODES J. M.(2004)  [GeoReM [758] ],RHODES,2004,289
PAPER|GEOROC|CITATION_ID|10548,GEOROC,PAPER|GEOROC|CITATION_ID|10548,,[10548] ROBERGE J. (2004),ROBERGE,2004,58
PAPER|GEOROC|CITATION_ID|12656,GEOROC,PAPER|GEOROC|CITATION_ID|12656,,[12656] SACCOCIA P. J. (2004),SACCOCIA,2004,8
PAPER|GEOROC|CITATION_ID|7253,GEOROC,PAPER|GEOROC|CITATION_ID|7253,,[7253] SANDEMAN H. A. (2004),SANDEMAN,2004,3
PAPER|PETDB|CITATION_SHA1|f54c0d03fc24c740,PetDB,PAPER|PETDB|CITATION_SHA1|f54c0d03fc24c740,,"Sato, H. (2004). MINERAL COMPOSITIONS OF MORB FROM THE AUSTRALIAN ANTARCTIC DISCORDANCE (AAD): IMPLICATIONS FOR MANTLE SOURCE CHARACTERISTICS. PROC ODP, SCI RESULTS, 187, 1-26.",SATO,2004,7
PAPER|GEOROC|CITATION_ID|10552,GEOROC,PAPER|GEOROC|CITATION_ID|10552,,[10552] SHAFER J. T. (2004),SHAFER,2004,14
PAPER|GEOROC|CITATION_ID|8674,GEOROC,PAPER|GEOROC|CITATION_ID|8674,,[8674] SHELLNUTT J. G. (2004),SHELLNUTT,2004,19
PAPER|GEOROC|CITATION_ID|8732,GEOROC,PAPER|GEOROC|CITATION_ID|8732,,[8732] SHETH H. C.(2004)  [GeoReM [1017] ],SHETH,2004,14
PAPER|GEOROC|CITATION_ID|7891,GEOROC,PAPER|GEOROC|CITATION_ID|7891,,[7891] SONG XIE-YAN (2004),SONG,2004,14
PAPER|GEOROC|CITATION_ID|7039,GEOROC,PAPER|GEOROC|CITATION_ID|7039,,[7039] STOLPER E. M. (2004),STOLPER,2004,497
PAPER|GEOROC|CITATION_ID|7069,GEOROC,PAPER|GEOROC|CITATION_ID|7069,,[7069] TROLL V. R. (2004),TROLL,2004,4
PAPER|GEOROC|CITATION_ID|9789,GEOROC,PAPER|GEOROC|CITATION_ID|9789,,[9789] UTO K. (2004),UTO,2004,27
PAPER|GEOROC|CITATION_ID|6997,GEOROC,PAPER|GEOROC|CITATION_ID|6997,,[6997] WEINSTEIN J. P. (2004),WEINSTEIN,2004,28
PAPER|GEOROC|CITATION_ID|6967,GEOROC,PAPER|GEOROC|CITATION_ID|6967,,[6967] WORKMAN R. K. (2004),WORKMAN,2004,102
PAPER|GEOROC|CITATION_ID|7857,GEOROC,PAPER|GEOROC|CITATION_ID|7857,,[7857] XIAO LONG (2004),XIAO,2004,43
PAPER|PETDB|CITATION_SHA1|9e50c97cbaf98894,PetDB,PAPER|PETDB|CITATION_SHA1|9e50c97cbaf98894,,"Agranier, A., Blichert-toft, J., ... Albarede, F. (2005). THE SPECTRA OF ISOTOPIC HETEROGENEITIES ALONG THE MID-ATLANTIC RIDGE. EARTH PLANET SCI LETT, 238, 96-109.",AGRANIER,2005,4
PAPER|GEOROC|CITATION_ID|7863,GEOROC,PAPER|GEOROC|CITATION_ID|7863,,[7863] AUBAUD C. (2005),AUBAUD,2005,1
PAPER|PETDB|CITATION_SHA1|19bff0a095303f6d,PetDB,PAPER|PETDB|CITATION_SHA1|19bff0a095303f6d,,"Blichert-toft, J., Agranier, A., ... Albarede, F. (2005). GEOCHEMICAL SEGMENTATION OF THE MIND-ATLANTIC RIDGE NORTH OF ICELAND AND RIDGE-HOT SPOT INTERACTION IN THE NORTH ATLANTIC. GEOCHEM GEOPHYS GEOSYST, 6(1)",BLICHERTTOFT,2005,6
PAPER|PETDB|CITATION_SHA1|f30b64d2b91fedb9,PetDB,PAPER|PETDB|CITATION_SHA1|f30b64d2b91fedb9,,"Chadwick, J., Perfit, M. R., ... Smith, M. (2005). MAGMATIC EFFECTS OF THE COBB HOT SPOT ON THE JUAN DE FUCA RIDGE. J GEOPHYS RES, 110, 16.",CHADWICK,2005,1
PAPER|GEOROC|CITATION_ID|7510,GEOROC,PAPER|GEOROC|CITATION_ID|7510,,[7510] CLASS C. (2005),CLASS,2005,5
PAPER|GEOROC|CITATION_ID|7525,GEOROC,PAPER|GEOROC|CITATION_ID|7525,,[7525] DOUCET S.(2005)  [GeoReM [500] ],DOUCET,2005,13
PAPER|GEOROC|CITATION_ID|8516,GEOROC,PAPER|GEOROC|CITATION_ID|8516,,[8516] GAFFNEY A. M.(2005)  [GeoReM [1166] ],GAFFNEY,2005,13
PAPER|GEOROC|CITATION_ID|8493,GEOROC,PAPER|GEOROC|CITATION_ID|8493,,[8493] GEIST D. J. (2005),GEIST,2005,92
PAPER|GEOROC|CITATION_ID|14234,GEOROC,PAPER|GEOROC|CITATION_ID|14234,,[14234] GIBSON S. A. (2005),GIBSON,2005,6
PAPER|GEOROC|CITATION_ID|12982,GEOROC,PAPER|GEOROC|CITATION_ID|12982,,[12982] GUTIERREZ M. (2005),GUTIERREZ,2005,13
PAPER|GEOROC|CITATION_ID|7776,GEOROC,PAPER|GEOROC|CITATION_ID|7776,,[7776] HARPP K. S. (2005),HARPP,2005,6
PAPER|PETDB|CITATION_SHA1|0476dd4533686e96,PetDB,PAPER|PETDB|CITATION_SHA1|0476dd4533686e96,,"Hoernle, K., Krolikowska-ciaglo, S., ... Hauff, F. (2005). SR-ND ISOTOPE SYSTEMATICS IN 14-28 MA LOW-TEMPERATURE ALTERED MID-OCEAN RIDGE BASALT FROM THE AUSTRALIAN ANTARCTIC DISCORDANCE, OCEAN DRILLING PROGRAM LEG 187. GEOCHEM GEOPHYS GEOSYST, 6(1)",HOERNLE,2005,6
PAPER|GEOROC|CITATION_ID|8517,GEOROC,PAPER|GEOROC|CITATION_ID|8517,,[8517] HUANG SHICHUN(2005)  [GeoReM [1167] ],HUANG,2005,19
PAPER|GEOROC|CITATION_ID|7521,GEOROC,PAPER|GEOROC|CITATION_ID|7521,,[7521] ICHIYAMA Y.(2005)  [GeoReM [2011] ],ICHIYAMA,2005,2
PAPER|PETDB|CITATION_SHA1|2fac4cd36e77269e,PetDB,PAPER|PETDB|CITATION_SHA1|2fac4cd36e77269e,,"Janney, P. E., Le Roex, A. P., ... Carlson, R. L. (2005). HAFNIUM ISOTOPE AND TRACE ELEMENT CONSTRAINTS ON THE NATURE OF MANTLE HETEROGENEITY BENEATH THE CENTRAL SOUTHWEST INDIAN RIDGE. J PETROL, 46(12), 2427-2464.",JANNEY,2005,9
PAPER|GEOROC|CITATION_ID|8185,GEOROC,PAPER|GEOROC|CITATION_ID|8185,,[8185] JONASSON K. (2005),JONASSON,2005,14
PAPER|GEOROC|CITATION_ID|16396,GEOROC,PAPER|GEOROC|CITATION_ID|16396,,[16396] KAY S. M. (2005),KAY,2005,3
PAPER|GEOROC|CITATION_ID|7516,GEOROC,PAPER|GEOROC|CITATION_ID|7516,,[7516] LEGENDRE C.(2005)  [GeoReM [1749] ],LEGENDRE,2005,11
PAPER|GEOROC|CITATION_ID|8489,GEOROC,PAPER|GEOROC|CITATION_ID|8489,,[8489] LEGENDRE C.(2005)  [GeoReM [1177] ],LEGENDRE,2005,2
PAPER|GEOROC|CITATION_ID|7504,GEOROC,PAPER|GEOROC|CITATION_ID|7504,,[7504] LUSTRINO M. (2005),LUSTRINO,2005,1
PAPER|GEOROC|CITATION_ID|7511,GEOROC,PAPER|GEOROC|CITATION_ID|7511,,[7511] MACPHERSON C. G. (2005),MACPHERSON,2005,10
PAPER|GEOROC|CITATION_ID|13762,GEOROC,PAPER|GEOROC|CITATION_ID|13762,,[13762] MASHIMA H. (2005),MASHIMA,2005,20
PAPER|GEOROC|CITATION_ID|8311,GEOROC,PAPER|GEOROC|CITATION_ID|8311,,[8311] MATTSSON H. B. (2005),MATTSSON,2005,10
PAPER|GEOROC|CITATION_ID|11773,GEOROC,PAPER|GEOROC|CITATION_ID|11773,,[11773] MELLA M. (2005),MELLA,2005,8
PAPER|GEOROC|CITATION_ID|8490,GEOROC,PAPER|GEOROC|CITATION_ID|8490,,[8490] MELLUSO L.(2005)  [GeoReM [1174] ],MELLUSO,2005,10
PAPER|PETDB|CITATION_SHA1|d309da0be80817b6,PetDB,PAPER|PETDB|CITATION_SHA1|d309da0be80817b6,,"Meyzen, C. M., Ludden, J. N., ... Storey, M. (2005). NEW INSIGHTS INTO THE ORIGIN AND DISTRIBUTION OF THE DUPAL ISOTOPE ANOMALY IN THE INDIAN OCEAN MANTLE FROM MORB OF THE SOUTHWEST INDIAN RIDGE. GEOCHEM GEOPHYS GEOSYST, 6(11)",MEYZEN,2005,4
PAPER|GEOROC|CITATION_ID|7412,GEOROC,PAPER|GEOROC|CITATION_ID|7412,,[7412] NOHDA S.(2005)  [GeoReM [1755] ],NOHDA,2005,33
PAPER|GEOROC|CITATION_ID|7868,GEOROC,PAPER|GEOROC|CITATION_ID|7868,,[7868] OZE C. J.-P. (2005),OZE,2005,2
PAPER|GEOROC|CITATION_ID|7878,GEOROC,PAPER|GEOROC|CITATION_ID|7878,,[7878] PAUL DEBAJYOTI(2005)  [GeoReM [494] ],PAUL,2005,26
PAPER|GEOROC|CITATION_ID|7243,GEOROC,PAPER|GEOROC|CITATION_ID|7243,,[7243] REICHOW M. K. (2005),REICHOW,2005,27
PAPER|GEOROC|CITATION_ID|9044,GEOROC,PAPER|GEOROC|CITATION_ID|9044,,[9044] REIDEL S. P. (2005),REIDEL,2005,53
PAPER|GEOROC|CITATION_ID|8528,GEOROC,PAPER|GEOROC|CITATION_ID|8528,,[8528] RHODES J. M.(2005)  [GeoReM [1170] ],RHODES,2005,15
PAPER|GEOROC|CITATION_ID|7742,GEOROC,PAPER|GEOROC|CITATION_ID|7742,,[7742] RILEY T. R. (2005),RILEY,2005,47
PAPER|GEOROC|CITATION_ID|7499,GEOROC,PAPER|GEOROC|CITATION_ID|7499,,[7499] SCHILLING M. E. (2005),SCHILLING,2005,1
PAPER|GEOROC|CITATION_ID|7407,GEOROC,PAPER|GEOROC|CITATION_ID|7407,,[7407] SCHWARZ S. (2005),SCHWARZ,2005,33
PAPER|GEOROC|CITATION_ID|7966,GEOROC,PAPER|GEOROC|CITATION_ID|7966,,[7966] TANAKA R.(2005)  [GeoReM [1165] ],TANAKA,2005,17
PAPER|GEOROC|CITATION_ID|7414,GEOROC,PAPER|GEOROC|CITATION_ID|7414,,[7414] TEASDALE R. (2005),TEASDALE,2005,31
PAPER|GEOROC|CITATION_ID|14348,GEOROC,PAPER|GEOROC|CITATION_ID|14348,,[14348] TEKLAY M. (2005),TEKLAY,2005,30
PAPER|GEOROC|CITATION_ID|7522,GEOROC,PAPER|GEOROC|CITATION_ID|7522,,[7522] UPTON B. G. J. (2005),UPTON,2005,19
PAPER|GEOROC|CITATION_ID|14635,GEOROC,PAPER|GEOROC|CITATION_ID|14635,,[14635] VERATI C. (2005),VERATI,2005,39
PAPER|GEOROC|CITATION_ID|7179,GEOROC,PAPER|GEOROC|CITATION_ID|7179,,[7179] VLASTELIC I.(2005)  [GeoReM [1801] ],VLASTELIC,2005,166
PAPER|GEOROC|CITATION_ID|8033,GEOROC,PAPER|GEOROC|CITATION_ID|8033,,[8033] WADE J. A. (2005),WADE,2005,4
PAPER|GEOROC|CITATION_ID|11910,GEOROC,PAPER|GEOROC|CITATION_ID|11910,,[11910] XIAO LONG (2005),XIAO,2005,12
PAPER|GEOROC|CITATION_ID|7517,GEOROC,PAPER|GEOROC|CITATION_ID|7517,,[7517] XU GUANGPING(2005)  [GeoReM [504] ],XU,2005,76
PAPER|GEOROC|CITATION_ID|9021,GEOROC,PAPER|GEOROC|CITATION_ID|9021,,[9021] YOKOSE H.(2005)  [GeoReM [1029] ],YOKOSE,2005,4
PAPER|GEOROC|CITATION_ID|9385,GEOROC,PAPER|GEOROC|CITATION_ID|9385,,[9385] BEIER C. (2006),BEIER,2006,66
PAPER|GEOROC|CITATION_ID|9149,GEOROC,PAPER|GEOROC|CITATION_ID|9149,,[9149] BONNEVILLE A.(2006)  [GeoReM [1912] ],BONNEVILLE,2006,3
PAPER|GEOROC|CITATION_ID|9195,GEOROC,PAPER|GEOROC|CITATION_ID|9195,,[9195] BRYANT J. A. (2006),BRYANT,2006,1
PAPER|GEOROC|CITATION_ID|9018,GEOROC,PAPER|GEOROC|CITATION_ID|9018,,[9018] CLAGUE D. A.(2006)  [GeoReM [1022] ],CLAGUE,2006,10
PAPER|GEOROC|CITATION_ID|9012,GEOROC,PAPER|GEOROC|CITATION_ID|9012,,[9012] COOMBS M. L. (2006),COOMBS,2006,117
PAPER|PETDB|CITATION_SHA1|97a1dc1d5feb4d98,PetDB,PAPER|PETDB|CITATION_SHA1|97a1dc1d5feb4d98,,"Debaille, V., Blichert-toft, J., ... Albarede, F. (2006). GEOCHEMICL COMPONENT RELATIONSHIPS IN MORBFROM THE MID-ATLANTIC RIDGE, 22-35degN. EARTH PLANET SCI LETT, 241, 844-862.",DEBAILLE,2006,18
PAPER|PETDB|CITATION_SHA1|9501fe41ee475a31,PetDB,PAPER|PETDB|CITATION_SHA1|9501fe41ee475a31,,"Eason, D., Sinton, J. M. (2006). ORIGIN OF HIGH-AL N-MORB BY FRACTIONAL CRYSTALLIZATION IN THE UPPER MANTLE BENEATH THE GALAPAGOS SPREADING CENTER. EARTH PLANET SCI LETT, 252, 423-436.",EASON,2006,23
PAPER|GEOROC|CITATION_ID|9496,GEOROC,PAPER|GEOROC|CITATION_ID|9496,,[9496] GALIPP K. (2006),GALIPP,2006,1
PAPER|MERGED|bf07c89eb0b7310f,GEOROC; PetDB,PAPER|MERGED|bf07c89eb0b7310f,,"Geist, D. J., Fornari, D. J., ... Koleszar, A. M. (2006). SUBMARINE FERNANDINA:  MAGMATISM AT THE LEADING EDGE OF THE GALAPAGOS HOT SPOT. GEOCHEM GEOPHYS GEOSYST, 7(12); [13694] GEIST D. J. (2006)",GEIST,2006,139
PAPER|GEOROC|CITATION_ID|9503,GEOROC,PAPER|GEOROC|CITATION_ID|9503,,[9503] GELDMACHER J.(2006)  [GeoReM [1515] ],GELDMACHER,2006,2
PAPER|GEOROC|CITATION_ID|9367,GEOROC,PAPER|GEOROC|CITATION_ID|9367,,[9367] GLASS L. M. (2006),GLASS,2006,10
PAPER|GEOROC|CITATION_ID|9586,GEOROC,PAPER|GEOROC|CITATION_ID|9586,,[9586] GURENKO A. A.(2006)  [GeoReM [1585] ],GURENKO,2006,31
PAPER|GEOROC|CITATION_ID|9717,GEOROC,PAPER|GEOROC|CITATION_ID|9717,,[9717] GUZMAN S. R. (2006),GUZMAN,2006,1
PAPER|GEOROC|CITATION_ID|9655,GEOROC,PAPER|GEOROC|CITATION_ID|9655,,[9655] HAGERTY J. J. (2006),HAGERTY,2006,6
PAPER|GEOROC|CITATION_ID|9016,GEOROC,PAPER|GEOROC|CITATION_ID|9016,,[9016] HAMMER J. E.(2006)  [GeoReM [1021] ],HAMMER,2006,21
PAPER|GEOROC|CITATION_ID|9796,GEOROC,PAPER|GEOROC|CITATION_ID|9796,,[9796] HANYU T.(2006)  [GeoReM [2534] ],HANYU,2006,16
PAPER|GEOROC|CITATION_ID|9651,GEOROC,PAPER|GEOROC|CITATION_ID|9651,,[9651] HARNOIS L. (2006),HARNOIS,2006,12
PAPER|GEOROC|CITATION_ID|9380,GEOROC,PAPER|GEOROC|CITATION_ID|9380,,[9380] HÖSKULDSSON A. (2006),HOSKULDSSON,2006,6
PAPER|GEOROC|CITATION_ID|15189,GEOROC,PAPER|GEOROC|CITATION_ID|15189,,[15189] JIANG CHANGYI (2006),JIANG,2006,14
PAPER|GEOROC|CITATION_ID|9013,GEOROC,PAPER|GEOROC|CITATION_ID|9013,,[9013] KIMURA J.-I.(2006)  [GeoReM [1020] ],KIMURA,2006,34
PAPER|GEOROC|CITATION_ID|9698,GEOROC,PAPER|GEOROC|CITATION_ID|9698,,[9698] KIMURA J.-I. (2006),KIMURA,2006,13
PAPER|GEOROC|CITATION_ID|15231,GEOROC,PAPER|GEOROC|CITATION_ID|15231,,[15231] KISELEV A. I. (2006),KISELEV,2006,30
PAPER|GEOROC|CITATION_ID|9565,GEOROC,PAPER|GEOROC|CITATION_ID|9565,,[9565] KOKFELT T. F. (2006),KOKFELT,2006,77
PAPER|GEOROC|CITATION_ID|9014,GEOROC,PAPER|GEOROC|CITATION_ID|9014,,[9014] LIPMAN P. W. (2006),LIPMAN,2006,61
PAPER|GEOROC|CITATION_ID|19483,GEOROC,PAPER|GEOROC|CITATION_ID|19483,,[19483] LONG WENGUO (2006),LONG,2006,10
PAPER|GEOROC|CITATION_ID|9445,GEOROC,PAPER|GEOROC|CITATION_ID|9445,,[9445] MELLUSO L.(2006)  [GeoReM [2660] ],MELLUSO,2006,2
PAPER|GEOROC|CITATION_ID|9734,GEOROC,PAPER|GEOROC|CITATION_ID|9734,,[9734] PEDERSEN A. K. (2006),PEDERSEN,2006,1
PAPER|GEOROC|CITATION_ID|9602,GEOROC,PAPER|GEOROC|CITATION_ID|9602,,[9602] RAY ARIJITA (2006),RAY,2006,4
PAPER|GEOROC|CITATION_ID|8706,GEOROC,PAPER|GEOROC|CITATION_ID|8706,,[8706] SHUTO K.(2006)  [GeoReM [1133] ],SHUTO,2006,23
PAPER|GEOROC|CITATION_ID|9396,GEOROC,PAPER|GEOROC|CITATION_ID|9396,,[9396] SONG XIE-YAN (2006),SONG,2006,39
PAPER|GEOROC|CITATION_ID|9036,GEOROC,PAPER|GEOROC|CITATION_ID|9036,,[9036] STERN R. J.(2006)  [GeoReM [1120] ],STERN,2006,18
PAPER|GEOROC|CITATION_ID|10406,GEOROC,PAPER|GEOROC|CITATION_ID|10406,,[10406] TAKAHASHI KIYOSHI (2006),TAKAHASHI,2006,26
PAPER|GEOROC|CITATION_ID|9015,GEOROC,PAPER|GEOROC|CITATION_ID|9015,,[9015] WANLESS V. D. (2006),WANLESS,2006,8
PAPER|GEOROC|CITATION_ID|9393,GEOROC,PAPER|GEOROC|CITATION_ID|9393,,[9393] WANLESS V. D. (2006),WANLESS,2006,53
PAPER|GEOROC|CITATION_ID|9391,GEOROC,PAPER|GEOROC|CITATION_ID|9391,,[9391] WILLBOLD M.(2006)  [GeoReM [998] ],WILLBOLD,2006,30
PAPER|GEOROC|CITATION_ID|9162,GEOROC,PAPER|GEOROC|CITATION_ID|9162,,[9162] YASUI M. (2006),YASUI,2006,48
PAPER|GEOROC|CITATION_ID|9630,GEOROC,PAPER|GEOROC|CITATION_ID|9630,,[9630] ZHANG ZHAOCHONG (2006),ZHANG,2006,15
PAPER|GEOROC|CITATION_ID|8506,GEOROC,PAPER|GEOROC|CITATION_ID|8506,,[8506] ZHOU MEI-FU (2006),ZHOU,2006,5
PAPER|GEOROC|CITATION_ID|10567,GEOROC,PAPER|GEOROC|CITATION_ID|10567,,[10567] BEIER C.(2007)  [GeoReM [2836] ],BEIER,2007,33
PAPER|GEOROC|CITATION_ID|21680,GEOROC,PAPER|GEOROC|CITATION_ID|21680,,[21680] CASTILLO P. R. (2007),CASTILLO,2007,12
PAPER|GEOROC|CITATION_ID|10156,GEOROC,PAPER|GEOROC|CITATION_ID|10156,,[10156] ESCUDER-VIRUETE J. (2007),ESCUDERVIRUETE,2007,17
PAPER|GEOROC|CITATION_ID|10675,GEOROC,PAPER|GEOROC|CITATION_ID|10675,,[10675] FALLOON T. J.(2007)  [GeoReM [3009] ],FALLOON,2007,4
PAPER|GEOROC|CITATION_ID|10693,GEOROC,PAPER|GEOROC|CITATION_ID|10693,,[10693] FEKIACOVA Z.(2007)  [GeoReM [2938] ],FEKIACOVA,2007,8
PAPER|PETDB|CITATION_SHA1|e8dc4b1a5027aae5,PetDB,PAPER|PETDB|CITATION_SHA1|e8dc4b1a5027aae5,,"Geshi, N., Umino, S., ... Hilde, T. W. C. (2007). DISCRETE PLUMBING SYSTEMS AND HETEROGENEOUS MAGMA SOURCES OF A 24 KM3 OFF-AXIS LAVA FIELD ON THE WESTERN FLANK OF EAST PACIFIC RISE, 14 DEG S. EARTH PLANET SCI LETT, 258, 61-72.",GESHI,2007,34
PAPER|GEOROC|CITATION_ID|11803,GEOROC,PAPER|GEOROC|CITATION_ID|11803,,[11803] HAMADA M. (2007),HAMADA,2007,2
PAPER|GEOROC|CITATION_ID|11753,GEOROC,PAPER|GEOROC|CITATION_ID|11753,,[11753] ICHIYAMA Y. (2007),ICHIYAMA,2007,1
PAPER|GEOROC|CITATION_ID|10583,GEOROC,PAPER|GEOROC|CITATION_ID|10583,,[10583] INGLE S. P. (2007),INGLE,2007,2
PAPER|GEOROC|CITATION_ID|12241,GEOROC,PAPER|GEOROC|CITATION_ID|12241,,[12241] JACKSON M. G. (2007),JACKSON,2007,6
PAPER|GEOROC|CITATION_ID|9809,GEOROC,PAPER|GEOROC|CITATION_ID|9809,,[9809] JEFFCOATE A. B. (2007),JEFFCOATE,2007,1
PAPER|GEOROC|CITATION_ID|10020,GEOROC,PAPER|GEOROC|CITATION_ID|10020,,[10020] JICHA B. R.(2007)  [GeoReM [2947] ],JICHA,2007,9
PAPER|GEOROC|CITATION_ID|10874,GEOROC,PAPER|GEOROC|CITATION_ID|10874,,[10874] JOLLY W. T.(2007)  [GeoReM [3246] ],JOLLY,2007,6
PAPER|GEOROC|CITATION_ID|9867,GEOROC,PAPER|GEOROC|CITATION_ID|9867,,[9867] KENNEDY B. (2007),KENNEDY,2007,4
PAPER|GEOROC|CITATION_ID|10641,GEOROC,PAPER|GEOROC|CITATION_ID|10641,,[10641] KISELEV A. I. (2007),KISELEV,2007,10
PAPER|PETDB|CITATION_SHA1|3886c2a6eb6ed3fe,PetDB,PAPER|PETDB|CITATION_SHA1|3886c2a6eb6ed3fe,,"Krolikowska-ciaglo, S., Deyhle, A. T., ... Hoernle, K. (2007). BORON ISOTOPE GEOCHEMISTRY AND U-Pb SYSTEMATICS OF ALTERED MORB FROM THE AUSTRALIAN ANTARCTIC DISCORDANCE (ODP LEG 187). CHEMICAL GEOLOGY, 242, 455-469.",KROLIKOWSKACIAGLO,2007,4
PAPER|GEOROC|CITATION_ID|9935,GEOROC,PAPER|GEOROC|CITATION_ID|9935,,[9935] LACASSE C. (2007),LACASSE,2007,5
PAPER|GEOROC|CITATION_ID|14637,GEOROC,PAPER|GEOROC|CITATION_ID|14637,,[14637] MAHMOUDI A. (2007),MAHMOUDI,2007,12
PAPER|GEOROC|CITATION_ID|11644,GEOROC,PAPER|GEOROC|CITATION_ID|11644,,[11644] MARSH J. S. (2007),MARSH,2007,23
PAPER|GEOROC|CITATION_ID|14146,GEOROC,PAPER|GEOROC|CITATION_ID|14146,,[14146] MESHESHA D. (2007),MESHESHA,2007,25
PAPER|PETDB|CITATION_SHA1|4d21f41e7a6872f9,PetDB,PAPER|PETDB|CITATION_SHA1|4d21f41e7a6872f9,,"Meyzen, C. M., Blichert-toft, J., ... Albarede, F. (2007). ISOTOPIC PORTRAYAL OF THE EARTHS UPPER MANTLE FLOW FIELD. NATURE, 447, 1069-1074.",MEYZEN,2007,2
PAPER|GEOROC|CITATION_ID|10281,GEOROC,PAPER|GEOROC|CITATION_ID|10281,,[10281] MORGAN J. K. (2007),MORGAN,2007,62
PAPER|GEOROC|CITATION_ID|13143,GEOROC,PAPER|GEOROC|CITATION_ID|13143,,[13143] NISHIKI K. (2007),NISHIKI,2007,6
PAPER|GEOROC|CITATION_ID|9999,GEOROC,PAPER|GEOROC|CITATION_ID|9999,,[9999] OHBA T. (2007),OHBA,2007,1
PAPER|GEOROC|CITATION_ID|10578,GEOROC,PAPER|GEOROC|CITATION_ID|10578,,[10578] PAUL DEBAJYOTI(2007)  [GeoReM [3203] ],PAUL,2007,31
PAPER|GEOROC|CITATION_ID|10608,GEOROC,PAPER|GEOROC|CITATION_ID|10608,,[10608] PEARCE J. A.(2007)  [GeoReM [2940] ],PEARCE,2007,5
PAPER|GEOROC|CITATION_ID|10282,GEOROC,PAPER|GEOROC|CITATION_ID|10282,,[10282] SAAL A. E.(2007)  [GeoReM [3549] ],SAAL,2007,58
PAPER|GEOROC|CITATION_ID|19478,GEOROC,PAPER|GEOROC|CITATION_ID|19478,,[19478] SANDEMAN H. A. (2007),SANDEMAN,2007,5
PAPER|GEOROC|CITATION_ID|10562,GEOROC,PAPER|GEOROC|CITATION_ID|10562,,[10562] SATO M.(2007)  [GeoReM [3063] ],SATO,2007,25
PAPER|GEOROC|CITATION_ID|10164,GEOROC,PAPER|GEOROC|CITATION_ID|10164,,[10164] SHERROD D. R. (2007),SHERROD,2007,10
PAPER|GEOROC|CITATION_ID|10621,GEOROC,PAPER|GEOROC|CITATION_ID|10621,,[10621] SVERRISDOTTIR G. (2007),SVERRISDOTTIR,2007,6
PAPER|GEOROC|CITATION_ID|10784,GEOROC,PAPER|GEOROC|CITATION_ID|10784,,[10784] VLASTELIC I.(2007)  [GeoReM [3489] ],VLASTELIC,2007,68
PAPER|GEOROC|CITATION_ID|10418,GEOROC,PAPER|GEOROC|CITATION_ID|10418,,[10418] WANG ZHIHONG(2007)  [GeoReM [3062] ],WANG,2007,13
PAPER|GEOROC|CITATION_ID|10626,GEOROC,PAPER|GEOROC|CITATION_ID|10626,,[10626] WANG CHRISTINA YAN(2007)  [GeoReM [2990] ],WANG,2007,58
PAPER|GEOROC|CITATION_ID|10155,GEOROC,PAPER|GEOROC|CITATION_ID|10155,,[10155] XU JI-FENG(2007)  [GeoReM [3284] ],XU,2007,13
PAPER|GEOROC|CITATION_ID|10692,GEOROC,PAPER|GEOROC|CITATION_ID|10692,,[10692] XU GUANGPING(2007)  [GeoReM [3460] ],XU,2007,102
PAPER|GEOROC|CITATION_ID|10024,GEOROC,PAPER|GEOROC|CITATION_ID|10024,,[10024] ZHU DI-CHENG (2007),ZHU,2007,9
PAPER|GEOROC|CITATION_ID|12765,GEOROC,PAPER|GEOROC|CITATION_ID|12765,,[12765] ALLIBON J. (2008),ALLIBON,2008,12
PAPER|PETDB|CITATION_SHA1|05da41402cec44f9,PetDB,PAPER|PETDB|CITATION_SHA1|05da41402cec44f9,,"Barker, A. K., Coogan, L. A., ... Weis, D. (2008). STRONTIUM ISOTOPE CONSTRAINTS ON FLUID FLOW IN THE SHEETED DIKE COMPLEX OF FAST SPREADING CRUST: PERVASIVE FLUID FLOW AT PITO DEEP. GEOCHEM GEOPHYS GEOSYST, 9(6)",BARKER,2008,8
PAPER|MERGED|d58c00c0830a8e70,GEOROC; PetDB,PAPER|MERGED|d58c00c0830a8e70,,"Beier, C., Haase, K. M., ... Hauff, F. (2008). MAGMA GENESIS BY RIFTING OF OCEANIC LITHOSPHERE ABOVE ANOMALOUS MANTLE: TERCEIRA RIFT, AZORES. GEOCHEM GEOPHYS GEOSYST, 9(12); [12941] BEIER C.(2008)  [GeoReM [4123] ]",BEIER,2008,37
PAPER|GEOROC|CITATION_ID|12388,GEOROC,PAPER|GEOROC|CITATION_ID|12388,,[12388] BINDEMAN I. N. (2008),BINDEMAN,2008,13
PAPER|GEOROC|CITATION_ID|11475,GEOROC,PAPER|GEOROC|CITATION_ID|11475,,[11475] CHATTERJEE N. (2008),CHATTERJEE,2008,63
PAPER|GEOROC|CITATION_ID|18827,GEOROC,PAPER|GEOROC|CITATION_ID|18827,,[18827] CHAUVET F. (2008),CHAUVET,2008,16
PAPER|PETDB|CITATION_SHA1|811383117f74ccba,PetDB,PAPER|PETDB|CITATION_SHA1|811383117f74ccba,,"Davis, A. S., Clague, D. A., ... Keaten, R. (2008). GEOCHEMISTRY OF BASALT FROM THE NORTH GORDA SEGMENT OF THE GORDA RIDGE:  EVOLUTION TOWARD ULTRASLOW SPREADING RIDGE LAVAS DUE TO DECREASING MAGMA SUPPLY. GEOCHEM GEOPHYS GEOSYST, 9(4)",DAVIS,2008,14
PAPER|GEOROC|CITATION_ID|12274,GEOROC,PAPER|GEOROC|CITATION_ID|12274,,[12274] DESSAI A. G. (2008),DESSAI,2008,19
PAPER|GEOROC|CITATION_ID|12504,GEOROC,PAPER|GEOROC|CITATION_ID|12504,,[12504] DIXON J. E. (2008),DIXON,2008,94
PAPER|GEOROC|CITATION_ID|11897,GEOROC,PAPER|GEOROC|CITATION_ID|11897,,[11897] DOSTAL J. (2008),DOSTAL,2008,5
PAPER|GEOROC|CITATION_ID|11858,GEOROC,PAPER|GEOROC|CITATION_ID|11858,,[11858] FAN WEI-MING(2008)  [GeoReM [4164] ],FAN,2008,40
PAPER|GEOROC|CITATION_ID|12261,GEOROC,PAPER|GEOROC|CITATION_ID|12261,,[12261] FONT L.(2008)  [GeoReM [4078] ],FONT,2008,7
PAPER|GEOROC|CITATION_ID|11652,GEOROC,PAPER|GEOROC|CITATION_ID|11652,,[11652] GARCIA M. O.(2008)  [GeoReM [4068] ],GARCIA,2008,7
PAPER|MERGED|e8badf4b1294e6aa,GEOROC; PetDB,PAPER|MERGED|e8badf4b1294e6aa,,"Geist, D. J., Diefenbach, B., ... Blusztajn, J. (2008). CONSTRUCTION OF THE GALÁPAGOS PLATFORM BY LARGE SUBMARINE VOLCANIC TERRACES. GEOCHEM GEOPHYS GEOSYST, 9(3); [11695] GEIST D. J. (2008)",GEIST,2008,69
PAPER|GEOROC|CITATION_ID|18131,GEOROC,PAPER|GEOROC|CITATION_ID|18131,,[18131] GESHI N. (2008),GESHI,2008,3
PAPER|GEOROC|CITATION_ID|12942,GEOROC,PAPER|GEOROC|CITATION_ID|12942,,[12942] GREENE A. R.(2008)  [GeoReM [4122] ],GREENE,2008,57
PAPER|GEOROC|CITATION_ID|11548,GEOROC,PAPER|GEOROC|CITATION_ID|11548,,[11548] HASTIE A. R.(2008)  [GeoReM [4154] ],HASTIE,2008,17
PAPER|PETDB|CITATION_SHA1|ae460eafa1b15a96,PetDB,PAPER|PETDB|CITATION_SHA1|ae460eafa1b15a96,,"Heft, K., Gillis, K. M., ... Klein, E. M. (2008). ROLE OF UPWELLING HYDROTHERMAL FLUIDS IN THE DEVELOPMENT OF ALTERATION PATTERNS AT FAST SPREADING RIDGES: EVIDENCE FROM THE SHEETED DIKE COMPLEX AT PITO DEEP. GEOCHEM GEOPHYS GEOSYST, 9(5)",HEFT,2008,28
PAPER|GEOROC|CITATION_ID|12458,GEOROC,PAPER|GEOROC|CITATION_ID|12458,,[12458] HILDENBRAND A. (2008),HILDENBRAND,2008,9
PAPER|GEOROC|CITATION_ID|11342,GEOROC,PAPER|GEOROC|CITATION_ID|11342,,[11342] ICHIYAMA Y.(2008)  [GeoReM [4145] ],ICHIYAMA,2008,17
PAPER|GEOROC|CITATION_ID|11847,GEOROC,PAPER|GEOROC|CITATION_ID|11847,,[11847] JACKSON M. G. (2008),JACKSON,2008,1
PAPER|GEOROC|CITATION_ID|12638,GEOROC,PAPER|GEOROC|CITATION_ID|12638,,[12638] JAY A. E. (2008),JAY,2008,46
PAPER|GEOROC|CITATION_ID|12823,GEOROC,PAPER|GEOROC|CITATION_ID|12823,,[12823] JIMENEZ N. C. (2008),JIMENEZ,2008,2
PAPER|GEOROC|CITATION_ID|12535,GEOROC,PAPER|GEOROC|CITATION_ID|12535,,[12535] KELLER N. S. (2008),KELLER,2008,3
PAPER|GEOROC|CITATION_ID|14705,GEOROC,PAPER|GEOROC|CITATION_ID|14705,,[14705] LI ZILONG (2008),LI,2008,6
PAPER|GEOROC|CITATION_ID|12004,GEOROC,PAPER|GEOROC|CITATION_ID|12004,,[12004] MAHONEY J. J.(2008)  [GeoReM [4071] ],MAHONEY,2008,42
PAPER|GEOROC|CITATION_ID|12150,GEOROC,PAPER|GEOROC|CITATION_ID|12150,,[12150] MARSKE J. P.(2008)  [GeoReM [4073] ],MARSKE,2008,80
PAPER|GEOROC|CITATION_ID|12334,GEOROC,PAPER|GEOROC|CITATION_ID|12334,,[12334] MCCLINTOCK M. (2008),MCCLINTOCK,2008,14
PAPER|GEOROC|CITATION_ID|11185,GEOROC,PAPER|GEOROC|CITATION_ID|11185,,[11185] MCCURRY M. (2008),MCCURRY,2008,10
PAPER|GEOROC|CITATION_ID|12649,GEOROC,PAPER|GEOROC|CITATION_ID|12649,,[12649] MELLUSO L. (2008),MELLUSO,2008,3
PAPER|GEOROC|CITATION_ID|12587,GEOROC,PAPER|GEOROC|CITATION_ID|12587,,[12587] MILLET M.-A.(2008)  [GeoReM [4436] ],MILLET,2008,6
PAPER|GEOROC|CITATION_ID|11716,GEOROC,PAPER|GEOROC|CITATION_ID|11716,,[11716] MIYOSHI M. (2008),MIYOSHI,2008,17
PAPER|GEOROC|CITATION_ID|15081,GEOROC,PAPER|GEOROC|CITATION_ID|15081,,[15081] MIYOSHI M. (2008),MIYOSHI,2008,3
PAPER|GEOROC|CITATION_ID|11489,GEOROC,PAPER|GEOROC|CITATION_ID|11489,,[11489] OLADOTTIR B. A. (2008),OLADOTTIR,2008,111
PAPER|GEOROC|CITATION_ID|13901,GEOROC,PAPER|GEOROC|CITATION_ID|13901,,[13901] PASQUARE G. (2008),PASQUARE,2008,19
PAPER|GEOROC|CITATION_ID|11859,GEOROC,PAPER|GEOROC|CITATION_ID|11859,,[11859] PAUL DALIM K.(2008)  [GeoReM [4167] ],PAUL,2008,44
PAPER|GEOROC|CITATION_ID|12757,GEOROC,PAPER|GEOROC|CITATION_ID|12757,,[12757] QI LIANG(2008)  [GeoReM [4213] ],QI,2008,36
PAPER|GEOROC|CITATION_ID|14622,GEOROC,PAPER|GEOROC|CITATION_ID|14622,,[14622] QI LIANG(2008)  [GeoReM [3726] ],QI,2008,61
PAPER|GEOROC|CITATION_ID|11707,GEOROC,PAPER|GEOROC|CITATION_ID|11707,,[11707] RAY R. (2008),RAY,2008,1
PAPER|GEOROC|CITATION_ID|11482,GEOROC,PAPER|GEOROC|CITATION_ID|11482,,[11482] REAGAN M. K. (2008),REAGAN,2008,1
PAPER|GEOROC|CITATION_ID|17919,GEOROC,PAPER|GEOROC|CITATION_ID|17919,,[17919] SANDEMAN H. A. (2008),SANDEMAN,2008,8
PAPER|PETDB|CITATION_SHA1|b5b8c8f8d82ada2b,PetDB,PAPER|PETDB|CITATION_SHA1|b5b8c8f8d82ada2b,,"Sano, T., Miyoshi, M., ... Fukuoka, T. (2008). BORON AND CHLORINE CONTENTS OF UPPER OCEANIC CRUST: BASEMENT SAMPLES FROM IODP HOLE 1256D. GEOCHEM GEOPHYS GEOSYST, 9(12)",SANO,2008,20
PAPER|GEOROC|CITATION_ID|11073,GEOROC,PAPER|GEOROC|CITATION_ID|11073,,[11073] SCOATES J. S.(2008)  [GeoReM [4060] ],SCOATES,2008,5
PAPER|GEOROC|CITATION_ID|11940,GEOROC,PAPER|GEOROC|CITATION_ID|11940,,[11940] SELF S. (2008),SELF,2008,15
PAPER|GEOROC|CITATION_ID|11486,GEOROC,PAPER|GEOROC|CITATION_ID|11486,,[11486] SHETH H. C. (2008),SHETH,2008,16
PAPER|GEOROC|CITATION_ID|11951,GEOROC,PAPER|GEOROC|CITATION_ID|11951,,[11951] SINGER B. S. (2008),SINGER,2008,11
PAPER|GEOROC|CITATION_ID|11340,GEOROC,PAPER|GEOROC|CITATION_ID|11340,,[11340] SONG XIE-YAN (2008),SONG,2008,20
PAPER|GEOROC|CITATION_ID|11711,GEOROC,PAPER|GEOROC|CITATION_ID|11711,,[11711] STOLL B.(2008)  [GeoReM [2767] ],STOLL,2008,3
PAPER|GEOROC|CITATION_ID|11184,GEOROC,PAPER|GEOROC|CITATION_ID|11184,,[11184] STRECK M. J. (2008),STRECK,2008,4
PAPER|GEOROC|CITATION_ID|11484,GEOROC,PAPER|GEOROC|CITATION_ID|11484,,[11484] SUSHCHEVSKAYA N. M. (2008),SUSHCHEVSKAYA,2008,5
PAPER|GEOROC|CITATION_ID|12975,GEOROC,PAPER|GEOROC|CITATION_ID|12975,,[12975] TIAN LIYAN(2008)  [GeoReM [4437] ],TIAN,2008,27
PAPER|MERGED|23e4ac0fd6053d4b,GEOROC; PetDB,PAPER|MERGED|23e4ac0fd6053d4b,,"Zellmer, G. F., Rubin, K. H., ... Jurado-chichay, Z. (2008). ON THE RECENT BIMODAL MAGMATIC PROCESSES AND THEIR RATES IN THE TORFAJÖKULL–VEIDIVÖTN AREA, ICELAND. EARTH PLANET SCI LETT, 269(3-4), 398.; [11979] ZELLMER G. F.(2008)  [GeoReM [4028] ]",ZELLMER,2008,7
PAPER|GEOROC|CITATION_ID|11343,GEOROC,PAPER|GEOROC|CITATION_ID|11343,,[11343] ZHU DI-CHENG(2008)  [GeoReM [4146] ],ZHU,2008,8
PAPER|GEOROC|CITATION_ID|14185,GEOROC,PAPER|GEOROC|CITATION_ID|14185,,[14185] AGATA T. (2009),AGATA,2009,13
PAPER|GEOROC|CITATION_ID|13822,GEOROC,PAPER|GEOROC|CITATION_ID|13822,,[13822] AMMON K. (2009),AMMON,2009,10
PAPER|GEOROC|CITATION_ID|13665,GEOROC,PAPER|GEOROC|CITATION_ID|13665,,[13665] AYALEW D.(2009)  [GeoReM [4880] ],AYALEW,2009,7
PAPER|GEOROC|CITATION_ID|13086,GEOROC,PAPER|GEOROC|CITATION_ID|13086,,[13086] BARKER A. K.(2009)  [GeoReM [4502] ],BARKER,2009,14
PAPER|GEOROC|CITATION_ID|13519,GEOROC,PAPER|GEOROC|CITATION_ID|13519,,[13519] BECCALUVA L. (2009),BECCALUVA,2009,18
PAPER|GEOROC|CITATION_ID|13861,GEOROC,PAPER|GEOROC|CITATION_ID|13861,,[13861] BERTOTTO G. W. (2009),BERTOTTO,2009,13
PAPER|GEOROC|CITATION_ID|13463,GEOROC,PAPER|GEOROC|CITATION_ID|13463,,[13463] BEZOS A. (2009),BEZOS,2009,52
PAPER|GEOROC|CITATION_ID|13440,GEOROC,PAPER|GEOROC|CITATION_ID|13440,,[13440] BOIVIN P. (2009),BOIVIN,2009,110
PAPER|GEOROC|CITATION_ID|13866,GEOROC,PAPER|GEOROC|CITATION_ID|13866,,[13866] BRUESEKE M. E. (2009),BRUESEKE,2009,3
PAPER|GEOROC|CITATION_ID|13431,GEOROC,PAPER|GEOROC|CITATION_ID|13431,,[13431] DAY J. M. D. (2009),DAY,2009,4
PAPER|GEOROC|CITATION_ID|13291,GEOROC,PAPER|GEOROC|CITATION_ID|13291,,[13291] DEBAILLE V.(2009)  [GeoReM [5163] ],DEBAILLE,2009,21
PAPER|GEOROC|CITATION_ID|13824,GEOROC,PAPER|GEOROC|CITATION_ID|13824,,[13824] DI NICOLA L. (2009),DI,2009,22
PAPER|GEOROC|CITATION_ID|13293,GEOROC,PAPER|GEOROC|CITATION_ID|13293,,[13293] EVINS L. Z. (2009),EVINS,2009,18
PAPER|GEOROC|CITATION_ID|14091,GEOROC,PAPER|GEOROC|CITATION_ID|14091,,[14091] FEDOTOV ZH. A. (2009),FEDOTOV,2009,2
PAPER|GEOROC|CITATION_ID|13646,GEOROC,PAPER|GEOROC|CITATION_ID|13646,,[13646] FOLGUERA A. (2009),FOLGUERA,2009,23
PAPER|GEOROC|CITATION_ID|13872,GEOROC,PAPER|GEOROC|CITATION_ID|13872,,[13872] GRAHAM D. W. (2009),GRAHAM,2009,11
PAPER|GEOROC|CITATION_ID|13234,GEOROC,PAPER|GEOROC|CITATION_ID|13234,,[13234] GREENE A. R.(2009)  [GeoReM [4507] ],GREENE,2009,40
PAPER|GEOROC|CITATION_ID|13284,GEOROC,PAPER|GEOROC|CITATION_ID|13284,,[13284] GREENE A. R.(2009)  [GeoReM [4485] ],GREENE,2009,63
PAPER|GEOROC|CITATION_ID|19477,GEOROC,PAPER|GEOROC|CITATION_ID|19477,,[19477] HAN J. WEI (2009),HAN,2009,21
PAPER|PETDB|CITATION_SHA1|a43f28feea9f78f5,PetDB,PAPER|PETDB|CITATION_SHA1|a43f28feea9f78f5,,"Huang, J., Casey, J. F., ... Gao, Y. (2009). DATA REPORT: TRACE ELEMENT GEOCHEMISTRY OF THE OCEANIC CRUST FORMED AT SUPERFAST-SPREADING RIDGE, HOLE 1256D. PROC ODP, SCI RESULTS, 309/312, 1-10.",HUANG,2009,5
PAPER|GEOROC|CITATION_ID|13124,GEOROC,PAPER|GEOROC|CITATION_ID|13124,,[13124] IRELAND T. J. (2009),IRELAND,2009,4
PAPER|GEOROC|CITATION_ID|13596,GEOROC,PAPER|GEOROC|CITATION_ID|13596,,[13596] KATOH M. (2009),KATOH,2009,11
PAPER|GEOROC|CITATION_ID|15335,GEOROC,PAPER|GEOROC|CITATION_ID|15335,,[15335] KISELEV A. I. (2009),KISELEV,2009,17
PAPER|GEOROC|CITATION_ID|12969,GEOROC,PAPER|GEOROC|CITATION_ID|12969,,[12969] KOKFELT T. F.(2009)  [GeoReM [5081] ],KOKFELT,2009,8
PAPER|GEOROC|CITATION_ID|13222,GEOROC,PAPER|GEOROC|CITATION_ID|13222,,[13222] KRATZMANN D. J. (2009),KRATZMANN,2009,2
PAPER|GEOROC|CITATION_ID|13608,GEOROC,PAPER|GEOROC|CITATION_ID|13608,,[13608] KRIVOLUTSKAYA N. A. (2009),KRIVOLUTSKAYA,2009,33
PAPER|GEOROC|CITATION_ID|13154,GEOROC,PAPER|GEOROC|CITATION_ID|13154,,[13154] KRÖCHERT J. (2009),KROCHERT,2009,16
PAPER|GEOROC|CITATION_ID|13310,GEOROC,PAPER|GEOROC|CITATION_ID|13310,,[13310] LAYNE G. D. (2009),LAYNE,2009,10
PAPER|GEOROC|CITATION_ID|13439,GEOROC,PAPER|GEOROC|CITATION_ID|13439,,[13439] LENAT J.-F. (2009),LENAT,2009,26
PAPER|GEOROC|CITATION_ID|14094,GEOROC,PAPER|GEOROC|CITATION_ID|14094,,[14094] LONGPRE M.-A. (2009),LONGPRE,2009,9
PAPER|PETDB|CITATION_SHA1|eb9b9ef88961722a,PetDB,PAPER|PETDB|CITATION_SHA1|eb9b9ef88961722a,,"Marques, A. F. A., Scott, S. D., ... Fouquet, Y. (2009). PRE-ERUPTION HISTORY OF ENRICHED MORB FROM THE MENEZ GWEN (37 deg 50' N) AND LUCKY STRIKE (37 deg 17' N) HYDROTHERMAL SYSTEMS, MID-ATLANTIC RIDGE. LITHOS, 112, 18-39.",MARQUES,2009,10
PAPER|GEOROC|CITATION_ID|13663,GEOROC,PAPER|GEOROC|CITATION_ID|13663,,[13663] MASHIMA H. (2009),MASHIMA,2009,11
PAPER|GEOROC|CITATION_ID|13757,GEOROC,PAPER|GEOROC|CITATION_ID|13757,,[13757] MASHIMA H. (2009),MASHIMA,2009,22
PAPER|GEOROC|CITATION_ID|13980,GEOROC,PAPER|GEOROC|CITATION_ID|13980,,[13980] MCCURRY M. (2009),MCCURRY,2009,8
PAPER|GEOROC|CITATION_ID|13870,GEOROC,PAPER|GEOROC|CITATION_ID|13870,,[13870] MILLER M. L. (2009),MILLER,2009,7
PAPER|GEOROC|CITATION_ID|13521,GEOROC,PAPER|GEOROC|CITATION_ID|13521,,[13521] MILLET M.-A.(2009)  [GeoReM [4787] ],MILLET,2009,22
PAPER|GEOROC|CITATION_ID|13611,GEOROC,PAPER|GEOROC|CITATION_ID|13611,,[13611] MIZOGUCHI S. (2009),MIZOGUCHI,2009,7
PAPER|GEOROC|CITATION_ID|13243,GEOROC,PAPER|GEOROC|CITATION_ID|13243,,[13243] MOUNE S. (2009),MOUNE,2009,2
PAPER|GEOROC|CITATION_ID|14049,GEOROC,PAPER|GEOROC|CITATION_ID|14049,,[14049] NAKANO S. (2009),NAKANO,2009,20
PAPER|PETDB|CITATION_SHA1|79e4b6878753b5a2,PetDB,PAPER|PETDB|CITATION_SHA1|79e4b6878753b5a2,,"Neo, N., Yamazaki, S., ... Miyashita, S. (2009). DATA REPORT: BULK ROCK COMPOSITIONS OF SAMPLES FROM THE IODP EXPEDITION 309/312 SAMPLE POOL, ODP HOLE 1256D. PROC IODP, 309/312",NEO,2009,129
PAPER|GEOROC|CITATION_ID|12971,GEOROC,PAPER|GEOROC|CITATION_ID|12971,,[12971] NICHOLS A. R. L. (2009),NICHOLS,2009,8
PAPER|GEOROC|CITATION_ID|13239,GEOROC,PAPER|GEOROC|CITATION_ID|13239,,[13239] NICOLL G. R. (2009),NICOLL,2009,2
PAPER|GEOROC|CITATION_ID|13465,GEOROC,PAPER|GEOROC|CITATION_ID|13465,,[13465] OHBA T.(2009)  [GeoReM [4517] ],OHBA,2009,30
PAPER|PETDB|CITATION_SHA1|12e812e901ac6468,PetDB,PAPER|PETDB|CITATION_SHA1|12e812e901ac6468,,"Pollock, M. A., Klein, E. M., ... Coleman, D. S. (2009). COMPOSITIONS OF DIKES AND LAVAS FROM THE PITO DEEP RIFT:  IMPLICATIONS FOR CRUSTAL ACCRETION AT SUPERFAST SPREADING CENTERS. J GEOPHYS RES, 114(B03207)",POLLOCK,2009,174
PAPER|GEOROC|CITATION_ID|13159,GEOROC,PAPER|GEOROC|CITATION_ID|13159,,[13159] PRYTULAK J.(2009)  [GeoReM [5120] ],PRYTULAK,2009,2
PAPER|GEOROC|CITATION_ID|14184,GEOROC,PAPER|GEOROC|CITATION_ID|14184,,[14184] PUFFER J. H. (2009),PUFFER,2009,35
PAPER|GEOROC|CITATION_ID|13655,GEOROC,PAPER|GEOROC|CITATION_ID|13655,,[13655] PUTIRKA K. D.(2009)  [GeoReM [5010] ],PUTIRKA,2009,20
PAPER|GEOROC|CITATION_ID|13537,GEOROC,PAPER|GEOROC|CITATION_ID|13537,,[13537] REN ZHONG-YUAN(2009)  [GeoReM [4972] ],REN,2009,5
PAPER|GEOROC|CITATION_ID|13384,GEOROC,PAPER|GEOROC|CITATION_ID|13384,,[13384] RIKER J. M. (2009),RIKER,2009,62
PAPER|PETDB|CITATION_SHA1|414e034c448c57c4,PetDB,PAPER|PETDB|CITATION_SHA1|414e034c448c57c4,,"Rotella, M., Sinton, J. M., ... Chazey Iii, W. (2009). GEOCHEMICAL EVIDENCE FOR LOW MAGMA SUPPLY AND INACTIVE PROPAGATION AT THE GALAPAGOS 93.25 DEG W OVERLAPPING SPREADING CENTER. GEOCHEM GEOPHYS GEOSYST, 10",ROTELLA,2009,19
PAPER|GEOROC|CITATION_ID|13647,GEOROC,PAPER|GEOROC|CITATION_ID|13647,,[13647] SAFONOVA I. YU. (2009),SAFONOVA,2009,5
PAPER|GEOROC|CITATION_ID|13305,GEOROC,PAPER|GEOROC|CITATION_ID|13305,,[13305] SAKUYAMA T. (2009),SAKUYAMA,2009,32
PAPER|GEOROC|CITATION_ID|15230,GEOROC,PAPER|GEOROC|CITATION_ID|15230,,[15230] SARAEV S. V. (2009),SARAEV,2009,12
PAPER|GEOROC|CITATION_ID|13869,GEOROC,PAPER|GEOROC|CITATION_ID|13869,,[13869] SAVOV I. P. (2009),SAVOV,2009,2
PAPER|GEOROC|CITATION_ID|12918,GEOROC,PAPER|GEOROC|CITATION_ID|12918,,[12918] SCHUESSLER J. A.(2009)  [GeoReM [3710] ],SCHUESSLER,2009,1
PAPER|GEOROC|CITATION_ID|12899,GEOROC,PAPER|GEOROC|CITATION_ID|12899,,[12899] SEN G.(2009)  [GeoReM [3941] ],SEN,2009,22
PAPER|GEOROC|CITATION_ID|13871,GEOROC,PAPER|GEOROC|CITATION_ID|13871,,[13871] SHERVAIS J. W. (2009),SHERVAIS,2009,10
PAPER|GEOROC|CITATION_ID|13569,GEOROC,PAPER|GEOROC|CITATION_ID|13569,,[13569] SHETH H. C.(2009)  [GeoReM [4546] ],SHETH,2009,20
PAPER|GEOROC|CITATION_ID|13788,GEOROC,PAPER|GEOROC|CITATION_ID|13788,,[13788] SISSON T. W. (2009),SISSON,2009,43
PAPER|GEOROC|CITATION_ID|13460,GEOROC,PAPER|GEOROC|CITATION_ID|13460,,[13460] SMITH I. E. M. (2009),SMITH,2009,16
PAPER|GEOROC|CITATION_ID|12959,GEOROC,PAPER|GEOROC|CITATION_ID|12959,,[12959] SOAGER N.(2009)  [GeoReM [4476] ],SOAGER,2009,13
PAPER|GEOROC|CITATION_ID|13779,GEOROC,PAPER|GEOROC|CITATION_ID|13779,,[13779] SUSHCHEVSKAYA N. M. (2009),SUSHCHEVSKAYA,2009,11
PAPER|GEOROC|CITATION_ID|13128,GEOROC,PAPER|GEOROC|CITATION_ID|13128,,[13128] TAKAMASA A.(2009)  [GeoReM [4756] ],TAKAMASA,2009,21
PAPER|GEOROC|CITATION_ID|13438,GEOROC,PAPER|GEOROC|CITATION_ID|13438,,[13438] VILLEMANT B. (2009),VILLEMANT,2009,14
PAPER|GEOROC|CITATION_ID|13668,GEOROC,PAPER|GEOROC|CITATION_ID|13668,,[13668] YAMAMOTO T. (2009),YAMAMOTO,2009,16
PAPER|PETDB|CITATION_SHA1|df45b95bd9dab401,PetDB,PAPER|PETDB|CITATION_SHA1|df45b95bd9dab401,,"Yamazaki, S., Neo, N., ... Miyashita, S. (2009). DATA REPORT: WHOLE-ROCK MAJOR AND TRACE ELEMENTS AND MINERAL COMPOSITIONS OF THE SHEETED DIKE-GABBRO TRANSITION IN ODP HOLE 1256D. PROC ODP, SCI RESULTS, 309/312, 1-31.",YAMAZAKI,2009,7
PAPER|GEOROC|CITATION_ID|17289,GEOROC,PAPER|GEOROC|CITATION_ID|17289,,[17289] YU XING (2009),YU,2009,10
PAPER|GEOROC|CITATION_ID|13962,GEOROC,PAPER|GEOROC|CITATION_ID|13962,,[13962] ZHOU MEI-FU(2009)  [GeoReM [4885] ],ZHOU,2009,17
PAPER|GEOROC|CITATION_ID|14107,GEOROC,PAPER|GEOROC|CITATION_ID|14107,,[14107] ACIEGO S. (2010),ACIEGO,2010,8
PAPER|GEOROC|CITATION_ID|14732,GEOROC,PAPER|GEOROC|CITATION_ID|14732,,[14732] AULINAS M.(2010)  [GeoReM [5327] ],AULINAS,2010,5
PAPER|GEOROC|CITATION_ID|15131,GEOROC,PAPER|GEOROC|CITATION_ID|15131,,[15131] BALYKIN P. A. (2010),BALYKIN,2010,4
PAPER|GEOROC|CITATION_ID|15815,GEOROC,PAPER|GEOROC|CITATION_ID|15815,,[15815] BARDINTZEFF J.-M. (2010),BARDINTZEFF,2010,9
PAPER|PETDB|CITATION_SHA1|d5a09dddf7e7b602,PetDB,PAPER|PETDB|CITATION_SHA1|d5a09dddf7e7b602,,"Barker, A. K., Coogan, L. A., ... Gillis, K. M. (2010). INSIGHTS INTO THE BEHAVIOUR OF SULPHUR IN MID-OCEAN RIDGE AXIAL HYDROTHERMAL SYSTEMS FROM THE COMPOSITION OF THE SHEETED DYKE COMPLEX AT PITO DEEP. CHEMICAL GEOLOGY, 275, 105-115.",BARKER,2010,12
PAPER|GEOROC|CITATION_ID|15136,GEOROC,PAPER|GEOROC|CITATION_ID|15136,,[15136] BUSLOV M. M. (2010),BUSLOV,2010,3
PAPER|GEOROC|CITATION_ID|14573,GEOROC,PAPER|GEOROC|CITATION_ID|14573,,[14573] CHABOU M. C. (2010),CHABOU,2010,2
PAPER|GEOROC|CITATION_ID|15056,GEOROC,PAPER|GEOROC|CITATION_ID|15056,,[15056] DAY J. M. D.(2010)  [GeoReM [5600] ],DAY,2010,9
PAPER|GEOROC|CITATION_ID|14085,GEOROC,PAPER|GEOROC|CITATION_ID|14085,,[14085] DYHR C. T. (2010),DYHR,2010,6
PAPER|GEOROC|CITATION_ID|16232,GEOROC,PAPER|GEOROC|CITATION_ID|16232,,[16232] ESPINOZA F. (2010),ESPINOZA,2010,1
PAPER|GEOROC|CITATION_ID|14457,GEOROC,PAPER|GEOROC|CITATION_ID|14457,,[14457] ESTRADA S. (2010),ESTRADA,2010,7
PAPER|GEOROC|CITATION_ID|14499,GEOROC,PAPER|GEOROC|CITATION_ID|14499,,[14499] GARCIA M. O.(2010)  [GeoReM [5454] ],GARCIA,2010,29
PAPER|GEOROC|CITATION_ID|14391,GEOROC,PAPER|GEOROC|CITATION_ID|14391,,[14391] GERMA A. (2010),GERMA,2010,13
PAPER|GEOROC|CITATION_ID|14907,GEOROC,PAPER|GEOROC|CITATION_ID|14907,,[14907] GIBSON S. A. (2010),GIBSON,2010,15
PAPER|GEOROC|CITATION_ID|14945,GEOROC,PAPER|GEOROC|CITATION_ID|14945,,[14945] GREENE A. R.(2010)  [GeoReM [5460] ],GREENE,2010,2
PAPER|GEOROC|CITATION_ID|15285,GEOROC,PAPER|GEOROC|CITATION_ID|15285,,[15285] HAGOS M. (2010),HAGOS,2010,3
PAPER|PETDB|CITATION_SHA1|4eec9536d51f9b1e,PetDB,PAPER|PETDB|CITATION_SHA1|4eec9536d51f9b1e,,"Hamelin, C., Hanan, B. B., ... Ondreas, H. (2010). Sr-Nd-Hf ISOTOPES ALONG THE PACIFIC ANTARCTIC RIDGE FROM 41 TO 53 DEG S. GEOPHYS RES LETT, 37",HAMELIN,2010,22
PAPER|GEOROC|CITATION_ID|14053,GEOROC,PAPER|GEOROC|CITATION_ID|14053,,[14053] HANANO D.(2010)  [GeoReM [5549] ],HANANO,2010,30
PAPER|GEOROC|CITATION_ID|15983,GEOROC,PAPER|GEOROC|CITATION_ID|15983,,[15983] HANYU T.(2010)  [GeoReM [5482] ],HANYU,2010,26
PAPER|GEOROC|CITATION_ID|16538,GEOROC,PAPER|GEOROC|CITATION_ID|16538,,[16538] HARTMANN L. A. (2010),HARTMANN,2010,8
PAPER|GEOROC|CITATION_ID|14604,GEOROC,PAPER|GEOROC|CITATION_ID|14604,,[14604] HE QI (2010),HE,2010,6
PAPER|GEOROC|CITATION_ID|14725,GEOROC,PAPER|GEOROC|CITATION_ID|14725,,[14725] HEINONEN J. S.(2010)  [GeoReM [5200] ],HEINONEN,2010,1
PAPER|GEOROC|CITATION_ID|14855,GEOROC,PAPER|GEOROC|CITATION_ID|14855,,[14855] HOERNLE K. A.(2010)  [GeoReM [5659] ],HOERNLE,2010,12
PAPER|GEOROC|CITATION_ID|15325,GEOROC,PAPER|GEOROC|CITATION_ID|15325,,[15325] HOOPER P. R. (2010),HOOPER,2010,36
PAPER|GEOROC|CITATION_ID|15968,GEOROC,PAPER|GEOROC|CITATION_ID|15968,,[15968] KIMURA J.-I.(2010)  [GeoReM [5465] ],KIMURA,2010,16
PAPER|GEOROC|CITATION_ID|13990,GEOROC,PAPER|GEOROC|CITATION_ID|13990,,[13990] KRATZMANN D. J. (2010),KRATZMANN,2010,2
PAPER|GEOROC|CITATION_ID|14605,GEOROC,PAPER|GEOROC|CITATION_ID|14605,,[14605] LI JIE(2010)  [GeoReM [5323] ],LI,2010,5
PAPER|GEOROC|CITATION_ID|14390,GEOROC,PAPER|GEOROC|CITATION_ID|14390,,[14390] LITVAK V. D. (2010),LITVAK,2010,3
PAPER|GEOROC|CITATION_ID|14849,GEOROC,PAPER|GEOROC|CITATION_ID|14849,,[14849] LUTTINEN A. V. (2010),LUTTINEN,2010,36
PAPER|GEOROC|CITATION_ID|13695,GEOROC,PAPER|GEOROC|CITATION_ID|13695,,[13695] MAMANI M. (2010),MAMANI,2010,4
PAPER|GEOROC|CITATION_ID|14314,GEOROC,PAPER|GEOROC|CITATION_ID|14314,,[14314] MARTIN E. (2010),MARTIN,2010,1
PAPER|PETDB|CITATION_SHA1|1f4e842af851e12e,PetDB,PAPER|PETDB|CITATION_SHA1|1f4e842af851e12e,,"O'connor, J., Jokat, W., ... Class, C. (2010). SHONA AND DISCOVERY ASEISMIC RIDGE SYSTEMS, SOUTH ATLANTIC: TRACE ELEMENT EVIDENCE FOR ENRICHED MANTLE SOURCES. J PETROL, 51(10), 2089-2120.",OCONNOR,2010,9
PAPER|GEOROC|CITATION_ID|14853,GEOROC,PAPER|GEOROC|CITATION_ID|14853,,[14853] SALAÜN A. (2010),SALAUN,2010,12
PAPER|GEOROC|CITATION_ID|14404,GEOROC,PAPER|GEOROC|CITATION_ID|14404,,[14404] SALTERS V. J. M. (2010),SALTERS,2010,42
PAPER|GEOROC|CITATION_ID|14079,GEOROC,PAPER|GEOROC|CITATION_ID|14079,,[14079] SHELLNUTT J. G. (2010),SHELLNUTT,2010,1
PAPER|GEOROC|CITATION_ID|14131,GEOROC,PAPER|GEOROC|CITATION_ID|14131,,[14131] SMITH I. E. M. (2010),SMITH,2010,80
PAPER|GEOROC|CITATION_ID|14998,GEOROC,PAPER|GEOROC|CITATION_ID|14998,,[14998] STEPANOVA A. V. (2010),STEPANOVA,2010,10
PAPER|GEOROC|CITATION_ID|14073,GEOROC,PAPER|GEOROC|CITATION_ID|14073,,[14073] TALUSANI R. V. R. (2010),TALUSANI,2010,28
PAPER|GEOROC|CITATION_ID|14135,GEOROC,PAPER|GEOROC|CITATION_ID|14135,,[14135] VAN DER ZANDER I. (2010),VAN,2010,23
PAPER|GEOROC|CITATION_ID|14474,GEOROC,PAPER|GEOROC|CITATION_ID|14474,,[14474] VINET N. (2010),VINET,2010,11
PAPER|GEOROC|CITATION_ID|14739,GEOROC,PAPER|GEOROC|CITATION_ID|14739,,[14739] WANG XUAN-CE (2010),WANG,2010,20
PAPER|GEOROC|CITATION_ID|14609,GEOROC,PAPER|GEOROC|CITATION_ID|14609,,[14609] ZHANG YU-TAO (2010),ZHANG,2010,19
PAPER|GEOROC|CITATION_ID|14737,GEOROC,PAPER|GEOROC|CITATION_ID|14737,,[14737] ZHANG CHUAN-LIN (2010),ZHANG,2010,14
PAPER|PETDB|CITATION_SHA1|ac9a0577d766b24b,PetDB,PAPER|PETDB|CITATION_SHA1|ac9a0577d766b24b,,"Zhang, G., Zeng, Z., ... Turner, S. (2010). GENERATION AND EVOLUTION OF MAGMA BENEATH THE EAST PACIFIC RISE: CONSTRAINTS FROM U-SERIES DISEQUILIBRIUM AND PLAGIOCLASE-HOSTED MELT INCLUSIONS. J VOLCANOL GEOTHERM RES, 193, 1-17.",ZHANG,2010,2
PAPER|GEOROC|CITATION_ID|15984,GEOROC,PAPER|GEOROC|CITATION_ID|15984,,[15984] ZHENG LIANDI (2010),ZHENG,2010,9
PAPER|GEOROC|CITATION_ID|15658,GEOROC,PAPER|GEOROC|CITATION_ID|15658,,[15658] ANH TRANS VIET (2011),ANH,2011,15
PAPER|GEOROC|CITATION_ID|15601,GEOROC,PAPER|GEOROC|CITATION_ID|15601,,[15601] BROWN R. J. (2011),BROWN,2011,11
PAPER|GEOROC|CITATION_ID|14961,GEOROC,PAPER|GEOROC|CITATION_ID|14961,,[14961] CHEKOL T. A.(2011)  [GeoReM [5936] ],CHEKOL,2011,34
PAPER|GEOROC|CITATION_ID|15816,GEOROC,PAPER|GEOROC|CITATION_ID|15816,,[15816] CUCCINIELLO C. (2011),CUCCINIELLO,2011,13
PAPER|GEOROC|CITATION_ID|15233,GEOROC,PAPER|GEOROC|CITATION_ID|15233,,[15233] FREY F. A. (2011),FREY,2011,63
PAPER|PETDB|CITATION_SHA1|67d966f6adbd8ced,PetDB,PAPER|PETDB|CITATION_SHA1|67d966f6adbd8ced,,"Hamelin, C., Dosso, L., ... Thomas, M. Y. (2011). GEOCHEMICAL PORTRAY OF THE PACIFIC RIDGE: NEW ISOTOPIC DATA AND STATISTICAL TECHNIQUES. EARTH PLANET SCI LETT, 302(1-2), 154-162.",HAMELIN,2011,13
PAPER|GEOROC|CITATION_ID|15635,GEOROC,PAPER|GEOROC|CITATION_ID|15635,,[15635] HANDLEY H. K.(2011)  [GeoReM [6242] ],HANDLEY,2011,8
PAPER|GEOROC|CITATION_ID|15959,GEOROC,PAPER|GEOROC|CITATION_ID|15959,,[15959] HANYU T. (2011),HANYU,2011,1
PAPER|GEOROC|CITATION_ID|19747,GEOROC,PAPER|GEOROC|CITATION_ID|19747,,[19747] IMAOKA T. (2011),IMAOKA,2011,6
PAPER|GEOROC|CITATION_ID|15462,GEOROC,PAPER|GEOROC|CITATION_ID|15462,,[15462] KAWABATA H.(2011)  [GeoReM [6290] ],KAWABATA,2011,66
PAPER|GEOROC|CITATION_ID|16901,GEOROC,PAPER|GEOROC|CITATION_ID|16901,,[16901] KRIVOLUTSKAYA N. A. (2011),KRIVOLUTSKAYA,2011,18
PAPER|GEOROC|CITATION_ID|16902,GEOROC,PAPER|GEOROC|CITATION_ID|16902,,[16902] KRIVOLUTSKAYA N. A. (2011),KRIVOLUTSKAYA,2011,7
PAPER|GEOROC|CITATION_ID|15530,GEOROC,PAPER|GEOROC|CITATION_ID|15530,,[15530] KSHIRSAGAR P. V. (2011),KSHIRSAGAR,2011,2
PAPER|GEOROC|CITATION_ID|4568,GEOROC,PAPER|GEOROC|CITATION_ID|4568,,[4568] KUNO H. (2011),KUNO,2011,11
PAPER|GEOROC|CITATION_ID|14919,GEOROC,PAPER|GEOROC|CITATION_ID|14919,,[14919] KURITANI T.(2011)  [GeoReM [5933] ],KURITANI,2011,37
PAPER|GEOROC|CITATION_ID|15044,GEOROC,PAPER|GEOROC|CITATION_ID|15044,,[15044] LEDNEVA G. V. (2011),LEDNEVA,2011,4
PAPER|GEOROC|CITATION_ID|15668,GEOROC,PAPER|GEOROC|CITATION_ID|15668,,[15668] MADUREIRA P.(2011)  [GeoReM [6330] ],MADUREIRA,2011,12
PAPER|GEOROC|CITATION_ID|15566,GEOROC,PAPER|GEOROC|CITATION_ID|15566,,[15566] MARSKE J. P.(2011)  [GeoReM [6201] ],MARSKE,2011,14
PAPER|GEOROC|CITATION_ID|15308,GEOROC,PAPER|GEOROC|CITATION_ID|15308,,[15308] MARZOLI A. (2011),MARZOLI,2011,18
PAPER|GEOROC|CITATION_ID|15309,GEOROC,PAPER|GEOROC|CITATION_ID|15309,,[15309] MERLE R. E. (2011),MERLE,2011,23
PAPER|GEOROC|CITATION_ID|15769,GEOROC,PAPER|GEOROC|CITATION_ID|15769,,[15769] NATALI C. (2011),NATALI,2011,4
PAPER|GEOROC|CITATION_ID|15031,GEOROC,PAPER|GEOROC|CITATION_ID|15031,,[15031] PINTO V. M. (2011),PINTO,2011,1
PAPER|PETDB|CITATION_SHA1|02b0d3340b435517,PetDB,PAPER|PETDB|CITATION_SHA1|02b0d3340b435517,,"Regelous, M., Duncan, R. A., ... Haase, K. M. (2011). INSIGHTS INTO MANTLE COMPOSITION AND MANTLE MELTING BENEATH MID-OCEAN RIDGES FROM POSTSPREADING VOLCANISM ON THE FOSSIL GALAPAGOS RISE. GEOCHEM GEOPHYS GEOSYST, 12(5)",REGELOUS,2011,13
PAPER|PETDB|CITATION_SHA1|ed6e7038b815c4b0,PetDB,PAPER|PETDB|CITATION_SHA1|ed6e7038b815c4b0,,"Salters, V. J. M., Mallick, S., ... Stracke, A. (2011). DOMAINS OF DEPLETED MANTLE: NEW EVIDENCE FROM HAFNIUM AND NEODYMIUM ISOTOPES. GEOCHEM GEOPHYS GEOSYST, 12(8)",SALTERS,2011,1
PAPER|PETDB|CITATION_SHA1|a273b9fb7959ea5b,PetDB,PAPER|PETDB|CITATION_SHA1|a273b9fb7959ea5b,,"Sano, T., Sakuyama, T., ... Yamasaki, T. (2011). PETROLOGICAL RELATIONSHIPS AMONG LAVAS, DIKES, AND GABBROS FROM INTEGRATED OCEAN DRILLING PROGRAM HOLE 1256D: INSIGHT INTO THE MAGMA PLUMBING SYSTEM BENEATH THE EAST PACIFIC RISE. GEOCHEM GEOPHYS GEOSYST, 12(6)",SANO,2011,32
PAPER|GEOROC|CITATION_ID|19556,GEOROC,PAPER|GEOROC|CITATION_ID|19556,,[19556] SAVAGE P. S.(2011)  [GeoReM [6079] ],SAVAGE,2011,15
PAPER|GEOROC|CITATION_ID|14969,GEOROC,PAPER|GEOROC|CITATION_ID|14969,,[14969] SHELLNUTT J. G. (2011),SHELLNUTT,2011,3
PAPER|GEOROC|CITATION_ID|15408,GEOROC,PAPER|GEOROC|CITATION_ID|15408,,[15408] SHETH H. C. (2011),SHETH,2011,3
PAPER|GEOROC|CITATION_ID|15702,GEOROC,PAPER|GEOROC|CITATION_ID|15702,,[15702] SHETH H. C. (2011),SHETH,2011,3
PAPER|GEOROC|CITATION_ID|14988,GEOROC,PAPER|GEOROC|CITATION_ID|14988,,[14988] SOAGER N.(2011)  [GeoReM [5917] ],SOAGER,2011,45
PAPER|GEOROC|CITATION_ID|15199,GEOROC,PAPER|GEOROC|CITATION_ID|15199,,[15199] STEFANO C. J. (2011),STEFANO,2011,5
PAPER|GEOROC|CITATION_ID|15579,GEOROC,PAPER|GEOROC|CITATION_ID|15579,,[15579] STERN C. R. (2011),STERN,2011,7
PAPER|GEOROC|CITATION_ID|16193,GEOROC,PAPER|GEOROC|CITATION_ID|16193,,[16193] TAKANASHI K.(2011)  [GeoReM [6189] ],TAKANASHI,2011,50
PAPER|GEOROC|CITATION_ID|15229,GEOROC,PAPER|GEOROC|CITATION_ID|15229,,[15229] TIMM C. (2011),TIMM,2011,14
PAPER|PETDB|CITATION_SHA1|31e3a3c8d522e8de,PetDB,PAPER|PETDB|CITATION_SHA1|31e3a3c8d522e8de,,"Todd, E., Gill, J. B., ... Mortimer, N. (2011). HF ISOTOPIC EVIDENCE FOR SMALL-SCALE HETEROGENEITY IN THE MODE OF MANTLE WEDGE ENRICHMENT: SOUTHERN HAVRE TROUGH AND SOUTH FIJI BASIN BACK ARCS. GEOCHEM GEOPHYS GEOSYST, 12(9)",TODD,2011,1
PAPER|GEOROC|CITATION_ID|15047,GEOROC,PAPER|GEOROC|CITATION_ID|15047,,[15047] VANDERKLUYSEN L. (2011),VANDERKLUYSEN,2011,345
PAPER|GEOROC|CITATION_ID|15593,GEOROC,PAPER|GEOROC|CITATION_ID|15593,,[15593] YAMADA R. (2011),YAMADA,2011,7
PAPER|GEOROC|CITATION_ID|15560,GEOROC,PAPER|GEOROC|CITATION_ID|15560,,[15560] YAMASAKI S. (2011),YAMASAKI,2011,23
PAPER|GEOROC|CITATION_ID|15564,GEOROC,PAPER|GEOROC|CITATION_ID|15564,,[15564] YU XING (2011),YU,2011,16
PAPER|GEOROC|CITATION_ID|16601,GEOROC,PAPER|GEOROC|CITATION_ID|16601,,[16601] ANCOCHEA E. (2012),ANCOCHEA,2012,3
PAPER|GEOROC|CITATION_ID|16224,GEOROC,PAPER|GEOROC|CITATION_ID|16224,,[16224] BEIER C. (2012),BEIER,2012,159
PAPER|GEOROC|CITATION_ID|15848,GEOROC,PAPER|GEOROC|CITATION_ID|15848,,[15848] BLACK B. A. (2012),BLACK,2012,7
PAPER|GEOROC|CITATION_ID|16488,GEOROC,PAPER|GEOROC|CITATION_ID|16488,,[16488] BOSSHARD S. A. (2012),BOSSHARD,2012,27
PAPER|PETDB|CITATION_SHA1|c0337fa7dbb3c015,PetDB,PAPER|PETDB|CITATION_SHA1|c0337fa7dbb3c015,,"Brant, C., Coogan, L. A., ... Spence, J. (2012). LITHIUM AND LI-ISOTOPES IN YOUNG ALTERED UPPER OCEANIC CRUST FROM THE EAST PACIFIC RISE. GEOCHIM COSMOCHIM ACTA, 96, 272-293.",BRANT,2012,9
PAPER|GEOROC|CITATION_ID|16348,GEOROC,PAPER|GEOROC|CITATION_ID|16348,,[16348] CHAUVEL C.(2012)  [GeoReM [6929] ],CHAUVEL,2012,33
PAPER|GEOROC|CITATION_ID|16897,GEOROC,PAPER|GEOROC|CITATION_ID|16897,,[16897] CHOI HYUN-OK (2012),CHOI,2012,1
PAPER|GEOROC|CITATION_ID|16914,GEOROC,PAPER|GEOROC|CITATION_ID|16914,,[16914] DEEGAN F. M.(2012)  [GeoReM [6782] ],DEEGAN,2012,5
PAPER|PETDB|CITATION_SHA1|4dc15beae2c5e4f9,PetDB,PAPER|PETDB|CITATION_SHA1|4dc15beae2c5e4f9,,"Gao, Y., Vils, F., ... Muehlenbachs, K. (2012). DOWNHOLE VARIATION OF LITHIUM AND OXYGEN ISOTOPIC COMPOSITIONS OF OCEANIC CRUST AT EAST PACIFIC RISE, ODP SITE 1256. GEOCHEM GEOPHYS GEOSYST, 13(10), 1-24.",GAO,2012,12
PAPER|GEOROC|CITATION_ID|16341,GEOROC,PAPER|GEOROC|CITATION_ID|16341,,[16341] GENSKE F. S.(2012)  [GeoReM [6937] ],GENSKE,2012,46
PAPER|GEOROC|CITATION_ID|20505,GEOROC,PAPER|GEOROC|CITATION_ID|20505,,[20505] GIBSON S. A. (2012),GIBSON,2012,37
PAPER|GEOROC|CITATION_ID|16066,GEOROC,PAPER|GEOROC|CITATION_ID|16066,,[16066] HAHM D. (2012),HAHM,2012,12
PAPER|GEOROC|CITATION_ID|16319,GEOROC,PAPER|GEOROC|CITATION_ID|16319,,[16319] HARTMANN L. A. (2012),HARTMANN,2012,20
PAPER|GEOROC|CITATION_ID|16235,GEOROC,PAPER|GEOROC|CITATION_ID|16235,,[16235] HERNANDO I. R. (2012),HERNANDO,2012,8
PAPER|GEOROC|CITATION_ID|27343,GEOROC,PAPER|GEOROC|CITATION_ID|27343,,[27343] HERNANDO I. R. (2012),HERNANDO,2012,8
PAPER|GEOROC|CITATION_ID|15840,GEOROC,PAPER|GEOROC|CITATION_ID|15840,,[15840] HIDALGO S.(2012)  [GeoReM [6536] ],HIDALGO,2012,13
PAPER|GEOROC|CITATION_ID|16253,GEOROC,PAPER|GEOROC|CITATION_ID|16253,,[16253] JENNER F. E. (2012),JENNER,2012,28
PAPER|GEOROC|CITATION_ID|15754,GEOROC,PAPER|GEOROC|CITATION_ID|15754,,[15754] KOORNNEEF J. M.(2012)  [GeoReM [5742] ],KOORNNEEF,2012,51
PAPER|GEOROC|CITATION_ID|16704,GEOROC,PAPER|GEOROC|CITATION_ID|16704,,[16704] KRIENITZ M.-S.(2012)  [GeoReM [6966] ],KRIENITZ,2012,4
PAPER|GEOROC|CITATION_ID|15971,GEOROC,PAPER|GEOROC|CITATION_ID|15971,,[15971] KRIVOLUTSKAYA N. A.(2012)  [GeoReM [6696] ],KRIVOLUTSKAYA,2012,21
PAPER|GEOROC|CITATION_ID|15963,GEOROC,PAPER|GEOROC|CITATION_ID|15963,,[15963] LAI SHAOCONG (2012),LAI,2012,36
PAPER|GEOROC|CITATION_ID|16042,GEOROC,PAPER|GEOROC|CITATION_ID|16042,,[16042] LE ROEX A. P. (2012),LE,2012,66
PAPER|GEOROC|CITATION_ID|16336,GEOROC,PAPER|GEOROC|CITATION_ID|16336,,[16336] LI CHUSI (2012),LI,2012,17
PAPER|GEOROC|CITATION_ID|16523,GEOROC,PAPER|GEOROC|CITATION_ID|16523,,[16523] LI YINGQI(2012)  [GeoReM [6740] ],LI,2012,3
PAPER|GEOROC|CITATION_ID|16734,GEOROC,PAPER|GEOROC|CITATION_ID|16734,,[16734] LYTLE M. L. (2012),LYTLE,2012,16
PAPER|GEOROC|CITATION_ID|15931,GEOROC,PAPER|GEOROC|CITATION_ID|15931,,[15931] MOUNE S. (2012),MOUNE,2012,1
PAPER|GEOROC|CITATION_ID|16267,GEOROC,PAPER|GEOROC|CITATION_ID|16267,,[16267] N.N. (2012),NN,2012,64
PAPER|GEOROC|CITATION_ID|17108,GEOROC,PAPER|GEOROC|CITATION_ID|17108,,[17108] PASSMORE E.(2012)  [GeoReM [6972] ],PASSMORE,2012,54
PAPER|GEOROC|CITATION_ID|16490,GEOROC,PAPER|GEOROC|CITATION_ID|16490,,[16490] PEATE D. W.(2012)  [GeoReM [6959] ],PEATE,2012,4
PAPER|GEOROC|CITATION_ID|16898,GEOROC,PAPER|GEOROC|CITATION_ID|16898,,[16898] PERLINGEIRO G. (2012),PERLINGEIRO,2012,2
PAPER|GEOROC|CITATION_ID|15993,GEOROC,PAPER|GEOROC|CITATION_ID|15993,,[15993] RHODES J. M. (2012),RHODES,2012,60
PAPER|GEOROC|CITATION_ID|19104,GEOROC,PAPER|GEOROC|CITATION_ID|19104,,[19104] SANO T. (2012),SANO,2012,215
PAPER|GEOROC|CITATION_ID|16664,GEOROC,PAPER|GEOROC|CITATION_ID|16664,,[16664] SCHIANO P.(2012)  [GeoReM [6673] ],SCHIANO,2012,2
PAPER|GEOROC|CITATION_ID|16911,GEOROC,PAPER|GEOROC|CITATION_ID|16911,,[16911] SHELLNUTT J. G.(2012)  [GeoReM [6776] ],SHELLNUTT,2012,1
PAPER|GEOROC|CITATION_ID|16777,GEOROC,PAPER|GEOROC|CITATION_ID|16777,,[16777] STRECK M. J. (2012),STRECK,2012,43
PAPER|GEOROC|CITATION_ID|15981,GEOROC,PAPER|GEOROC|CITATION_ID|15981,,[15981] THORARINSSON S. B. (2012),THORARINSSON,2012,1
PAPER|GEOROC|CITATION_ID|16339,GEOROC,PAPER|GEOROC|CITATION_ID|16339,,[16339] WAIGHT T. E.(2012)  [GeoReM [6958] ],WAIGHT,2012,20
PAPER|GEOROC|CITATION_ID|15755,GEOROC,PAPER|GEOROC|CITATION_ID|15755,,[15755] WANG XUAN-CE (2012),WANG,2012,100
PAPER|GEOROC|CITATION_ID|16058,GEOROC,PAPER|GEOROC|CITATION_ID|16058,,[16058] YUAN FENG (2012),YUAN,2012,11
PAPER|GEOROC|CITATION_ID|16806,GEOROC,PAPER|GEOROC|CITATION_ID|16806,,[16806] ZAKHAROVA N. V. (2012),ZAKHAROVA,2012,12
PAPER|GEOROC|CITATION_ID|17663,GEOROC,PAPER|GEOROC|CITATION_ID|17663,,[17663] AREVALO R.; JR. (2013),AREVALO,2013,14
PAPER|GEOROC|CITATION_ID|19311,GEOROC,PAPER|GEOROC|CITATION_ID|19311,,[19311] BAI MEI (2013),BAI,2013,12
PAPER|GEOROC|CITATION_ID|17055,GEOROC,PAPER|GEOROC|CITATION_ID|17055,,[17055] BARKER S. J. (2013),BARKER,2013,2
PAPER|GEOROC|CITATION_ID|17203,GEOROC,PAPER|GEOROC|CITATION_ID|17203,,[17203] BENSALAH M. K. (2013),BENSALAH,2013,31
PAPER|GEOROC|CITATION_ID|17634,GEOROC,PAPER|GEOROC|CITATION_ID|17634,,[17634] BRETON T.(2013)  [GeoReM [7537] ],BRETON,2013,12
PAPER|GEOROC|CITATION_ID|17899,GEOROC,PAPER|GEOROC|CITATION_ID|17899,,[17899] CABRAL R. A. (2013),CABRAL,2013,1
PAPER|GEOROC|CITATION_ID|17633,GEOROC,PAPER|GEOROC|CITATION_ID|17633,,[17633] CALLEGARO S. (2013),CALLEGARO,2013,76
PAPER|GEOROC|CITATION_ID|17452,GEOROC,PAPER|GEOROC|CITATION_ID|17452,,[17452] CHARRETEUR G. (2013),CHARRETEUR,2013,55
PAPER|GEOROC|CITATION_ID|18023,GEOROC,PAPER|GEOROC|CITATION_ID|18023,,[18023] DAY J. M. D.(2013)  [GeoReM [7368] ],DAY,2013,19
PAPER|PETDB|CITATION_SHA1|3b4d83fa2bea8331,PetDB,PAPER|PETDB|CITATION_SHA1|3b4d83fa2bea8331,,"Dreyer, B., Clague, D. A., ... Gill, J. B. (2013). PETROLOGICAL VARIABILITY OF RECENT MAGMATISM AT AXIAL SEAMOUNT, JUAN DE FUCA RIDGE. GEOCHEM GEOPHYS GEOSYST, 14(10), 4306-4333.",DREYER,2013,7
PAPER|GEOROC|CITATION_ID|17711,GEOROC,PAPER|GEOROC|CITATION_ID|17711,,[17711] FEINEMAN M.(2013)  [GeoReM [7710] ],FEINEMAN,2013,6
PAPER|GEOROC|CITATION_ID|22593,GEOROC,PAPER|GEOROC|CITATION_ID|22593,,[22593] GRAETTINGER A. H. (2013),GRAETTINGER,2013,3
PAPER|GEOROC|CITATION_ID|17889,GEOROC,PAPER|GEOROC|CITATION_ID|17889,,[17889] HANYU T.(2013)  [GeoReM [7739] ],HANYU,2013,38
PAPER|GEOROC|CITATION_ID|18653,GEOROC,PAPER|GEOROC|CITATION_ID|18653,,[18653] HART S. R. (2013),HART,2013,4
PAPER|GEOROC|CITATION_ID|17543,GEOROC,PAPER|GEOROC|CITATION_ID|17543,,[17543] HARTMANN L. A. (2013),HARTMANN,2013,61
PAPER|GEOROC|CITATION_ID|17263,GEOROC,PAPER|GEOROC|CITATION_ID|17263,,[17263] HOANG N. (2013),HOANG,2013,39
PAPER|GEOROC|CITATION_ID|17268,GEOROC,PAPER|GEOROC|CITATION_ID|17268,,[17268] IVANOV A. V. (2013),IVANOV,2013,5
PAPER|GEOROC|CITATION_ID|18040,GEOROC,PAPER|GEOROC|CITATION_ID|18040,,[18040] JICHA B. R. (2013),JICHA,2013,11
PAPER|PETDB|CITATION_SHA1|23b6f7f25fed486f,PetDB,PAPER|PETDB|CITATION_SHA1|23b6f7f25fed486f,,"Kelley, K. A., Kingsley, R. H., ... Schilling, J. (2013). COMPOSITION OF PLUME-INFLUENCED MID-OCEAN RIDGE LAVAS AND GLASSES FROM THE MID-ATLANTIC RIDGE, EAST PACIFIC RISE, GALAPAGOS SPREADING CENTER, AND GULF OF ADEN. GEOCHEM GEOPHYS GEOSYST, 14(1), 223-242.",KELLEY,2013,13
PAPER|GEOROC|CITATION_ID|17464,GEOROC,PAPER|GEOROC|CITATION_ID|17464,,[17464] KETCHUM K. Y.(2013)  [GeoReM [7685] ],KETCHUM,2013,77
PAPER|GEOROC|CITATION_ID|17181,GEOROC,PAPER|GEOROC|CITATION_ID|17181,,[17181] LARREA P. (2013),LARREA,2013,22
PAPER|GEOROC|CITATION_ID|18807,GEOROC,PAPER|GEOROC|CITATION_ID|18807,,[18807] LI HONGYANG (2013),LI,2013,15
PAPER|GEOROC|CITATION_ID|17916,GEOROC,PAPER|GEOROC|CITATION_ID|17916,,[17916] MAURY R. C. (2013),MAURY,2013,5
PAPER|GEOROC|CITATION_ID|20387,GEOROC,PAPER|GEOROC|CITATION_ID|20387,,[20387] MEDVEDEV A. YA. (2013),MEDVEDEV,2013,8
PAPER|GEOROC|CITATION_ID|17304,GEOROC,PAPER|GEOROC|CITATION_ID|17304,,[17304] NAKAMURA H. (2013),NAKAMURA,2013,1
PAPER|GEOROC|CITATION_ID|18312,GEOROC,PAPER|GEOROC|CITATION_ID|18312,,[18312] NAKAYA S. (2013),NAKAYA,2013,2
PAPER|GEOROC|CITATION_ID|17455,GEOROC,PAPER|GEOROC|CITATION_ID|17455,,[17455] NATALI C. (2013),NATALI,2013,6
PAPER|GEOROC|CITATION_ID|17979,GEOROC,PAPER|GEOROC|CITATION_ID|17979,,[17979] OSKARSSON B. V. (2013),OSKARSSON,2013,6
PAPER|PETDB|CITATION_SHA1|7f41f16d5a680856,PetDB,PAPER|PETDB|CITATION_SHA1|7f41f16d5a680856,,"Perfit, M. R., Smith, M. C., ... Fornari, D. J. (2013). COMPILATION OF EAST PACIFIC RISE 9 DEG-10 DEG N BASALT GEOCHEMISTRY. SUBMITTED DATA SET",PERFIT,2013,1
PAPER|GEOROC|CITATION_ID|17411,GEOROC,PAPER|GEOROC|CITATION_ID|17411,,[17411] PRITCHARD C. J. (2013),PRITCHARD,2013,1
PAPER|PETDB|CITATION_SHA1|434f93331eda8d68,PetDB,PAPER|PETDB|CITATION_SHA1|434f93331eda8d68,,"Ray, D., Misra, S., ... Banerjee, R. (2013). GEOCHEMICAL VARIABILITY OF MORBS ALONG SLOW TO INTERMEDIATE SPREADING CARLSBERG-CENTRAL INDIAN RIDGE, INDIAN OCEAN. J ASIAN EARTH SCI, 70-71, 125-141.",RAY,2013,19
PAPER|GEOROC|CITATION_ID|19183,GEOROC,PAPER|GEOROC|CITATION_ID|19183,,[19183] REIS N. J. (2013),REIS,2013,9
PAPER|GEOROC|CITATION_ID|21502,GEOROC,PAPER|GEOROC|CITATION_ID|21502,,[21502] RIBEIRO J. M.(2013)  [GeoReM [7718] ],RIBEIRO,2013,1
PAPER|GEOROC|CITATION_ID|17677,GEOROC,PAPER|GEOROC|CITATION_ID|17677,,[17677] ROCHA-JUNIOR E. R. V. (2013),ROCHAJUNIOR,2013,57
PAPER|GEOROC|CITATION_ID|17004,GEOROC,PAPER|GEOROC|CITATION_ID|17004,,[17004] SATO M.(2013)  [GeoReM [7454] ],SATO,2013,22
PAPER|GEOROC|CITATION_ID|17313,GEOROC,PAPER|GEOROC|CITATION_ID|17313,,[17313] SHETH H. C. (2013),SHETH,2013,26
PAPER|GEOROC|CITATION_ID|17910,GEOROC,PAPER|GEOROC|CITATION_ID|17910,,[17910] SHORTTLE O.(2013)  [GeoReM [7335] ],SHORTTLE,2013,8
PAPER|GEOROC|CITATION_ID|18038,GEOROC,PAPER|GEOROC|CITATION_ID|18038,,[18038] SHUTO K.(2013)  [GeoReM [7475] ],SHUTO,2013,6
PAPER|GEOROC|CITATION_ID|17670,GEOROC,PAPER|GEOROC|CITATION_ID|17670,,[17670] SIMS K. W. W. (2013),SIMS,2013,22
PAPER|GEOROC|CITATION_ID|18602,GEOROC,PAPER|GEOROC|CITATION_ID|18602,,[18602] SOAGER N.(2013)  [GeoReM [7576] ],SOAGER,2013,2
PAPER|GEOROC|CITATION_ID|16923,GEOROC,PAPER|GEOROC|CITATION_ID|16923,,[16923] TAKAHASHI T.(2013)  [GeoReM [7451] ],TAKAHASHI,2013,4
PAPER|PETDB|CITATION_SHA1|0734b0c61ced5f9f,PetDB,PAPER|PETDB|CITATION_SHA1|0734b0c61ced5f9f,,"Teng, F., Dauphas, N., ... Marty, B. (2013). IRON ISOTOPIC SYSTEMATICS OF OCEANIC BASALT. GEOCHIM COSMOCHIM ACTA, 107, 12-26.",TENG,2013,1
PAPER|GEOROC|CITATION_ID|17287,GEOROC,PAPER|GEOROC|CITATION_ID|17287,,[17287] TILL C. B. (2013),TILL,2013,83
PAPER|GEOROC|CITATION_ID|16975,GEOROC,PAPER|GEOROC|CITATION_ID|16975,,[16975] VLASTELIC I. (2013),VLASTELIC,2013,8
PAPER|GEOROC|CITATION_ID|17311,GEOROC,PAPER|GEOROC|CITATION_ID|17311,,[17311] VYE-BROWN C. (2013),VYEBROWN,2013,25
PAPER|GEOROC|CITATION_ID|17609,GEOROC,PAPER|GEOROC|CITATION_ID|17609,,[17609] WALTERS R. I. (2013),WALTERS,2013,49
PAPER|GEOROC|CITATION_ID|17460,GEOROC,PAPER|GEOROC|CITATION_ID|17460,,[17460] WATT S. F. L. (2013),WATT,2013,8
PAPER|GEOROC|CITATION_ID|17002,GEOROC,PAPER|GEOROC|CITATION_ID|17002,,[17002] WELSCH B. (2013),WELSCH,2013,11
PAPER|PETDB|CITATION_SHA1|c4773d98c3babea8,PetDB,PAPER|PETDB|CITATION_SHA1|c4773d98c3babea8,,"Wilson, S., Murton, B. J., ... Taylor, R. N. (2013). MANTLE COMPOSITION CONTROLS THE DEVELOPMENT OF AN OCEANIC CORE COMPLEX. GEOCHEM GEOPHYS GEOSYST, 40(4), 979-995.",WILSON,2013,124
PAPER|PETDB|CITATION_SHA1|45e7c08b7911d411,PetDB,PAPER|PETDB|CITATION_SHA1|45e7c08b7911d411,,"Yang Yang, A., Zhao, T., ... Wang, G. (2013). Os ISOTOPIC COMPOSITIONS OF MORBS FROM THE ULTRA-SLOW SPREADING SOUTHWEST INDIAN RIDGE. LITHOS, 179, 28-35.",YANGYANG,2013,1
PAPER|GEOROC|CITATION_ID|17883,GEOROC,PAPER|GEOROC|CITATION_ID|17883,,[17883] ZANON V. (2013),ZANON,2013,22
PAPER|PETDB|CITATION_SHA1|f63826756ee2d027,PetDB,PAPER|PETDB|CITATION_SHA1|f63826756ee2d027,,"Beltenev, V. E., Skolotnev, S., ... Rozhdestvenskaya, I. (2014). NEW CHEMICAL AND ISOTOPIC DATA FOR BASALTS FROM THE AXIAL SEGMENT OF THE MID-ATLANTIC RIDGE BETWEEN THE VEMA AND MERCURY FRACTURE ZONES. DOKLADY EARTH SCIENCES, 459(2), 1488-1494.",BELTENEV,2014,26
PAPER|GEOROC|CITATION_ID|18213,GEOROC,PAPER|GEOROC|CITATION_ID|18213,,[18213] BERTRAND H.(2014)  [GeoReM [7947] ],BERTRAND,2014,17
PAPER|GEOROC|CITATION_ID|19118,GEOROC,PAPER|GEOROC|CITATION_ID|19118,,[19118] BROUNCE M. N. (2014),BROUNCE,2014,12
PAPER|GEOROC|CITATION_ID|18214,GEOROC,PAPER|GEOROC|CITATION_ID|18214,,[18214] CALLEGARO S. (2014),CALLEGARO,2014,104
PAPER|GEOROC|CITATION_ID|18385,GEOROC,PAPER|GEOROC|CITATION_ID|18385,,[18385] CHENG LI-LU (2014),CHENG,2014,33
PAPER|GEOROC|CITATION_ID|18211,GEOROC,PAPER|GEOROC|CITATION_ID|18211,,[18211] CIRRINCIONE R.(2014)  [GeoReM [7948] ],CIRRINCIONE,2014,13
PAPER|GEOROC|CITATION_ID|24142,GEOROC,PAPER|GEOROC|CITATION_ID|24142,,[24142] DESTA M. T. (2014),DESTA,2014,2
PAPER|GEOROC|CITATION_ID|18591,GEOROC,PAPER|GEOROC|CITATION_ID|18591,,[18591] DI MURO A.(2014)  [GeoReM [7885] ],DI,2014,9
PAPER|GEOROC|CITATION_ID|18400,GEOROC,PAPER|GEOROC|CITATION_ID|18400,,[18400] DURAISWAMI R. A. (2014),DURAISWAMI,2014,12
PAPER|GEOROC|CITATION_ID|18961,GEOROC,PAPER|GEOROC|CITATION_ID|18961,,[18961] ESPANON V. R.(2014)  [GeoReM [8382] ],ESPANON,2014,40
PAPER|GEOROC|CITATION_ID|18538,GEOROC,PAPER|GEOROC|CITATION_ID|18538,,[18538] GANGULY S. (2014),GANGULY,2014,51
PAPER|GEOROC|CITATION_ID|18443,GEOROC,PAPER|GEOROC|CITATION_ID|18443,,[18443] GODOY B. (2014),GODOY,2014,2
PAPER|GEOROC|CITATION_ID|18469,GEOROC,PAPER|GEOROC|CITATION_ID|18469,,[18469] GUILLOU H. (2014),GUILLOU,2014,17
PAPER|GEOROC|CITATION_ID|18070,GEOROC,PAPER|GEOROC|CITATION_ID|18070,,[18070] HERNANDO I. R. (2014),HERNANDO,2014,14
PAPER|GEOROC|CITATION_ID|18437,GEOROC,PAPER|GEOROC|CITATION_ID|18437,,[18437] HERZBERG C. T. (2014),HERZBERG,2014,4
PAPER|PETDB|CITATION_SHA1|f9f3dfe02722bf80,PetDB,PAPER|PETDB|CITATION_SHA1|f9f3dfe02722bf80,,"Hildenbrand, A., Weis, D., ... Marques, A. F. A. (2014). RECENT PLATE RE-ORGANIZATION AT THE AZORES TRIPLE JUNCTION: EVIDENCE FROM COMBINED GEOCHEMICAL AND GEOCHRONOLOGICAL DATA ON FAIAL, S. JORGE AND TERCEIRA VOLCANIC ISLANDS. LITHOS, 210-211, 39.",HILDENBRAND,2014,21
PAPER|GEOROC|CITATION_ID|18958,GEOROC,PAPER|GEOROC|CITATION_ID|18958,,[18958] HUANG HU(2014)  [GeoReM [8380] ],HUANG,2014,18
PAPER|GEOROC|CITATION_ID|18365,GEOROC,PAPER|GEOROC|CITATION_ID|18365,,[18365] JACQUES G.(2014)  [GeoReM [8014] ],JACQUES,2014,11
PAPER|GEOROC|CITATION_ID|18335,GEOROC,PAPER|GEOROC|CITATION_ID|18335,,[18335] KENDRICK M. A.(2014)  [GeoReM [8015] ],KENDRICK,2014,1
PAPER|GEOROC|CITATION_ID|18366,GEOROC,PAPER|GEOROC|CITATION_ID|18366,,[18366] KIPF A. (2014),KIPF,2014,6
PAPER|GEOROC|CITATION_ID|18403,GEOROC,PAPER|GEOROC|CITATION_ID|18403,,[18403] KRISHNAMURTHY P. (2014),KRISHNAMURTHY,2014,14
PAPER|GEOROC|CITATION_ID|18221,GEOROC,PAPER|GEOROC|CITATION_ID|18221,,[18221] KURITANI T. (2014),KURITANI,2014,5
PAPER|PETDB|CITATION_SHA1|4635a8dff0fdbdfb,PetDB,PAPER|PETDB|CITATION_SHA1|4635a8dff0fdbdfb,,"Lissner, M., Koenig, S., ... Le Roex, A. P. (2014). SELENIUM AND TELLURIUM SYSTEMATICS IN MORBS FROM THE SOUTHERN MID-ATLANTIC RIDGE (47–50°S). GEOCHIM COSMOCHIM ACTA, 144, 402.",LISSNER,2014,20
PAPER|GEOROC|CITATION_ID|18369,GEOROC,PAPER|GEOROC|CITATION_ID|18369,,[18369] LIU DONGDONG(2014)  [GeoReM [8469] ],LIU,2014,4
PAPER|PETDB|CITATION_SHA1|0cef6bab12e930aa,PetDB,PAPER|PETDB|CITATION_SHA1|0cef6bab12e930aa,,"Machida, S., Orihashi, Y., ... Tamaki, K. (2014). REGIONAL MANTLE HETEROGENEITY REGULATES MELT PRODUCTION ALONG THE REUNION HOTSPOT-INFLUENCED CENTRAL INDIAN RIDGE. GEOCHEM J, 48, 17.",MACHIDA,2014,8
PAPER|MERGED|18362b995fd99ed2,GEOROC; PetDB,PAPER|MERGED|18362b995fd99ed2,,"Madureira, P., Moreira, M., ... Pinto De Abreu, M. (2014). HELIUM ISOTOPE SYSTEMATICS IN THE VINCINITY OF THE AZORES TRIPLE JUNCTION: CONTRAINTS ON THE AZORES GEODYNAMICS. CHEMICAL GEOLOGY, 372, 62-71.; [18375] MADUREIRA P. (2014)",MADUREIRA,2014,41
PAPER|GEOROC|CITATION_ID|18536,GEOROC,PAPER|GEOROC|CITATION_ID|18536,,[18536] MÄKITIE H. (2014),MAKITIE,2014,7
PAPER|GEOROC|CITATION_ID|18035,GEOROC,PAPER|GEOROC|CITATION_ID|18035,,[18035] MARCHETTI D. W. (2014),MARCHETTI,2014,6
PAPER|GEOROC|CITATION_ID|18210,GEOROC,PAPER|GEOROC|CITATION_ID|18210,,[18210] MELLUSO L. (2014),MELLUSO,2014,6
PAPER|GEOROC|CITATION_ID|18071,GEOROC,PAPER|GEOROC|CITATION_ID|18071,,[18071] MERLE R. E. (2014),MERLE,2014,113
PAPER|GEOROC|CITATION_ID|18088,GEOROC,PAPER|GEOROC|CITATION_ID|18088,,[18088] METRICH N.(2014)  [GeoReM [7891] ],METRICH,2014,24
PAPER|GEOROC|CITATION_ID|19079,GEOROC,PAPER|GEOROC|CITATION_ID|19079,,[19079] OSKARSSON B. V. (2014),OSKARSSON,2014,11
PAPER|GEOROC|CITATION_ID|18960,GEOROC,PAPER|GEOROC|CITATION_ID|18960,,[18960] PELLETER A.-A.(2014)  [GeoReM [8381] ],PELLETER,2014,5
PAPER|GEOROC|CITATION_ID|18405,GEOROC,PAPER|GEOROC|CITATION_ID|18405,,[18405] PENG Z. X. (2014),PENG,2014,48
PAPER|GEOROC|CITATION_ID|18576,GEOROC,PAPER|GEOROC|CITATION_ID|18576,,[18576] POLLOCK M.(2014)  [GeoReM [8365] ],POLLOCK,2014,47
PAPER|PETDB|CITATION_SHA1|ac51fa95850e772d,PetDB,PAPER|PETDB|CITATION_SHA1|ac51fa95850e772d,,"Prytulak, J., Avanzinelli, R., ... Elliott, T. (2014). MELTING VERSUS CONTAMINATION EFFECTS ON 238U_230TH-226RA AND 235U_231PA DISEQUILIBRIA IN LAVAS FROM SAO MIGUEL, AZORES. CHEMICAL GEOLOGY, 381, 94-109.",PRYTULAK,2014,9
PAPER|GEOROC|CITATION_ID|18500,GEOROC,PAPER|GEOROC|CITATION_ID|18500,,[18500] SAKUYAMA T. (2014),SAKUYAMA,2014,4
PAPER|GEOROC|CITATION_ID|19017,GEOROC,PAPER|GEOROC|CITATION_ID|19017,,[19017] SAMBUU O. (2014),SAMBUU,2014,19
PAPER|GEOROC|CITATION_ID|18757,GEOROC,PAPER|GEOROC|CITATION_ID|18757,,[18757] SATO M.(2014)  [GeoReM [8413] ],SATO,2014,10
PAPER|GEOROC|CITATION_ID|18493,GEOROC,PAPER|GEOROC|CITATION_ID|18493,,[18493] SCHINDLBECK-BELO J. C. (2014),SCHINDLBECKBELO,2014,4
PAPER|GEOROC|CITATION_ID|18677,GEOROC,PAPER|GEOROC|CITATION_ID|18677,,[18677] SHELLNUTT J. G.(2014)  [GeoReM [8415] ],SHELLNUTT,2014,61
PAPER|GEOROC|CITATION_ID|18406,GEOROC,PAPER|GEOROC|CITATION_ID|18406,,[18406] SHETH H. C. (2014),SHETH,2014,18
PAPER|GEOROC|CITATION_ID|19021,GEOROC,PAPER|GEOROC|CITATION_ID|19021,,[19021] SHRIVASTAVA J. P. (2014),SHRIVASTAVA,2014,39
PAPER|GEOROC|CITATION_ID|18767,GEOROC,PAPER|GEOROC|CITATION_ID|18767,,[18767] SINTON J. M. (2014),SINTON,2014,62
PAPER|PETDB|CITATION_SHA1|0868b733e6d34e17,PetDB,PAPER|PETDB|CITATION_SHA1|0868b733e6d34e17,,"Sinton, C. W., Harpp, K. S., ... Christie, D. M. (2014). A PRELIMINARY SURVEY OF THE NORTHEAST SEAMOUNTS, GALÁPAGOS PLATFORM. A NATURAL LABORATORY FOR THE EARTH SCIENCES, 362.",SINTON,2014,13
PAPER|GEOROC|CITATION_ID|18072,GEOROC,PAPER|GEOROC|CITATION_ID|18072,,[18072] TAMURA Y.(2014)  [GeoReM [7895] ],TAMURA,2014,33
PAPER|GEOROC|CITATION_ID|18506,GEOROC,PAPER|GEOROC|CITATION_ID|18506,,[18506] THI T. N. (2014),THI,2014,1
PAPER|GEOROC|CITATION_ID|26660,GEOROC,PAPER|GEOROC|CITATION_ID|26660,,[26660] WEHRMANN H. (2014),WEHRMANN,2014,23
PAPER|GEOROC|CITATION_ID|19846,GEOROC,PAPER|GEOROC|CITATION_ID|19846,,[19846] WEI XUN (2014),WEI,2014,25
PAPER|GEOROC|CITATION_ID|18454,GEOROC,PAPER|GEOROC|CITATION_ID|18454,,[18454] WOLELA A. (2014),WOLELA,2014,12
PAPER|GEOROC|CITATION_ID|21819,GEOROC,PAPER|GEOROC|CITATION_ID|21819,,[21819] XIA YING (2014),XIA,2014,7
PAPER|GEOROC|CITATION_ID|18860,GEOROC,PAPER|GEOROC|CITATION_ID|18860,,[18860] YANG XIAN (2014),YANG,2014,11
PAPER|PETDB|CITATION_SHA1|bc66d85deffc8151,PetDB,PAPER|PETDB|CITATION_SHA1|bc66d85deffc8151,,"Yang Yang, A., Zhou, M., ... Xu, J. (2014). CHALCOPHILE ELEMENTAL COMPOSITIONS OF MORBS FROM THE ULTRA-SLOW-SPREADING SOUTHWEST INDIAN RIDGE AND CONTROLS OF LITHOSPHERIC STRUCTURE ON S-SATURATED DIFFERENTIATION. CHEMICAL GEOLOGY, 382, 1-13.",YANGYANG,2014,14
PAPER|PETDB|CITATION_SHA1|2ab1ccc66f903f63,PetDB,PAPER|PETDB|CITATION_SHA1|2ab1ccc66f903f63,,"Yi, S., Oh, C., ... Moon, J. (2014). GEOCHEMISTRY AND PETROGENESIS OF MAFIC-ULTRAMAFIC ROCKS FROM THE CENTRAL INDIAN RIDGE, LATITUDE 8°–17° S: DENUDATION OF MANTLE HARZBURGITES AND GABBROIC ROCKS AND COMPOSITIONAL VARIATION OF BASALTS. INT GEOL REV, 29.",YI,2014,46
PAPER|GEOROC|CITATION_ID|19324,GEOROC,PAPER|GEOROC|CITATION_ID|19324,,[19324] BEGUELIN P. (2015),BEGUELIN,2015,1
PAPER|GEOROC|CITATION_ID|19274,GEOROC,PAPER|GEOROC|CITATION_ID|19274,,[19274] BERNARDI M. I. (2015),BERNARDI,2015,5
PAPER|GEOROC|CITATION_ID|19736,GEOROC,PAPER|GEOROC|CITATION_ID|19736,,[19736] BRENNA M. (2015),BRENNA,2015,15
PAPER|GEOROC|CITATION_ID|19945,GEOROC,PAPER|GEOROC|CITATION_ID|19945,,[19945] BUCCHI F. (2015),BUCCHI,2015,19
PAPER|GEOROC|CITATION_ID|19127,GEOROC,PAPER|GEOROC|CITATION_ID|19127,,[19127] CABATO J. A. (2015),CABATO,2015,7
PAPER|GEOROC|CITATION_ID|19381,GEOROC,PAPER|GEOROC|CITATION_ID|19381,,[19381] CHEN SHUANG-SHUANG(2015)  [GeoReM [8870] ],CHEN,2015,19
PAPER|PETDB|CITATION_SHA1|5cd3f87ed91cebe8,PetDB,PAPER|PETDB|CITATION_SHA1|5cd3f87ed91cebe8,,"Colman, A., Sinton, J. M., ... Wanless, V. D. (2015). CONSTRAINTS FROM MELT INCLUSIONS ON DEPTHS OF MAGMA RESIDENCE AT INTERMEDIATE MAGMA SUPPLY ALONG THE GALÁPAGOS SPREADING CENTER. EARTH PLANET SCI LETT, 412, 131.",COLMAN,2015,15
PAPER|GEOROC|CITATION_ID|19432,GEOROC,PAPER|GEOROC|CITATION_ID|19432,,[19432] CUCCINIELLO C. (2015),CUCCINIELLO,2015,15
PAPER|GEOROC|CITATION_ID|19648,GEOROC,PAPER|GEOROC|CITATION_ID|19648,,[19648] DELAVAULT H.(2015)  [GeoReM [8638] ],DELAVAULT,2015,24
PAPER|GEOROC|CITATION_ID|19858,GEOROC,PAPER|GEOROC|CITATION_ID|19858,,[19858] ESTRADA S. (2015),ESTRADA,2015,9
PAPER|GEOROC|CITATION_ID|19601,GEOROC,PAPER|GEOROC|CITATION_ID|19601,,[19601] GARAPIC G.(2015)  [GeoReM [8861] ],GARAPIC,2015,10
PAPER|GEOROC|CITATION_ID|19624,GEOROC,PAPER|GEOROC|CITATION_ID|19624,,[19624] GARCIA M. O.(2015)  [GeoReM [8628] ],GARCIA,2015,51
PAPER|GEOROC|CITATION_ID|20921,GEOROC,PAPER|GEOROC|CITATION_ID|20921,,[20921] GARCIA M. O. (2015),GARCIA,2015,4
PAPER|GEOROC|CITATION_ID|19202,GEOROC,PAPER|GEOROC|CITATION_ID|19202,,[19202] HAYES B. (2015),HAYES,2015,2
PAPER|GEOROC|CITATION_ID|19776,GEOROC,PAPER|GEOROC|CITATION_ID|19776,,[19776] HAYES B. (2015),HAYES,2015,15
PAPER|GEOROC|CITATION_ID|19567,GEOROC,PAPER|GEOROC|CITATION_ID|19567,,[19567] HIRAHARA Y.(2015)  [GeoReM [9077] ],HIRAHARA,2015,6
PAPER|GEOROC|CITATION_ID|19600,GEOROC,PAPER|GEOROC|CITATION_ID|19600,,[19600] HUANG HE(2015)  [GeoReM [8859] ],HUANG,2015,10
PAPER|GEOROC|CITATION_ID|20929,GEOROC,PAPER|GEOROC|CITATION_ID|20929,,[20929] HUGHES H. S. R.(2015)  [GeoReM [8910] ],HUGHES,2015,31
PAPER|GEOROC|CITATION_ID|19784,GEOROC,PAPER|GEOROC|CITATION_ID|19784,,[19784] JACKSON M. G.(2015)  [GeoReM [8836] ],JACKSON,2015,1
PAPER|GEOROC|CITATION_ID|25294,GEOROC,PAPER|GEOROC|CITATION_ID|25294,,[25294] LIAO MINGYANG (2015),LIAO,2015,15
PAPER|GEOROC|CITATION_ID|19249,GEOROC,PAPER|GEOROC|CITATION_ID|19249,,[19249] LIU JIAN-QIANG (2015),LIU,2015,79
PAPER|GEOROC|CITATION_ID|20793,GEOROC,PAPER|GEOROC|CITATION_ID|20793,,[20793] LIU SHENG-AO(2015)  [GeoReM [8639] ],LIU,2015,10
PAPER|GEOROC|CITATION_ID|19680,GEOROC,PAPER|GEOROC|CITATION_ID|19680,,[19680] MANCINI A. (2015),MANCINI,2015,27
PAPER|GEOROC|CITATION_ID|19914,GEOROC,PAPER|GEOROC|CITATION_ID|19914,,[19914] MORGADO E. (2015),MORGADO,2015,16
PAPER|PETDB|CITATION_SHA1|8ac4b810c9b34dd9,PetDB,PAPER|PETDB|CITATION_SHA1|8ac4b810c9b34dd9,,"Murton, B. J., Rona, P. (2015). CARLSBERG RIDGE AND MID-ATLANTIC RIDGE: COMPARISON OF SLOW SPREADING CENTRE ANALOGUES. DEEP SEA RESEARCH PART II: TOPICAL STUDIES IN OCEANOGRAPHY, 121, 84.",MURTON,2015,27
PAPER|GEOROC|CITATION_ID|19904,GEOROC,PAPER|GEOROC|CITATION_ID|19904,,[19904] PIOLI L. (2015),PIOLI,2015,2
PAPER|GEOROC|CITATION_ID|19928,GEOROC,PAPER|GEOROC|CITATION_ID|19928,,[19928] SAFONOVA I. YU. (2015),SAFONOVA,2015,7
PAPER|GEOROC|CITATION_ID|19287,GEOROC,PAPER|GEOROC|CITATION_ID|19287,,[19287] SAKHNO V. G. (2015),SAKHNO,2015,10
PAPER|GEOROC|CITATION_ID|19989,GEOROC,PAPER|GEOROC|CITATION_ID|19989,,[19989] SHUTO K.(2015)  [GeoReM [8670] ],SHUTO,2015,77
PAPER|GEOROC|CITATION_ID|19992,GEOROC,PAPER|GEOROC|CITATION_ID|19992,,[19992] SIBIK S.(2015)  [GeoReM [8672] ],SIBIK,2015,18
PAPER|GEOROC|CITATION_ID|19530,GEOROC,PAPER|GEOROC|CITATION_ID|19530,,[19530] SMITHIES R. H. (2015),SMITHIES,2015,19
PAPER|GEOROC|CITATION_ID|19773,GEOROC,PAPER|GEOROC|CITATION_ID|19773,,[19773] SOAGER N.(2015)  [GeoReM [8549] ],SOAGER,2015,8
PAPER|GEOROC|CITATION_ID|19150,GEOROC,PAPER|GEOROC|CITATION_ID|19150,,[19150] TANG QINGYAN (2015),TANG,2015,1
PAPER|GEOROC|CITATION_ID|19931,GEOROC,PAPER|GEOROC|CITATION_ID|19931,,[19931] TAO YAN (2015),TAO,2015,8
PAPER|GEOROC|CITATION_ID|19605,GEOROC,PAPER|GEOROC|CITATION_ID|19605,,[19605] TRELA J.(2015)  [GeoReM [8637] ],TRELA,2015,2
PAPER|GEOROC|CITATION_ID|19818,GEOROC,PAPER|GEOROC|CITATION_ID|19818,,[19818] VICCARO M. (2015),VICCARO,2015,16
PAPER|GEOROC|CITATION_ID|19889,GEOROC,PAPER|GEOROC|CITATION_ID|19889,,[19889] WHALEN L.(2015)  [GeoReM [8973] ],WHALEN,2015,16
PAPER|GEOROC|CITATION_ID|20420,GEOROC,PAPER|GEOROC|CITATION_ID|20420,,[20420] ARGUIN P.(2016)  [GeoReM [10082] ],ARGUIN,2016,9
PAPER|GEOROC|CITATION_ID|20664,GEOROC,PAPER|GEOROC|CITATION_ID|20664,,[20664] BROUNCE M. N.(2016)  [GeoReM [9937] ],BROUNCE,2016,1
PAPER|GEOROC|CITATION_ID|20719,GEOROC,PAPER|GEOROC|CITATION_ID|20719,,[20719] CHAMBERLAIN K. J. (2016),CHAMBERLAIN,2016,3
PAPER|PETDB|CITATION_SHA1|e230df1f3ccb6418,PetDB,PAPER|PETDB|CITATION_SHA1|e230df1f3ccb6418,,"Chen, L., Tang, L., ... Dong, Y. (2016). MANTLE SOURCE HETEROGENEITY AND MAGMATIC EVOLUTION AT CARLSBERG RIDGE (3.7°N): CONSTRAINS FROM ELEMENTAL AND ISOTOPIC (SR, ND, PB) DATA. MARINE GEOPHYS RES",CHEN,2016,7
PAPER|GEOROC|CITATION_ID|20054,GEOROC,PAPER|GEOROC|CITATION_ID|20054,,[20054] CIRRINCIONE R.(2016)  [GeoReM [10050] ],CIRRINCIONE,2016,11
PAPER|GEOROC|CITATION_ID|20412,GEOROC,PAPER|GEOROC|CITATION_ID|20412,,[20412] COOPER KARI M.(2016)  [GeoReM [9972] ],COOPER,2016,5
PAPER|GEOROC|CITATION_ID|20645,GEOROC,PAPER|GEOROC|CITATION_ID|20645,,[20645] ESPANON V. R. (2016),ESPANON,2016,12
PAPER|GEOROC|CITATION_ID|20696,GEOROC,PAPER|GEOROC|CITATION_ID|20696,,[20696] FOWLER A. P. G. (2016),FOWLER,2016,1
PAPER|GEOROC|CITATION_ID|20722,GEOROC,PAPER|GEOROC|CITATION_ID|20722,,[20722] FOWLER A. P. G. (2016),FOWLER,2016,8
PAPER|GEOROC|CITATION_ID|20340,GEOROC,PAPER|GEOROC|CITATION_ID|20340,,[20340] FREY F. A. (2016),FREY,2016,16
PAPER|GEOROC|CITATION_ID|20417,GEOROC,PAPER|GEOROC|CITATION_ID|20417,,[20417] FREYMUTH H.(2016)  [GeoReM [9507] ],FREYMUTH,2016,1
PAPER|PETDB|CITATION_SHA1|62d8f44579c19309,PetDB,PAPER|PETDB|CITATION_SHA1|62d8f44579c19309,,"Gao, C., Dick, H. J. B., ... Zhou, H. (2016). MELT EXTRACTION AND MANTLE SOURCE AT A SOUTHWEST INDIAN RIDGE DRAGON BONE AMAGMATIC SEGMENT ON THE MARION RISE. LITHOS, 246-247, 60.",GAO,2016,7
PAPER|GEOROC|CITATION_ID|20348,GEOROC,PAPER|GEOROC|CITATION_ID|20348,,[20348] GARCIA M. O.(2016)  [GeoReM [9495] ],GARCIA,2016,80
PAPER|GEOROC|CITATION_ID|20581,GEOROC,PAPER|GEOROC|CITATION_ID|20581,,[20581] GEIGER H. (2016),GEIGER,2016,3
PAPER|GEOROC|CITATION_ID|20414,GEOROC,PAPER|GEOROC|CITATION_ID|20414,,[20414] GJERLOW E. (2016),GJERLOW,2016,7
PAPER|GEOROC|CITATION_ID|20188,GEOROC,PAPER|GEOROC|CITATION_ID|20188,,[20188] GUEDES E. (2016),GUEDES,2016,41
PAPER|GEOROC|CITATION_ID|20456,GEOROC,PAPER|GEOROC|CITATION_ID|20456,,[20456] HALLDORSSON S. A. (2016),HALLDORSSON,2016,22
PAPER|PETDB|CITATION_SHA1|3363180fdbd5f2eb,PetDB,PAPER|PETDB|CITATION_SHA1|3363180fdbd5f2eb,,"Herbrich, A., Hauff, F., ... White, S. M. (2016). A 1.5MA RECORD OF PLUME-RIDGE INTERACTION AT THE WESTERN GALÁPAGOS SPREADING CENTER (91°40'–92°00'W). GEOCHIM COSMOCHIM ACTA, 185, 159.",HERBRICH,2016,8
PAPER|GEOROC|CITATION_ID|20337,GEOROC,PAPER|GEOROC|CITATION_ID|20337,,[20337] HICKEY-VARGAS R. (2016),HICKEYVARGAS,2016,20
PAPER|GEOROC|CITATION_ID|20346,GEOROC,PAPER|GEOROC|CITATION_ID|20346,,[20346] HICKEY-VARGAS R. (2016),HICKEYVARGAS,2016,33
PAPER|GEOROC|CITATION_ID|20357,GEOROC,PAPER|GEOROC|CITATION_ID|20357,,[20357] HUANG SHICHUN (2016),HUANG,2016,26
PAPER|GEOROC|CITATION_ID|20358,GEOROC,PAPER|GEOROC|CITATION_ID|20358,,[20358] HUANG SHICHUN(2016)  [GeoReM [9498] ],HUANG,2016,7
PAPER|GEOROC|CITATION_ID|20498,GEOROC,PAPER|GEOROC|CITATION_ID|20498,,[20498] IKEDA Y. (2016),IKEDA,2016,16
PAPER|GEOROC|CITATION_ID|20384,GEOROC,PAPER|GEOROC|CITATION_ID|20384,,[20384] IZOKH A. E. (2016),IZOKH,2016,20
PAPER|GEOROC|CITATION_ID|20468,GEOROC,PAPER|GEOROC|CITATION_ID|20468,,[20468] KONTER J. G.(2016)  [GeoReM [9862] ],KONTER,2016,1
PAPER|GEOROC|CITATION_ID|20470,GEOROC,PAPER|GEOROC|CITATION_ID|20470,,[20470] KURITANI T.(2016)  [GeoReM [10017] ],KURITANI,2016,11
PAPER|PETDB|CITATION_SHA1|0576da7b9e9c5710,PetDB,PAPER|PETDB|CITATION_SHA1|0576da7b9e9c5710,,"Labidi, J., Cartigny, P. (2016). NEGLIGIBLE SULFUR ISOTOPE FRACTIONATION DURING PARTIAL MELTING: EVIDENCE FROM GARRETT TRANSFORM FAULT BASALTS, IMPLICATIONS FOR THE LATE-VENEER AND THE HADEAN MATTE. EARTH PLANET SCI LETT, 451, 207.",LABIDI,2016,2
PAPER|GEOROC|CITATION_ID|20300,GEOROC,PAPER|GEOROC|CITATION_ID|20300,,[20300] LARSEN L. M. (2016),LARSEN,2016,16
PAPER|GEOROC|CITATION_ID|20175,GEOROC,PAPER|GEOROC|CITATION_ID|20175,,[20175] LI CHUSI(2016)  [GeoReM [9849] ],LI,2016,9
PAPER|GEOROC|CITATION_ID|20321,GEOROC,PAPER|GEOROC|CITATION_ID|20321,,[20321] LI HONGBO(2016)  [GeoReM [9714] ],LI,2016,16
PAPER|GEOROC|CITATION_ID|20510,GEOROC,PAPER|GEOROC|CITATION_ID|20510,,[20510] MEYZEN C. M. (2016),MEYZEN,2016,25
PAPER|GEOROC|CITATION_ID|20330,GEOROC,PAPER|GEOROC|CITATION_ID|20330,,[20330] NATALI C.(2016)  [GeoReM [9459] ],NATALI,2016,9
PAPER|GEOROC|CITATION_ID|20281,GEOROC,PAPER|GEOROC|CITATION_ID|20281,,[20281] OKAMURA S. (2016),OKAMURA,2016,27
PAPER|GEOROC|CITATION_ID|20162,GEOROC,PAPER|GEOROC|CITATION_ID|20162,,[20162] OLIEROOK H. K. H. (2016),OLIEROOK,2016,18
PAPER|PETDB|CITATION_SHA1|9d5fc4cb48d6560f,PetDB,PAPER|PETDB|CITATION_SHA1|9d5fc4cb48d6560f,,"Paquet, M., Cannat, M., ... Humler, E. (2016). EFFECT OF MELT/MANTLE INTERACTIONS ON MORB CHEMISTRY AT THE EASTERNMOST SOUTHWEST INDIAN RIDGE (61 TO 67°E). GEOCHEM GEOPHYS GEOSYST",PAQUET,2016,74
PAPER|GEOROC|CITATION_ID|20331,GEOROC,PAPER|GEOROC|CITATION_ID|20331,,[20331] PETERS B. J.(2016)  [GeoReM [9785] ],PETERS,2016,7
PAPER|GEOROC|CITATION_ID|20191,GEOROC,PAPER|GEOROC|CITATION_ID|20191,,[20191] PUCHTEL I. S.(2016)  [GeoReM [9330] ],PUCHTEL,2016,23
PAPER|GEOROC|CITATION_ID|20250,GEOROC,PAPER|GEOROC|CITATION_ID|20250,,[20250] QIAN XIN (2016),QIAN,2016,11
PAPER|GEOROC|CITATION_ID|20187,GEOROC,PAPER|GEOROC|CITATION_ID|20187,,[20187] RÄMÖ O. T. (2016),RAMO,2016,10
PAPER|GEOROC|CITATION_ID|20676,GEOROC,PAPER|GEOROC|CITATION_ID|20676,,[20676] RAWSON H. (2016),RAWSON,2016,15
PAPER|GEOROC|CITATION_ID|20169,GEOROC,PAPER|GEOROC|CITATION_ID|20169,,[20169] REICHOW M. K.(2016)  [GeoReM [9669] ],REICHOW,2016,11
PAPER|GEOROC|CITATION_ID|28623,GEOROC,PAPER|GEOROC|CITATION_ID|28623,,[28623] RIZO H. (2016),RIZO,2016,1
PAPER|GEOROC|CITATION_ID|20754,GEOROC,PAPER|GEOROC|CITATION_ID|20754,,[20754] RUTH D. C. S. (2016),RUTH,2016,5
PAPER|GEOROC|CITATION_ID|25040,GEOROC,PAPER|GEOROC|CITATION_ID|25040,,[25040] SAFONOVA I. YU. (2016),SAFONOVA,2016,19
PAPER|GEOROC|CITATION_ID|20594,GEOROC,PAPER|GEOROC|CITATION_ID|20594,,[20594] SHIMAOKA A. (2016),SHIMAOKA,2016,15
PAPER|GEOROC|CITATION_ID|20623,GEOROC,PAPER|GEOROC|CITATION_ID|20623,,[20623] SVETLITSKAYA T. V. (2016),SVETLITSKAYA,2016,35
PAPER|GEOROC|CITATION_ID|20558,GEOROC,PAPER|GEOROC|CITATION_ID|20558,,[20558] TANEJA R.(2016)  [GeoReM [9821] ],TANEJA,2016,4
PAPER|GEOROC|CITATION_ID|23264,GEOROC,PAPER|GEOROC|CITATION_ID|23264,,[23264] TORNARE E. (2016),TORNARE,2016,10
PAPER|GEOROC|CITATION_ID|20576,GEOROC,PAPER|GEOROC|CITATION_ID|20576,,[20576] TURNER S. J. (2016),TURNER,2016,12
PAPER|GEOROC|CITATION_ID|20128,GEOROC,PAPER|GEOROC|CITATION_ID|20128,,[20128] WILLIAMSON N. M. B. (2016),WILLIAMSON,2016,24
PAPER|GEOROC|CITATION_ID|24464,GEOROC,PAPER|GEOROC|CITATION_ID|24464,,[24464] YAMGOUOT F. N. (2016),YAMGOUOT,2016,44
PAPER|GEOROC|CITATION_ID|20960,GEOROC,PAPER|GEOROC|CITATION_ID|20960,,[20960] ANCELLIN M.-A. (2017),ANCELLIN,2017,15
PAPER|GEOROC|CITATION_ID|20802,GEOROC,PAPER|GEOROC|CITATION_ID|20802,,[20802] BRANDT F. E. (2017),BRANDT,2017,9
PAPER|GEOROC|CITATION_ID|20976,GEOROC,PAPER|GEOROC|CITATION_ID|20976,,[20976] CHATTOPADHYAYA S. (2017),CHATTOPADHYAYA,2017,21
PAPER|PETDB|CITATION_SHA1|e702c1aa832c0607,PetDB,PAPER|PETDB|CITATION_SHA1|e702c1aa832c0607,,"Cousens, B. L., Weis, D., ... Scott, S. D. (2017). RADIOGENIC ISOTOPES IN ENRICHED MID-OCEAN RIDGE BASALTS FROM EXPLORER RIDGE, NORTHEAST PACIFIC OCEAN. GCA, 213, 90.",COUSENS,2017,1
PAPER|GEOROC|CITATION_ID|20694,GEOROC,PAPER|GEOROC|CITATION_ID|20694,,[20694] GARCIA M. O. (2017),GARCIA,2017,6
PAPER|GEOROC|CITATION_ID|21650,GEOROC,PAPER|GEOROC|CITATION_ID|21650,,[21650] GOLOWIN R. (2017),GOLOWIN,2017,35
PAPER|GEOROC|CITATION_ID|20998,GEOROC,PAPER|GEOROC|CITATION_ID|20998,,[20998] GREANEY A. T.(2017)  [GeoReM [10259] ],GREANEY,2017,10
PAPER|GEOROC|CITATION_ID|21078,GEOROC,PAPER|GEOROC|CITATION_ID|21078,,[21078] HE XIAO-FANG (2017),HE,2017,5
PAPER|GEOROC|CITATION_ID|21069,GEOROC,PAPER|GEOROC|CITATION_ID|21069,,[21069] JACKSON M. G.(2017)  [GeoReM [10098] ],JACKSON,2017,12
PAPER|GEOROC|CITATION_ID|21497,GEOROC,PAPER|GEOROC|CITATION_ID|21497,,[21497] JALOWITZKI T. L. R.(2017)  [GeoReM [10699] ],JALOWITZKI,2017,2
PAPER|GEOROC|CITATION_ID|21012,GEOROC,PAPER|GEOROC|CITATION_ID|21012,,[21012] JOHANSSON H. (2017),JOHANSSON,2017,2
PAPER|GEOROC|CITATION_ID|20799,GEOROC,PAPER|GEOROC|CITATION_ID|20799,,[20799] KIMINAMI K. (2017),KIMINAMI,2017,4
PAPER|GEOROC|CITATION_ID|20942,GEOROC,PAPER|GEOROC|CITATION_ID|20942,,[20942] KURITANI T.(2017)  [GeoReM [10666] ],KURITANI,2017,61
PAPER|GEOROC|CITATION_ID|20729,GEOROC,PAPER|GEOROC|CITATION_ID|20729,,[20729] LI HONGBO (2017),LI,2017,9
PAPER|PETDB|CITATION_SHA1|01cc315cac07f6c1,PetDB,PAPER|PETDB|CITATION_SHA1|01cc315cac07f6c1,,"Liang, Y., Halliday, A. N., ... Harvey, J. (2017). MOLYBDENUM ISOTOPE FRACTIONATION IN THE MANTLE. GEOCHIM COSMOCHIM ACTA, 199, 111.",LIANG,2017,1
PAPER|GEOROC|CITATION_ID|21074,GEOROC,PAPER|GEOROC|CITATION_ID|21074,,[21074] LIU XIJUN (2017),LIU,2017,35
PAPER|GEOROC|CITATION_ID|20849,GEOROC,PAPER|GEOROC|CITATION_ID|20849,,[20849] LYNN K. J. (2017),LYNN,2017,17
PAPER|GEOROC|CITATION_ID|21041,GEOROC,PAPER|GEOROC|CITATION_ID|21041,,[21041] MCGEE L. E.(2017)  [GeoReM [10522] ],MCGEE,2017,64
PAPER|GEOROC|CITATION_ID|21144,GEOROC,PAPER|GEOROC|CITATION_ID|21144,,[21144] MILLETT J. M.(2017)  [GeoReM [10709] ],MILLETT,2017,140
PAPER|GEOROC|CITATION_ID|21890,GEOROC,PAPER|GEOROC|CITATION_ID|21890,,[21890] MUNTEANU M. (2017),MUNTEANU,2017,11
PAPER|GEOROC|CITATION_ID|20997,GEOROC,PAPER|GEOROC|CITATION_ID|20997,,[20997] NIELSEN S. G. (2017),NIELSEN,2017,3
PAPER|PETDB|CITATION_SHA1|58ceb9446db4b744,PetDB,PAPER|PETDB|CITATION_SHA1|58ceb9446db4b744,,"Perinelli, C., Gaeta, M., ... Armienti, P. (2017). CUMULATE XENOLITHS FROM MT. OVERLORD, NORTHERN VICTORIA LAND, ANTARCTICA: A WINDOW INTO HIGH PRESSURE STORAGE AND DIFFERENTIATION OF MANTLE-DERIVED BASALTS. LITHOS, 268-271, 239.",PERINELLI,2017,1
PAPER|GEOROC|CITATION_ID|21424,GEOROC,PAPER|GEOROC|CITATION_ID|21424,,[21424] PETERS B. J. (2017),PETERS,2017,10
PAPER|GEOROC|CITATION_ID|22111,GEOROC,PAPER|GEOROC|CITATION_ID|22111,,[22111] PETERS B. J. (2017),PETERS,2017,98
PAPER|GEOROC|CITATION_ID|21895,GEOROC,PAPER|GEOROC|CITATION_ID|21895,,[21895] PETERSON M. E.(2017)  [GeoReM [10387] ],PETERSON,2017,92
PAPER|GEOROC|CITATION_ID|21435,GEOROC,PAPER|GEOROC|CITATION_ID|21435,,[21435] PINTO V. M. (2017),PINTO,2017,25
PAPER|GEOROC|CITATION_ID|21878,GEOROC,PAPER|GEOROC|CITATION_ID|21878,,[21878] RASMUSSEN D. J. (2017),RASMUSSEN,2017,37
PAPER|GEOROC|CITATION_ID|23335,GEOROC,PAPER|GEOROC|CITATION_ID|23335,,[23335] REYES J. (2017),REYES,2017,10
PAPER|GEOROC|CITATION_ID|21157,GEOROC,PAPER|GEOROC|CITATION_ID|21157,,[21157] SHETH H. C. (2017),SHETH,2017,4
PAPER|GEOROC|CITATION_ID|21389,GEOROC,PAPER|GEOROC|CITATION_ID|21389,,[21389] SHETH H. C. (2017),SHETH,2017,3
PAPER|GEOROC|CITATION_ID|21071,GEOROC,PAPER|GEOROC|CITATION_ID|21071,,[21071] SINTON J. M.(2017)  [GeoReM [10287] ],SINTON,2017,48
PAPER|GEOROC|CITATION_ID|21501,GEOROC,PAPER|GEOROC|CITATION_ID|21501,,[21501] TIAN HENG-CI(2017)  [GeoReM [10697] ],TIAN,2017,21
PAPER|GEOROC|CITATION_ID|21047,GEOROC,PAPER|GEOROC|CITATION_ID|21047,,[21047] TRELA J. (2017),TRELA,2017,3
PAPER|GEOROC|CITATION_ID|21118,GEOROC,PAPER|GEOROC|CITATION_ID|21118,,[21118] TRONCOSO L. (2017),TRONCOSO,2017,1
PAPER|GEOROC|CITATION_ID|21001,GEOROC,PAPER|GEOROC|CITATION_ID|21001,,[21001] TSUKADA K. (2017),TSUKADA,2017,16
PAPER|GEOROC|CITATION_ID|21481,GEOROC,PAPER|GEOROC|CITATION_ID|21481,,[21481] UEKI K.(2017)  [GeoReM [10668] ],UEKI,2017,92
PAPER|GEOROC|CITATION_ID|21287,GEOROC,PAPER|GEOROC|CITATION_ID|21287,,[21287] VALER M. (2017),VALER,2017,13
PAPER|GEOROC|CITATION_ID|21882,GEOROC,PAPER|GEOROC|CITATION_ID|21882,,[21882] VALER M. (2017),VALER,2017,2
PAPER|PETDB|CITATION_SHA1|94851147926c1486,PetDB,PAPER|PETDB|CITATION_SHA1|94851147926c1486,,"Yang Yang, A., Zhao, T., ... Deng, X. (2017). ISOTOPICALLY ENRICHED N-MORB: A NEW GEOCHEMICAL SIGNATURE OF OFF-AXIS PLUME-RIDGE INTERACTION-A CASE STUDY AT 50°28'E, SOUTHWEST INDIAN RIDGE. JOURNAL OF GEOPHYSICAL RESEARCH: SOLID EARTH, null.",YANGYANG,2017,14
PAPER|GEOROC|CITATION_ID|20830,GEOROC,PAPER|GEOROC|CITATION_ID|20830,,[20830] ZHANG YU-XIU (2017),ZHANG,2017,17
PAPER|GEOROC|CITATION_ID|20845,GEOROC,PAPER|GEOROC|CITATION_ID|20845,,[20845] ZHONG YUAN(2017)  [GeoReM [10789] ],ZHONG,2017,10
PAPER|PETDB|CITATION_SHA1|679acd39ee820041,PetDB,PAPER|PETDB|CITATION_SHA1|679acd39ee820041,,"Amsellem, E., Moynier, F., ... Teng, F. (2018). THE STABLE STRONTIUM ISOTOPIC COMPOSITION OF OCEAN ISLAND BASALTS, MID-OCEAN RIDGE BASALTS, AND KOMATIITES. CHEMICAL GEOLOGY, null.",AMSELLEM,2018,1
PAPER|GEOROC|CITATION_ID|21754,GEOROC,PAPER|GEOROC|CITATION_ID|21754,,[21754] BAGGIO S. B. (2018),BAGGIO,2018,13
PAPER|GEOROC|CITATION_ID|23460,GEOROC,PAPER|GEOROC|CITATION_ID|23460,,[23460] BANIK T. J. (2018),BANIK,2018,1
PAPER|GEOROC|CITATION_ID|22291,GEOROC,PAPER|GEOROC|CITATION_ID|22291,,[22291] BUCHS D. M.(2018)  [GeoReM [11675] ],BUCHS,2018,9
PAPER|GEOROC|CITATION_ID|21949,GEOROC,PAPER|GEOROC|CITATION_ID|21949,,[21949] CHENG ZHIGUO(2018)  [GeoReM [11396] ],CHENG,2018,6
PAPER|GEOROC|CITATION_ID|22080,GEOROC,PAPER|GEOROC|CITATION_ID|22080,,[22080] DE MIN A. (2018),DE,2018,35
PAPER|GEOROC|CITATION_ID|22083,GEOROC,PAPER|GEOROC|CITATION_ID|22083,,[22083] DE WALL H. (2018),DE,2018,1
PAPER|GEOROC|CITATION_ID|22258,GEOROC,PAPER|GEOROC|CITATION_ID|22258,,[22258] DOCKMAN D. M. (2018),DOCKMAN,2018,70
PAPER|GEOROC|CITATION_ID|22092,GEOROC,PAPER|GEOROC|CITATION_ID|22092,,[22092] ESTRADA S. (2018),ESTRADA,2018,2
PAPER|GEOROC|CITATION_ID|22191,GEOROC,PAPER|GEOROC|CITATION_ID|22191,,[22191] GOLOWIN R.(2018)  [GeoReM [11455] ],GOLOWIN,2018,19
PAPER|GEOROC|CITATION_ID|22297,GEOROC,PAPER|GEOROC|CITATION_ID|22297,,[22297] HEI HUI-XIN (2018),HEI,2018,6
PAPER|GEOROC|CITATION_ID|21720,GEOROC,PAPER|GEOROC|CITATION_ID|21720,,[21720] HUGHES S. S. (2018),HUGHES,2018,12
PAPER|GEOROC|CITATION_ID|22474,GEOROC,PAPER|GEOROC|CITATION_ID|22474,,[22474] JEAN M. M.(2018)  [GeoReM [11127] ],JEAN,2018,18
PAPER|GEOROC|CITATION_ID|21614,GEOROC,PAPER|GEOROC|CITATION_ID|21614,,[21614] KONRAD K. (2018),KONRAD,2018,6
PAPER|GEOROC|CITATION_ID|22135,GEOROC,PAPER|GEOROC|CITATION_ID|22135,,[22135] KRIVOLUTSKAYA N. A. (2018),KRIVOLUTSKAYA,2018,26
PAPER|GEOROC|CITATION_ID|22077,GEOROC,PAPER|GEOROC|CITATION_ID|22077,,[22077] MARQUES L. S. (2018),MARQUES,2018,83
PAPER|GEOROC|CITATION_ID|22074,GEOROC,PAPER|GEOROC|CITATION_ID|22074,,[22074] MARSH J. S. (2018),MARSH,2018,5
PAPER|GEOROC|CITATION_ID|21645,GEOROC,PAPER|GEOROC|CITATION_ID|21645,,[21645] MARTINEZ P. (2018),MARTINEZ,2018,4
PAPER|GEOROC|CITATION_ID|21790,GEOROC,PAPER|GEOROC|CITATION_ID|21790,,[21790] MIYAZAKI T.(2018)  [GeoReM [11353] ],MIYAZAKI,2018,14
PAPER|GEOROC|CITATION_ID|22509,GEOROC,PAPER|GEOROC|CITATION_ID|22509,,[22509] MOORE N. E. (2018),MOORE,2018,70
PAPER|GEOROC|CITATION_ID|21604,GEOROC,PAPER|GEOROC|CITATION_ID|21604,,[21604] NICKLAS R. W. (2018),NICKLAS,2018,14
PAPER|GEOROC|CITATION_ID|22613,GEOROC,PAPER|GEOROC|CITATION_ID|22613,,[22613] PIETRUSZKA A. J.(2018)  [GeoReM [11123] ],PIETRUSZKA,2018,32
PAPER|GEOROC|CITATION_ID|22428,GEOROC,PAPER|GEOROC|CITATION_ID|22428,,[22428] PORRECA M. (2018),PORRECA,2018,4
PAPER|GEOROC|CITATION_ID|22240,GEOROC,PAPER|GEOROC|CITATION_ID|22240,,[22240] ROGERS C. (2018),ROGERS,2018,42
PAPER|GEOROC|CITATION_ID|22571,GEOROC,PAPER|GEOROC|CITATION_ID|22571,,[22571] SCHONWALDER-ANGEL D. (2018),SCHONWALDERANGEL,2018,16
PAPER|GEOROC|CITATION_ID|21850,GEOROC,PAPER|GEOROC|CITATION_ID|21850,,[21850] SHELLNUTT J. G. (2018),SHELLNUTT,2018,40
PAPER|GEOROC|CITATION_ID|23381,GEOROC,PAPER|GEOROC|CITATION_ID|23381,,[23381] WANG XIAO-JUN (2018),WANG,2018,12
PAPER|GEOROC|CITATION_ID|22453,GEOROC,PAPER|GEOROC|CITATION_ID|22453,,[22453] WARE B. D.(2018)  [GeoReM [11117] ],WARE,2018,73
PAPER|PETDB|CITATION_SHA1|47e26e1d10ded04e,PetDB,PAPER|PETDB|CITATION_SHA1|47e26e1d10ded04e,,"Zhang, W., Zeng, Z., ... Yin, X. (2018). GEOCHEMICAL CONSTRAINS ON MORB COMPOSITION AND MAGMA SOURCES AT EAST PACIFIC RISE BETWEEN 1°S AND 2°S. JOURNAL OF OCEAN UNIVERSITY OF CHINA, 17(2), 304.",ZHANG,2018,9
PAPER|GEOROC|CITATION_ID|22972,GEOROC,PAPER|GEOROC|CITATION_ID|22972,,[22972] AGRANIER A.(2019)  [GeoReM [11935] ],AGRANIER,2019,131
PAPER|GEOROC|CITATION_ID|23182,GEOROC,PAPER|GEOROC|CITATION_ID|23182,,[23182] ALMEIDA V. V.(2019)  [GeoReM [12131] ],ALMEIDA,2019,4
PAPER|GEOROC|CITATION_ID|23240,GEOROC,PAPER|GEOROC|CITATION_ID|23240,,[23240] ANDJIC G. (2019),ANDJIC,2019,4
PAPER|GEOROC|CITATION_ID|22861,GEOROC,PAPER|GEOROC|CITATION_ID|22861,,[22861] ARAKAWA Y.(2019)  [GeoReM [11940] ],ARAKAWA,2019,5
PAPER|GEOROC|CITATION_ID|25430,GEOROC,PAPER|GEOROC|CITATION_ID|25430,,[25430] BOUDOIRE G. (2019),BOUDOIRE,2019,36
PAPER|GEOROC|CITATION_ID|23083,GEOROC,PAPER|GEOROC|CITATION_ID|23083,,[23083] BOYET M.(2019)  [GeoReM [11825] ],BOYET,2019,12
PAPER|GEOROC|CITATION_ID|23565,GEOROC,PAPER|GEOROC|CITATION_ID|23565,,[23565] CHADWICK J. P. (2019),CHADWICK,2019,28
PAPER|GEOROC|CITATION_ID|23172,GEOROC,PAPER|GEOROC|CITATION_ID|23172,,[23172] COX D.(2019)  [GeoReM [12406] ],COX,2019,2
PAPER|GEOROC|CITATION_ID|23358,GEOROC,PAPER|GEOROC|CITATION_ID|23358,,[23358] CUCCINIELLO C. (2019),CUCCINIELLO,2019,1
PAPER|GEOROC|CITATION_ID|23390,GEOROC,PAPER|GEOROC|CITATION_ID|23390,,[23390] GENSKE F. S.(2019)  [GeoReM [12348] ],GENSKE,2019,3
PAPER|GEOROC|CITATION_ID|22863,GEOROC,PAPER|GEOROC|CITATION_ID|22863,,[22863] JARAMILLO J. S.(2019)  [GeoReM [12008] ],JARAMILLO,2019,9
PAPER|PETDB|CITATION_SHA1|c41c8b04b008efd0,PetDB,PAPER|PETDB|CITATION_SHA1|c41c8b04b008efd0,,"Kendrick, M. A. (2019). HALOGENS IN ALTERED OCEAN CRUST FROM THE EAST PACIFIC RISE (ODP\/IODP HOLE 1256D). GEOCHIMICA ET COSMOCHIMICA ACTA, 261, 93-112.",KENDRICK,2019,1
PAPER|GEOROC|CITATION_ID|22913,GEOROC,PAPER|GEOROC|CITATION_ID|22913,,[22913] KURZAWA T.(2019)  [GeoReM [12323] ],KURZAWA,2019,1
PAPER|GEOROC|CITATION_ID|22897,GEOROC,PAPER|GEOROC|CITATION_ID|22897,,[22897] KURZWEIL F.(2019)  [GeoReM [12569] ],KURZWEIL,2019,10
PAPER|PETDB|CITATION_SHA1|65acd4c2e0902fc0,PetDB,PAPER|PETDB|CITATION_SHA1|65acd4c2e0902fc0,,"Li, W., Tao, C., ... Yang, W. (2019). MELT INCLUSIONS IN PLAGIOCLASE MACROCRYSTS AT MOUNT JOURDANNE, SOUTHWEST INDIAN RIDGE (~64° E): IMPLICATIONS FOR AN ENRICHED MANTLE SOURCE AND SHALLOW MAGMATIC PROCESSES. MINERALS, 9(8), 493.",LI,2019,8
PAPER|PETDB|CITATION_SHA1|127ac4cd03cd65bd,PetDB,PAPER|PETDB|CITATION_SHA1|127ac4cd03cd65bd,,"Lissenberg, C. J., Macleod, C. J., ... Bennett, E. (2019). CONSEQUENCES OF A CRYSTAL MUSH-DOMINATED MAGMA PLUMBING SYSTEM: A MID-OCEAN RIDGE PERSPECTIVE. PHILOSOPHICAL TRANSACTIONS OF THE ROYAL SOCIETY A: MATHEMATICAL, PHYSICAL AND ENGINEERING SCIENCES, 377(2139), 20180014.",LISSENBERG,2019,1
PAPER|GEOROC|CITATION_ID|27006,GEOROC,PAPER|GEOROC|CITATION_ID|27006,,[27006] LOHMEIER S. (2019),LOHMEIER,2019,2
PAPER|GEOROC|CITATION_ID|23135,GEOROC,PAPER|GEOROC|CITATION_ID|23135,,[23135] MARZOLI A. (2019),MARZOLI,2019,199
PAPER|GEOROC|CITATION_ID|23170,GEOROC,PAPER|GEOROC|CITATION_ID|23170,,[23170] MILOSKI P. (2019),MILOSKI,2019,6
PAPER|GEOROC|CITATION_ID|23391,GEOROC,PAPER|GEOROC|CITATION_ID|23391,,[23391] NAURET F.(2019)  [GeoReM [12351] ],NAURET,2019,7
PAPER|GEOROC|CITATION_ID|23136,GEOROC,PAPER|GEOROC|CITATION_ID|23136,,[23136] NELSON W. R.(2019)  [GeoReM [11853] ],NELSON,2019,37
PAPER|GEOROC|CITATION_ID|23521,GEOROC,PAPER|GEOROC|CITATION_ID|23521,,[23521] NIKKOLA P. (2019),NIKKOLA,2019,23
PAPER|GEOROC|CITATION_ID|22783,GEOROC,PAPER|GEOROC|CITATION_ID|22783,,[22783] OLIEROOK H. K. H. (2019),OLIEROOK,2019,4
PAPER|GEOROC|CITATION_ID|22678,GEOROC,PAPER|GEOROC|CITATION_ID|22678,,[22678] PETERS B. J.(2019)  [GeoReM [12494] ],PETERS,2019,7
PAPER|GEOROC|CITATION_ID|22929,GEOROC,PAPER|GEOROC|CITATION_ID|22929,,[22929] REINHARD A. A.(2019)  [GeoReM [11831] ],REINHARD,2019,31
PAPER|GEOROC|CITATION_ID|23333,GEOROC,PAPER|GEOROC|CITATION_ID|23333,,[23333] REYES J.(2019)  [GeoReM [12468] ],REYES,2019,51
PAPER|PETDB|CITATION_SHA1|22cc58ddc0a55e6b,PetDB,PAPER|PETDB|CITATION_SHA1|22cc58ddc0a55e6b,,"Riley, T., Carter, A., ... Bristow, C. (2019). GEOCHRONOLOGY AND GEOCHEMISTRY OF THE NORTHERN SCOTIA SEA: A REVISED INTERPRETATION OF THE NORTH AND WEST SCOTIA RIDGE JUNCTION. EARTH AND PLANETARY SCIENCE LETTERS, 518, 136-147.",RILEY,2019,9
PAPER|GEOROC|CITATION_ID|23024,GEOROC,PAPER|GEOROC|CITATION_ID|23024,,[23024] SAMANT H. (2019),SAMANT,2019,7
PAPER|GEOROC|CITATION_ID|23440,GEOROC,PAPER|GEOROC|CITATION_ID|23440,,[23440] SEN B. (2019),SEN,2019,12
PAPER|GEOROC|CITATION_ID|22917,GEOROC,PAPER|GEOROC|CITATION_ID|22917,,[22917] STEFANO C. J.(2019)  [GeoReM [12324] ],STEFANO,2019,7
PAPER|GEOROC|CITATION_ID|23244,GEOROC,PAPER|GEOROC|CITATION_ID|23244,,[23244] SWALLOW E. J.(2019)  [GeoReM [11895] ],SWALLOW,2019,13
PAPER|GEOROC|CITATION_ID|23441,GEOROC,PAPER|GEOROC|CITATION_ID|23441,,[23441] YAN QUANSHU (2019),YAN,2019,31
PAPER|PETDB|CITATION_SHA1|9b3a555dcdef9e92,PetDB,PAPER|PETDB|CITATION_SHA1|9b3a555dcdef9e92,,"Yu, X., Dick, H. J. B. (2019). PLATE-DRIVEN MICRO-HOTSPOTS AND THE EVOLUTION OF THE DRAGON FLAG MELTING ANOMALY, SOUTHWEST INDIAN RIDGE. EARTH AND PLANETARY SCIENCE LETTERS, 116002.",YU,2019,30
PAPER|GEOROC|CITATION_ID|23589,GEOROC,PAPER|GEOROC|CITATION_ID|23589,,[23589] BONNAND P. (2020),BONNAND,2020,22
PAPER|GEOROC|CITATION_ID|23918,GEOROC,PAPER|GEOROC|CITATION_ID|23918,,[23918] BURNEY D. (2020),BURNEY,2020,13
PAPER|GEOROC|CITATION_ID|23734,GEOROC,PAPER|GEOROC|CITATION_ID|23734,,[23734] CAHOON E. B. (2020),CAHOON,2020,11
PAPER|GEOROC|CITATION_ID|24288,GEOROC,PAPER|GEOROC|CITATION_ID|24288,,[24288] CUCCINIELLO C. (2020),CUCCINIELLO,2020,8
PAPER|GEOROC|CITATION_ID|23539,GEOROC,PAPER|GEOROC|CITATION_ID|23539,,[23539] GARCIA M. O. (2020),GARCIA,2020,6
PAPER|GEOROC|CITATION_ID|23801,GEOROC,PAPER|GEOROC|CITATION_ID|23801,,[23801] GETAW A. (2020),GETAW,2020,10
PAPER|GEOROC|CITATION_ID|24331,GEOROC,PAPER|GEOROC|CITATION_ID|24331,,[24331] GRAETTINGER A. H. (2020),GRAETTINGER,2020,2
PAPER|GEOROC|CITATION_ID|25812,GEOROC,PAPER|GEOROC|CITATION_ID|25812,,[25812] GUIMARAES A. R. (2020),GUIMARAES,2020,14
PAPER|MERGED|1199d05be01346da,GEOROC; PetDB,PAPER|MERGED|1199d05be01346da,,"Harpp, K. S., Weis, D. (2020). INSIGHTS INTO THE ORIGINS AND COMPOSITIONS OF MANTLE PLUMES: A COMPARISON OF GALÁPAGOS AND HAWAI'I. GEOCHEMISTRY, GEOPHYSICS, GEOSYSTEMS, 21(9), null.; [24087] HARPP K. S. (2020)",HARPP,2020,77
PAPER|GEOROC|CITATION_ID|23378,GEOROC,PAPER|GEOROC|CITATION_ID|23378,,[23378] HOERNLE K. A. (2020),HOERNLE,2020,2
PAPER|GEOROC|CITATION_ID|23527,GEOROC,PAPER|GEOROC|CITATION_ID|23527,,[23527] ISRAEL C. (2020),ISRAEL,2020,10
PAPER|GEOROC|CITATION_ID|24409,GEOROC,PAPER|GEOROC|CITATION_ID|24409,,[24409] JACKSON M. G. (2020),JACKSON,2020,8
PAPER|GEOROC|CITATION_ID|23808,GEOROC,PAPER|GEOROC|CITATION_ID|23808,,[23808] KRIVOLUTSKAYA N. A. (2020),KRIVOLUTSKAYA,2020,48
PAPER|GEOROC|CITATION_ID|24434,GEOROC,PAPER|GEOROC|CITATION_ID|24434,,[24434] LONG XIAOJUN (2020),LONG,2020,3
PAPER|GEOROC|CITATION_ID|24089,GEOROC,PAPER|GEOROC|CITATION_ID|24089,,[24089] MILLETT J. M. (2020),MILLETT,2020,19
PAPER|GEOROC|CITATION_ID|23883,GEOROC,PAPER|GEOROC|CITATION_ID|23883,,[23883] NELSON D. A. (2020),NELSON,2020,20
PAPER|GEOROC|CITATION_ID|23682,GEOROC,PAPER|GEOROC|CITATION_ID|23682,,[23682] PHILIPPI N. (2020),PHILIPPI,2020,4
PAPER|PETDB|CITATION_SHA1|298f7c2c8f6b2c01,PetDB,PAPER|PETDB|CITATION_SHA1|298f7c2c8f6b2c01,,"Richter, M., Nebel, O., ... Cawood, P. A. (2020). AN EARLY CRETACEOUS SUBDUCTION-MODIFIED MANTLE UNDERNEATH THE ULTRASLOW SPREADING GAKKEL RIDGE, ARCTIC OCEAN. SCIENCE ADVANCES, 6(44), eabb4340.",RICHTER,2020,19
PAPER|GEOROC|CITATION_ID|24050,GEOROC,PAPER|GEOROC|CITATION_ID|24050,,[24050] ROBERTO A. (2020),ROBERTO,2020,8
PAPER|GEOROC|CITATION_ID|23953,GEOROC,PAPER|GEOROC|CITATION_ID|23953,,[23953] ROCHA-JUNIOR E. R. V. (2020),ROCHAJUNIOR,2020,13
PAPER|GEOROC|CITATION_ID|24347,GEOROC,PAPER|GEOROC|CITATION_ID|24347,,[24347] SIMMONS I. C. (2020),SIMMONS,2020,2
PAPER|GEOROC|CITATION_ID|24582,GEOROC,PAPER|GEOROC|CITATION_ID|24582,,[24582] TROLL V. R. (2020),TROLL,2020,4
PAPER|PETDB|CITATION_SHA1|708838bdbdbaba07,PetDB,PAPER|PETDB|CITATION_SHA1|708838bdbdbaba07,,"Wang, J., Zhou, H., ... Wang, C. (2020). TRACE ELEMENT AND ISOTOPIC EVIDENCE FOR RECYCLED LITHOSPHERE FROM BASALTS FROM 48 TO 53°E, SOUTHWEST INDIAN RIDGE. JOURNAL OF PETROLOGY, 61(10), null.",WANG,2020,40
PAPER|GEOROC|CITATION_ID|23491,GEOROC,PAPER|GEOROC|CITATION_ID|23491,,[23491] WATERS C. L. (2020),WATERS,2020,14
PAPER|GEOROC|CITATION_ID|23618,GEOROC,PAPER|GEOROC|CITATION_ID|23618,,[23618] ZANON V. (2020),ZANON,2020,15
PAPER|GEOROC|CITATION_ID|23673,GEOROC,PAPER|GEOROC|CITATION_ID|23673,,[23673] ZHOU H. (2020),ZHOU,2020,79
PAPER|GEOROC|CITATION_ID|24682,GEOROC,PAPER|GEOROC|CITATION_ID|24682,,[24682] AIZAWA M. (2021),AIZAWA,2021,9
PAPER|GEOROC|CITATION_ID|24938,GEOROC,PAPER|GEOROC|CITATION_ID|24938,,[24938] AUWERA J. V. (2021),AUWERA,2021,4
PAPER|GEOROC|CITATION_ID|24496,GEOROC,PAPER|GEOROC|CITATION_ID|24496,,[24496] BANERJEE R. (2021),BANERJEE,2021,31
PAPER|GEOROC|CITATION_ID|25018,GEOROC,PAPER|GEOROC|CITATION_ID|25018,,[25018] CALLEGARO S. (2021),CALLEGARO,2021,42
PAPER|GEOROC|CITATION_ID|24596,GEOROC,PAPER|GEOROC|CITATION_ID|24596,,[24596] CHEN SHUANG-SHUANG (2021),CHEN,2021,20
PAPER|GEOROC|CITATION_ID|25080,GEOROC,PAPER|GEOROC|CITATION_ID|25080,,[25080] CHEN YANHONG (2021),CHEN,2021,23
PAPER|GEOROC|CITATION_ID|25581,GEOROC,PAPER|GEOROC|CITATION_ID|25581,,[25581] CHEN SHENG-SHENG (2021),CHEN,2021,7
PAPER|GEOROC|CITATION_ID|24974,GEOROC,PAPER|GEOROC|CITATION_ID|24974,,[24974] CORDIER C. (2021),CORDIER,2021,2
PAPER|GEOROC|CITATION_ID|24972,GEOROC,PAPER|GEOROC|CITATION_ID|24972,,[24972] DAN WEI (2021),DAN,2021,14
PAPER|GEOROC|CITATION_ID|24786,GEOROC,PAPER|GEOROC|CITATION_ID|24786,,[24786] DAY J. M. D. (2021),DAY,2021,29
PAPER|GEOROC|CITATION_ID|25175,GEOROC,PAPER|GEOROC|CITATION_ID|25175,,[25175] GOOD D. J. (2021),GOOD,2021,1
PAPER|GEOROC|CITATION_ID|24968,GEOROC,PAPER|GEOROC|CITATION_ID|24968,,[24968] GUILLOT M. G. (2021),GUILLOT,2021,18
PAPER|PETDB|CITATION_SHA1|4c3ad30f49dd244d,PetDB,PAPER|PETDB|CITATION_SHA1|4c3ad30f49dd244d,,"Hao, H., Campbell, I., ... Perfit, M. R. (2021). USING PRECIOUS METAL PROBES TO QUANTIFY MID-OCEAN RIDGE MAGMATIC PROCESSES. EARTH AND PLANETARY SCIENCE LETTERS, 553, 116603.",HAO,2021,6
PAPER|GEOROC|CITATION_ID|24704,GEOROC,PAPER|GEOROC|CITATION_ID|24704,,[24704] HEINONEN J. S. (2021),HEINONEN,2021,1
PAPER|GEOROC|CITATION_ID|24313,GEOROC,PAPER|GEOROC|CITATION_ID|24313,,[24313] HILUF H. (2021),HILUF,2021,6
PAPER|GEOROC|CITATION_ID|25185,GEOROC,PAPER|GEOROC|CITATION_ID|25185,,[25185] KARYAKIN YU. V. (2021),KARYAKIN,2021,22
PAPER|GEOROC|CITATION_ID|25612,GEOROC,PAPER|GEOROC|CITATION_ID|25612,,[25612] LEE YUNG-TAN (2021),LEE,2021,90
PAPER|GEOROC|CITATION_ID|25422,GEOROC,PAPER|GEOROC|CITATION_ID|25422,,[25422] LI XIAOHUI (2021),LI,2021,1
PAPER|GEOROC|CITATION_ID|25171,GEOROC,PAPER|GEOROC|CITATION_ID|25171,,[25171] LINDSAY J. J. (2021),LINDSAY,2021,92
PAPER|GEOROC|CITATION_ID|24964,GEOROC,PAPER|GEOROC|CITATION_ID|24964,,[24964] LINO L. M. (2021),LINO,2021,22
PAPER|GEOROC|CITATION_ID|25358,GEOROC,PAPER|GEOROC|CITATION_ID|25358,,[25358] MANSUR E. T. (2021),MANSUR,2021,40
PAPER|GEOROC|CITATION_ID|25510,GEOROC,PAPER|GEOROC|CITATION_ID|25510,,[25510] PARKER D. F. (2021),PARKER,2021,8
PAPER|GEOROC|CITATION_ID|25242,GEOROC,PAPER|GEOROC|CITATION_ID|25242,,[25242] PIETRUSZKA A. J. (2021),PIETRUSZKA,2021,31
PAPER|GEOROC|CITATION_ID|24951,GEOROC,PAPER|GEOROC|CITATION_ID|24951,,[24951] PREMARATHNE U. (2021),PREMARATHNE,2021,10
PAPER|GEOROC|CITATION_ID|24963,GEOROC,PAPER|GEOROC|CITATION_ID|24963,,[24963] RIVERA T. A. (2021),RIVERA,2021,31
PAPER|GEOROC|CITATION_ID|25024,GEOROC,PAPER|GEOROC|CITATION_ID|25024,,[25024] ROMER R. H. W. (2021),ROMER,2021,8
PAPER|GEOROC|CITATION_ID|24588,GEOROC,PAPER|GEOROC|CITATION_ID|24588,,[24588] RÖSEL D. (2021),ROSEL,2021,3
PAPER|GEOROC|CITATION_ID|25356,GEOROC,PAPER|GEOROC|CITATION_ID|25356,,[25356] ROSSETTI L. M. M. (2021),ROSSETTI,2021,92
PAPER|GEOROC|CITATION_ID|25094,GEOROC,PAPER|GEOROC|CITATION_ID|25094,,[25094] SEYLER M. (2021),SEYLER,2021,1
PAPER|GEOROC|CITATION_ID|25006,GEOROC,PAPER|GEOROC|CITATION_ID|25006,,[25006] TAMIRAT T. (2021),TAMIRAT,2021,14
PAPER|GEOROC|CITATION_ID|24710,GEOROC,PAPER|GEOROC|CITATION_ID|24710,,[24710] URETA G. (2021),URETA,2021,1
PAPER|GEOROC|CITATION_ID|25100,GEOROC,PAPER|GEOROC|CITATION_ID|25100,,[25100] VELANDIA J. (2021),VELANDIA,2021,1
PAPER|GEOROC|CITATION_ID|24778,GEOROC,PAPER|GEOROC|CITATION_ID|24778,,[24778] WALOWSKI K. J. (2021),WALOWSKI,2021,17
PAPER|GEOROC|CITATION_ID|25551,GEOROC,PAPER|GEOROC|CITATION_ID|25551,,[25551] WANG PIAO-YI (2021),WANG,2021,4
PAPER|GEOROC|CITATION_ID|24947,GEOROC,PAPER|GEOROC|CITATION_ID|24947,,[24947] YAMAMOTO T. (2021),YAMAMOTO,2021,2
PAPER|PETDB|CITATION_SHA1|f44613ed1b572c46,PetDB,PAPER|PETDB|CITATION_SHA1|f44613ed1b572c46,,"Yang Yang, A., Langmuir, C. H., ... Chen, Z. (2021). A SUBDUCTION INFLUENCE ON OCEAN RIDGE BASALTS OUTSIDE THE PACIFIC SUBDUCTION SHIELD. NATURE COMMUNICATIONS, 12(1), null.",YANGYANG,2021,11
PAPER|GEOROC|CITATION_ID|25466,GEOROC,PAPER|GEOROC|CITATION_ID|25466,,[25466] YAO JUN-HUA (2021),YAO,2021,11
PAPER|PETDB|CITATION_SHA1|7f34e87734cbc7f6,PetDB,PAPER|PETDB|CITATION_SHA1|7f34e87734cbc7f6,,"Zhang, H., Yan, Q., ... Zhao, R. (2021). TRACING MATERIAL CONTRIBUTIONS FROM SAINT HELENA PLUME TO THE SOUTH MID-ATLANTIC RIDGE SYSTEM. EARTH AND PLANETARY SCIENCE LETTERS, 572, 117130.",ZHANG,2021,19
PAPER|GEOROC|CITATION_ID|26166,GEOROC,PAPER|GEOROC|CITATION_ID|26166,,[26166] ANDRADE M. (2022),ANDRADE,2022,427
PAPER|GEOROC|CITATION_ID|25962,GEOROC,PAPER|GEOROC|CITATION_ID|25962,,[25962] BALBIS C. (2022),BALBIS,2022,4
PAPER|GEOROC|CITATION_ID|25750,GEOROC,PAPER|GEOROC|CITATION_ID|25750,,[25750] BARNES S. J. (2022),BARNES,2022,9
PAPER|GEOROC|CITATION_ID|26149,GEOROC,PAPER|GEOROC|CITATION_ID|26149,,[26149] BECHON T. (2022),BECHON,2022,1
PAPER|PETDB|CITATION_SHA1|9c449aa92c2c9ada,PetDB,PAPER|PETDB|CITATION_SHA1|9c449aa92c2c9ada,,"Bjerga, A., Stubseid, H., ... Pedersen, R. B. (2022). A HIGHLY DEPLETED AND SUBDUCTION‐MODIFIED MANTLE BENEATH THE SLOW‐SPREADING MOHNS RIDGE. GEOCHEMISTRY, GEOPHYSICS, GEOSYSTEMS, 23(11), null.",BJERGA,2022,4
PAPER|GEOROC|CITATION_ID|25798,GEOROC,PAPER|GEOROC|CITATION_ID|25798,,[25798] BOSCAINI A. (2022),BOSCAINI,2022,69
PAPER|GEOROC|CITATION_ID|26413,GEOROC,PAPER|GEOROC|CITATION_ID|26413,,[26413] CAO GUANGYUE (2022),CAO,2022,9
PAPER|GEOROC|CITATION_ID|25615,GEOROC,PAPER|GEOROC|CITATION_ID|25615,,[25615] CHILSON-PARKS B. H. (2022),CHILSONPARKS,2022,30
PAPER|GEOROC|CITATION_ID|25965,GEOROC,PAPER|GEOROC|CITATION_ID|25965,,[25965] CUCCINIELLO C. (2022),CUCCINIELLO,2022,6
PAPER|GEOROC|CITATION_ID|26189,GEOROC,PAPER|GEOROC|CITATION_ID|26189,,[26189] GIOVANARDI T. (2022),GIOVANARDI,2022,27
PAPER|GEOROC|CITATION_ID|25586,GEOROC,PAPER|GEOROC|CITATION_ID|25586,,[25586] GOMES A. S. (2022),GOMES,2022,10
PAPER|GEOROC|CITATION_ID|25910,GEOROC,PAPER|GEOROC|CITATION_ID|25910,,[25910] HOYER P. A. (2022),HOYER,2022,8
PAPER|GEOROC|CITATION_ID|25772,GEOROC,PAPER|GEOROC|CITATION_ID|25772,,[25772] HUANG HU (2022),HUANG,2022,13
PAPER|GEOROC|CITATION_ID|25797,GEOROC,PAPER|GEOROC|CITATION_ID|25797,,[25797] JANSEN M. W. (2022),JANSEN,2022,13
PAPER|GEOROC|CITATION_ID|25515,GEOROC,PAPER|GEOROC|CITATION_ID|25515,,[25515] LIU XIAOYU (2022),LIU,2022,21
PAPER|GEOROC|CITATION_ID|25933,GEOROC,PAPER|GEOROC|CITATION_ID|25933,,[25933] MALLEA-LILLO F. (2022),MALLEALILLO,2022,10
PAPER|GEOROC|CITATION_ID|25435,GEOROC,PAPER|GEOROC|CITATION_ID|25435,,[25435] MARSHALL E. W. (2022),MARSHALL,2022,1
PAPER|GEOROC|CITATION_ID|26705,GEOROC,PAPER|GEOROC|CITATION_ID|26705,,[26705] MORGADO E. (2022),MORGADO,2022,3
PAPER|PETDB|CITATION_SHA1|b8816b5b42eae91b,PetDB,PAPER|PETDB|CITATION_SHA1|b8816b5b42eae91b,,"Nikitczuk, M., Bebout, G., ... Nakamura, E. (2022). NITROGENOUS ALTERED VOLCANIC GLASSES AS TARGETS FOR MARS SAMPLE RETURN: EXAMPLES FROM ANTARCTICA AND ICELAND. JOURNAL OF GEOPHYSICAL RESEARCH: PLANETS, 127(2), null.",NIKITCZUK,2022,14
PAPER|GEOROC|CITATION_ID|25672,GEOROC,PAPER|GEOROC|CITATION_ID|25672,,[25672] QIN JINGYI (2022),QIN,2022,14
PAPER|GEOROC|CITATION_ID|25403,GEOROC,PAPER|GEOROC|CITATION_ID|25403,,[25403] QUIDELLEUR X. (2022),QUIDELLEUR,2022,2
PAPER|GEOROC|CITATION_ID|26125,GEOROC,PAPER|GEOROC|CITATION_ID|26125,,[26125] SHABYKOVA V. V. (2022),SHABYKOVA,2022,9
PAPER|GEOROC|CITATION_ID|25984,GEOROC,PAPER|GEOROC|CITATION_ID|25984,,[25984] SHIMURA Y. (2022),SHIMURA,2022,5
PAPER|GEOROC|CITATION_ID|25539,GEOROC,PAPER|GEOROC|CITATION_ID|25539,,[25539] SIGMARSSON O. (2022),SIGMARSSON,2022,5
PAPER|GEOROC|CITATION_ID|26282,GEOROC,PAPER|GEOROC|CITATION_ID|26282,,[26282] SUSHCHEVSKAYA N. M. (2022),SUSHCHEVSKAYA,2022,2
PAPER|GEOROC|CITATION_ID|25702,GEOROC,PAPER|GEOROC|CITATION_ID|25702,,[25702] THIVET S. (2022),THIVET,2022,4
PAPER|GEOROC|CITATION_ID|25953,GEOROC,PAPER|GEOROC|CITATION_ID|25953,,[25953] WANG NING (2022),WANG,2022,6
PAPER|GEOROC|CITATION_ID|25860,GEOROC,PAPER|GEOROC|CITATION_ID|25860,,[25860] XIANG ZHONGJIN (2022),XIANG,2022,12
PAPER|GEOROC|CITATION_ID|27065,GEOROC,PAPER|GEOROC|CITATION_ID|27065,,[27065] ACOSTA A. C. M. (2023),ACOSTA,2023,9
PAPER|GEOROC|CITATION_ID|26498,GEOROC,PAPER|GEOROC|CITATION_ID|26498,,[26498] CHEN WIE-YU (2023),CHEN,2023,8
PAPER|GEOROC|CITATION_ID|26806,GEOROC,PAPER|GEOROC|CITATION_ID|26806,,[26806] CHEN LIE-MENG (2023),CHEN,2023,2
PAPER|GEOROC|CITATION_ID|27139,GEOROC,PAPER|GEOROC|CITATION_ID|27139,,[27139] CORTI N. (2023),CORTI,2023,4
PAPER|GEOROC|CITATION_ID|27112,GEOROC,PAPER|GEOROC|CITATION_ID|27112,,[27112] CUCCINIELLO C. (2023),CUCCINIELLO,2023,15
PAPER|GEOROC|CITATION_ID|29629,GEOROC,PAPER|GEOROC|CITATION_ID|29629,,[29629] HALDER M. (2023),HALDER,2023,2
PAPER|GEOROC|CITATION_ID|27174,GEOROC,PAPER|GEOROC|CITATION_ID|27174,,[27174] HOLE M. J. (2023),HOLE,2023,73
PAPER|GEOROC|CITATION_ID|26645,GEOROC,PAPER|GEOROC|CITATION_ID|26645,,[26645] HOWARTH G. H. (2023),HOWARTH,2023,615
PAPER|GEOROC|CITATION_ID|27178,GEOROC,PAPER|GEOROC|CITATION_ID|27178,,[27178] KHANNA T. C. (2023),KHANNA,2023,195
PAPER|PETDB|CITATION_SHA1|11608b37b6683f8e,PetDB,PAPER|PETDB|CITATION_SHA1|11608b37b6683f8e,,"Le Saout, M., Palgan, D., ... Brix, S. (2023). VARIATIONS IN VOLCANISM AND TECTONICS ALONG THE HOTSPOT‐INFLUENCED REYKJANES RIDGE. GEOCHEMISTRY, GEOPHYSICS, GEOSYSTEMS, 24(4), null.",LESAOUT,2023,29
PAPER|GEOROC|CITATION_ID|26738,GEOROC,PAPER|GEOROC|CITATION_ID|26738,,[26738] LU LU (2023),LU,2023,15
PAPER|GEOROC|CITATION_ID|27069,GEOROC,PAPER|GEOROC|CITATION_ID|27069,,[27069] MATTIOLI J. (2023),MATTIOLI,2023,2
PAPER|GEOROC|CITATION_ID|27153,GEOROC,PAPER|GEOROC|CITATION_ID|27153,,[27153] PAKULLA J. J. (2023),PAKULLA,2023,43
PAPER|GEOROC|CITATION_ID|26512,GEOROC,PAPER|GEOROC|CITATION_ID|26512,,[26512] ROGERS ANGUS (2023),ROGERS,2023,23
PAPER|GEOROC|CITATION_ID|27103,GEOROC,PAPER|GEOROC|CITATION_ID|27103,,[27103] RUSQUET A. (2023),RUSQUET,2023,4
PAPER|GEOROC|CITATION_ID|27129,GEOROC,PAPER|GEOROC|CITATION_ID|27129,,[27129] SILVA C. S. (2023),SILVA,2023,7
PAPER|GEOROC|CITATION_ID|26452,GEOROC,PAPER|GEOROC|CITATION_ID|26452,,[26452] SUZUKI KEISUKE (2023),SUZUKI,2023,6
PAPER|PETDB|CITATION_SHA1|f50f63ee6bdbf075,PetDB,PAPER|PETDB|CITATION_SHA1|f50f63ee6bdbf075,,"Albers, E., Behrendt, N., ... Bach, W. (2024). FORMATION AND HYDROTHERMAL ALTERATION OF A VOLCANIC CENTER: MELT POOLING AND MASS TRANSFERS AT LANGSETH RIDGE (GAKKEL RIDGE, ARCTIC OCEAN). MARINE GEOLOGY, 107347.",ALBERS,2024,5
PAPER|GEOROC|CITATION_ID|29763,GEOROC,PAPER|GEOROC|CITATION_ID|29763,,[29763] CAO GUANGYUE (2024),CAO,2024,40
PAPER|GEOROC|CITATION_ID|28814,GEOROC,PAPER|GEOROC|CITATION_ID|28814,,[28814] CARTER E. J. (2024),CARTER,2024,67
PAPER|GEOROC|CITATION_ID|29705,GEOROC,PAPER|GEOROC|CITATION_ID|29705,,[29705] CHAMBERLAIN K. J. (2024),CHAMBERLAIN,2024,12
PAPER|PETDB|CITATION_SHA1|085b1eaf5e80667e,PetDB,PAPER|PETDB|CITATION_SHA1|085b1eaf5e80667e,,"Choi, S., Park, J., ... Han, S. (2024). MELT-ROCK REACTION IN THE LOWER OCEANIC CRUST AND THE INFLUENCE ON THE EVOLUTION OF MID-OCEAN RIDGE BASALTS AT THE CENTRAL INDIAN RIDGE (7°50’–8°30’S). JOURNAL OF PETROLOGY, 6(65), null.",CHOI,2024,16
PAPER|GEOROC|CITATION_ID|28800,GEOROC,PAPER|GEOROC|CITATION_ID|28800,,[28800] CUCCINIELLO C. (2024),CUCCINIELLO,2024,2
PAPER|GEOROC|CITATION_ID|28548,GEOROC,PAPER|GEOROC|CITATION_ID|28548,,[28548] ERIKSEN Z. T. (2024),ERIKSEN,2024,29
PAPER|GEOROC|CITATION_ID|28731,GEOROC,PAPER|GEOROC|CITATION_ID|28731,,[28731] FIKADU W. (2024),FIKADU,2024,3
PAPER|GEOROC|CITATION_ID|27238,GEOROC,PAPER|GEOROC|CITATION_ID|27238,,[27238] GIBBS J. A. (2024),GIBBS,2024,3
PAPER|GEOROC|CITATION_ID|27218,GEOROC,PAPER|GEOROC|CITATION_ID|27218,,[27218] HAYES B. (2024),HAYES,2024,67
PAPER|GEOROC|CITATION_ID|27315,GEOROC,PAPER|GEOROC|CITATION_ID|27315,,[27315] HU LI-SHA (2024),HU,2024,3
PAPER|GEOROC|CITATION_ID|28795,GEOROC,PAPER|GEOROC|CITATION_ID|28795,,[28795] HU JUNHAO (2024),HU,2024,10
PAPER|GEOROC|CITATION_ID|28821,GEOROC,PAPER|GEOROC|CITATION_ID|28821,,[28821] LI JIYONG (2024),LI,2024,3
PAPER|GEOROC|CITATION_ID|28693,GEOROC,PAPER|GEOROC|CITATION_ID|28693,,[28693] MARSHALL E. W. (2024),MARSHALL,2024,8
PAPER|PETDB|CITATION_SHA1|e67071ed0f471f25,PetDB,PAPER|PETDB|CITATION_SHA1|e67071ed0f471f25,,"Molendijk, S., Namur, O., ... Neave, D. (2024). MANTLE SOURCES UNDERLYING NYIRAGONGO VOLCANO. CHEMICAL GEOLOGY, 122607.",MOLENDIJK,2024,6
PAPER|GEOROC|CITATION_ID|28631,GEOROC,PAPER|GEOROC|CITATION_ID|28631,,[28631] QUIDELLEUR X. (2024),QUIDELLEUR,2024,6
PAPER|PETDB|CITATION_SHA1|3391e74f22e3463c,PetDB,PAPER|PETDB|CITATION_SHA1|3391e74f22e3463c,,"Sani, C., Sanfilippo, A., ... Stracke, A. (2024). SAMPLING EARTH’S MANTLE AT INTRA-TRANSFORM SPREADING RIDGES. GEOCHIMICA ET COSMOCHIMICA ACTA, 374, 156-172.",SANI,2024,60
PAPER|PETDB|CITATION_SHA1|9e73d03ab759908b,PetDB,PAPER|PETDB|CITATION_SHA1|9e73d03ab759908b,,"Silantyev, S. A., Buikin, A., ... Bich, A. (2024). GEOCHEMICAL SIGNATURE OF BASALTS OF THE MAR RIFT VALLEY AT 20°31′ N: ORIGIN CONDITIONS OF THE ANOMALOUS VOLCANIC CENTER OF PUY DES FOLLES IN THE AXIAL ZONE OF THE MID-ATLANTIC RIDGE. GEOCHEMISTRY INTERNATIONAL, 62(11), 1111-1122.",SILANTYEV,2024,3
PAPER|PETDB|CITATION_SHA1|f00393198099c7bd,PetDB,PAPER|PETDB|CITATION_SHA1|f00393198099c7bd,,"Stubseid, H., Bjerga, A., ... Pedersen, R. B. (2024). EXTREME MANTLE HETEROGENEITY REVEALED BY GEOCHEMICAL INVESTIGATION OF IN SITU LAVAS AT THE CENTRAL MOHNS RIDGE, ARCTIC MID‐OCEAN RIDGES. GEOCHEMISTRY, GEOPHYSICS, GEOSYSTEMS, 25(11), null.",STUBSEID,2024,9
PAPER|GEOROC|CITATION_ID|29757,GEOROC,PAPER|GEOROC|CITATION_ID|29757,,[29757] TRAUN M. K. (2024),TRAUN,2024,6
PAPER|PETDB|CITATION_SHA1|5141fede92173522,PetDB,PAPER|PETDB|CITATION_SHA1|5141fede92173522,,"Vincent, C., Revillon, S., ... Oh, J. (2024). MORB geochemistry from the Central Indian Ridge segments between 8°S and 12°S. null, null.",VINCENT,2024,4
PAPER|GEOROC|CITATION_ID|29795,GEOROC,PAPER|GEOROC|CITATION_ID|29795,,[29795] ASTHA B. (2025),ASTHA,2025,58
PAPER|PETDB|CITATION_SHA1|77c861c637f5c597,PetDB,PAPER|PETDB|CITATION_SHA1|77c861c637f5c597,,"Bali, E., Matthews, S., ... Beier, C. (2025). MAGMA STORAGE AND TRANSPORT BENEATH THE NEAR-RIFT FJALLGARÐAR VOLCANIC RIDGE, NORTHEAST ICELAND. CONTRIBUTIONS TO MINERALOGY AND PETROLOGY, 180(3), null.",BALI,2025,36
PAPER|PETDB|CITATION_SHA1|724025ffebf6abfd,PetDB,PAPER|PETDB|CITATION_SHA1|724025ffebf6abfd,,"Caracciolo, A., Marshall, E. W., ... Runarsdottir, R. (2025). Geochemical dataset of bulk and in-situ analyses for the 2022 and 2023 Fagradalsfjall eruption, Iceland. null, null.",CARACCIOLO,2025,30
PAPER|PETDB|CITATION_SHA1|4febc7652a9a0ad6,PetDB,PAPER|PETDB|CITATION_SHA1|4febc7652a9a0ad6,,"Chen, Z., Teng, F., ... Zeng, Z. (2025). Molybdenum isotope evidence for subduction-modified mantle beneath mid-ocean ridges. EPSL, 658, null.",CHEN,2025,10
PAPER|GEOROC|CITATION_ID|29780,GEOROC,PAPER|GEOROC|CITATION_ID|29780,,[29780] FREUNDT A. (2025),FREUNDT,2025,2
PAPER|PETDB|CITATION_SHA1|2e2b5f66cfa44f7e,PetDB,PAPER|PETDB|CITATION_SHA1|2e2b5f66cfa44f7e,,"Hazra, A., Saha, A., ... Mahender, K. (2025). CRUSTAL RECYCLING AND MANTLE HETEROGENEITY BENEATH THE CENTRAL INDIAN RIDGE, INDIAN OCEAN. DEEP SEA RESEARCH PART I: OCEANOGRAPHIC RESEARCH PAPERS, 104484.",HAZRA,2025,25
PAPER|PETDB|CITATION_SHA1|934c18d1e1553bf7,PetDB,PAPER|PETDB|CITATION_SHA1|934c18d1e1553bf7,,"Hu, H., Yu, X., ... Hu, H. (2025). MAGMA EVOLUTION ALONG DETACHMENT FAULT-AFFECTED RIDGE SEGMENTS: PETROLOGY AND GEOCHEMISTRY OF MORBS FROM THE TIANXIU SEGMENT, CARLSBERG RIDGE. LITHOS, 494-495, 107917.",HU,2025,11
PAPER|GEOROC|CITATION_ID|29593,GEOROC,PAPER|GEOROC|CITATION_ID|29593,,[29593] LEI MING (2025),LEI,2025,23
PAPER|PETDB|CITATION_SHA1|7cb8a865f75dafc6,PetDB,PAPER|PETDB|CITATION_SHA1|7cb8a865f75dafc6,,"Liu, X., Klaver, M., ... Elliott, T. (2025). SI ISOTOPE COMPOSITION OF EARTH’S MANTLE AND OCEANIC BASALTS. GEOCHIMICA ET COSMOCHIMICA ACTA, 404, 223-233.",LIU,2025,22
PAPER|PETDB|CITATION_SHA1|ed19ab1eb5c29921,PetDB,PAPER|PETDB|CITATION_SHA1|ed19ab1eb5c29921,,"Machida, S., Okino, K., ... Kato, Y. (2025). ANALYSES ACROSS A MID-OCEAN RIDGE GIVE THE SCALE OF PLUME-FED HETEROGENEITY. LITHOS, 108175.",MACHIDA,2025,42
PAPER|GEOROC|CITATION_ID|29786,GEOROC,PAPER|GEOROC|CITATION_ID|29786,,[29786] PRIETO-TORRELL C. (2025),PRIETOTORRELL,2025,2
PAPER|PETDB|CITATION_SHA1|0f0547ec4e7e6dd9,PetDB,PAPER|PETDB|CITATION_SHA1|0f0547ec4e7e6dd9,,"Rooney, T., Steiner, A., ... Brown, E. (2025). The transition to tectonic control of magmatism in the East African Rift System- the 20 Ma Samburu Event. null, null.",ROONEY,2025,35
PAPER|GEOROC|CITATION_ID|29130,GEOROC,PAPER|GEOROC|CITATION_ID|29130,,[29130] TEKA D. (2025),TEKA,2025,6
PAPER|GEOROC|CITATION_ID|29423,GEOROC,PAPER|GEOROC|CITATION_ID|29423,,[29423] TORO A. (2025),TORO,2025,4
PAPER|GEOROC|CITATION_ID|29373,GEOROC,PAPER|GEOROC|CITATION_ID|29373,,[29373] VILLASECA C. (2025),VILLASECA,2025,23
PAPER|GEOROC|CITATION_ID|29214,GEOROC,PAPER|GEOROC|CITATION_ID|29214,,[29214] ZHANG WEI (2025),ZHANG,2025,3
PAPER|PETDB|CITATION_SHA1|10cdd61e3ea84454,PetDB,PAPER|PETDB|CITATION_SHA1|10cdd61e3ea84454,,"Zhang, H., Yan, Q., ... Wen, Q. (2025). Subducted Carbon From MantlePlume in Mid‐OceanRidge Basalts. Geophysical Research Letters, 2(52)",ZHANG,2025,8
PAPER|PETDB|CITATION_SHA1|287073cfd64722cf,PetDB,PAPER|PETDB|CITATION_SHA1|287073cfd64722cf,,"Zhou, H., Qian, S., ... Dick, H. J. B. (2025). MECHANISMS OF BIMODAL MAGMATISM GENERATION BENEATH SOUTHWEST INDIAN RIDGE: IMPLICATIONS FOR THE VARIABLE COMPOSITION OF MORBS. JOURNAL OF GEOPHYSICAL RESEARCH: SOLID EARTH, 130(2), null.",ZHOU,2025,4
PAPER|GEOROC|CITATION_ID|9281,GEOROC,PAPER|GEOROC|CITATION_ID|9281,,[9281],UNKNOWN,UNKNOWN,9
