accuracy,balanced_accuracy,macro_f1,weighted_f1
0.845128453708192,0.7065727245488993,0.678647576387392,0.8517714866866859
0.8460885076021405,0.6972738516372006,0.6825862678283243,0.8457480058754945
0.8368385345997287,0.7132453574263029,0.6988480452246764,0.836980926388037
0.8441500446561476,0.6526367914464188,0.6441522927136415,0.845237147082106
0.8046013236684526,0.651894009075972,0.6528127212952279,0.8056627418615759
0.8237130734128573,0.6995645680041036,0.6892221675649246,0.8232737674445124
0.8067574310357117,0.7493701916547197,0.6347865372621917,0.8015311804520733
0.833536734195753,0.7009919134318473,0.6963339129271183,0.835172486156439
0.8218738540520719,0.6851622796266175,0.6784108850713566,0.8232090354209063
0.8385108686599484,0.6835067046946559,0.6825436232541748,0.8374908468089269
0.8187633262260128,0.7339264661391047,0.691961531963311,0.8219377528361003
0.824290780141844,0.7136758009743003,0.6586045455072148,0.8276552138426844
0.8418024151065726,0.732160145600504,0.7382444393675267,0.8398918225285014
0.8547859922178989,0.7098828761185139,0.6813065082954819,0.8578109169409932
0.7891902107152982,0.6888673567746363,0.6636092468758199,0.790253738810134
0.8380631578947368,0.7073962143885125,0.6909541693244854,0.8373420479908424
0.8270261076622162,0.736640901486191,0.7275694196158566,0.826524738101659
0.8495656531907785,0.7266704442401861,0.6870996408137997,0.8547943204733515
0.8211077191452246,0.6585987952801511,0.6389851204648452,0.8231482732473336
0.8275832621690863,0.7094610078446109,0.7010706476862151,0.8297272478136448
0.8017635532331809,0.7304686099538704,0.7240333838691934,0.7988240176343699
0.824240031583103,0.6673149902949322,0.646306757133648,0.8260968467260894
0.8455876656078097,0.726517676157731,0.694552462642533,0.8481668375003943
0.8390561718612431,0.6775996786740489,0.6596846673781039,0.8429312106614977
0.8646175340551868,0.7117207509990544,0.7019922026522942,0.8652096877908091
0.8462073160135546,0.7744701163321868,0.6826931533778364,0.8540086805078079
0.8511848341232228,0.7090525991404371,0.6700830425308193,0.8543457727072034
0.8520413087539813,0.7429638088688548,0.7308888699023292,0.853282942555446
0.8314767663908339,0.6860181047500757,0.6647909004654202,0.8318220546876886
0.8271813749875634,0.7371285885762413,0.743215923733753,0.8236724148442147
0.8334195997239475,0.6844105280963498,0.6859935090100393,0.8276447432194772
0.8158785417271057,0.676978544726555,0.6267484403334422,0.8252463361220155
0.8365141411818809,0.6714034191192157,0.6665357727147896,0.8352500115427707
0.8404959950708565,0.7247065200366132,0.7157962554716176,0.8407521742044762
0.8285578972294577,0.6726133034590887,0.677797535067052,0.826551683321992
0.841577756223731,0.732611040880639,0.7231661644514815,0.8391020836111457
0.8383233532934131,0.6964944862720978,0.679433462613015,0.8380314032406141
0.8406663180697692,0.6920765677985375,0.6808946749666556,0.8449013698864631
0.8425870476516383,0.7042062786838,0.6800505441056599,0.8481244282025591
0.846983253039688,0.7098828879824299,0.6774831297913487,0.8475008863683622
0.8238345650938033,0.7112766160356335,0.6893461056651535,0.8228874671315392
0.8367971085007299,0.7037459013432701,0.681597162973484,0.8390561932510803
0.8365310160887894,0.7430400720243535,0.7049163633479771,0.8422276896249129
0.8215218021850527,0.6885897403648005,0.6755258750171926,0.8246756178550865
0.8463743414936473,0.6793704287980511,0.6857741645485992,0.846062299746347
0.813266097750194,0.7113839703379242,0.6706956084189751,0.8166014665801432
0.821565510146825,0.7069525484930663,0.7055934669574264,0.8191179646676843
0.853025693035835,0.7434293412521704,0.6645697546426836,0.8613548398362499
0.870698229560374,0.715561926233516,0.6956828016442049,0.8755038021301382
0.818808504462666,0.7604957260873801,0.6973936556607979,0.8150205164480117
0.8676346316355535,0.7611809191941408,0.7054979592602676,0.8729953238019681
0.8208396470273643,0.6750893644021938,0.6857596770869676,0.817583464357049
0.8120451934124856,0.7332871344881883,0.7181113736034874,0.810827449265889
0.834663899089893,0.7277060273170157,0.703683121326649,0.8332677019986847
0.8371969091393552,0.7011756024487471,0.6820271100858848,0.8404277463067992
0.8487954894925679,0.7657700178076469,0.6981354718424961,0.8553425443533583
0.8059743421668696,0.6903897062064904,0.6587746490540014,0.8012378906549958
0.8583234946871311,0.679007660217289,0.6492450152348903,0.8620718438095002
0.8308453467542438,0.7220686726980994,0.6949370783808646,0.8319268285622986
0.8400409545561944,0.7300652945502792,0.7014177945981714,0.8386794419078785
0.8499819037278321,0.7862002313976749,0.7261809563885229,0.8551254312320078
0.8031118504746061,0.7157905354871414,0.705082743471372,0.8007856607913217
0.832366154998128,0.7586883727137741,0.7177445767970541,0.8354520671095707
0.8158537612669531,0.6808843403911967,0.6288167086856828,0.8252098289442555
0.7993651854326762,0.664818700749696,0.6205521274251516,0.798359385344846
0.8139013452914798,0.713147489944237,0.7069488284565948,0.812598328397428
0.8502564102564103,0.7435245660893591,0.725354972213107,0.8516747999361763
0.8313736736449671,0.7516525478181204,0.7462307380085875,0.8298632532673869
0.8283206952372838,0.6974165607460819,0.6930439601657262,0.8289667464253825
0.8149512814214361,0.652014554774661,0.64258431904588,0.8136211426587987
0.8394586999926051,0.6499107729178044,0.6409586173150247,0.8417410094708668
0.8087722357865365,0.6600238931339916,0.6415469584251597,0.8138680529974931
0.8088012139605463,0.7081222961014804,0.6866072430719621,0.8034445225269468
0.8441176470588235,0.7122449679468461,0.7079963737984172,0.845308848771983
0.8198478024537972,0.6137827656545916,0.6137724034607039,0.8194073959359891
0.8510198326910424,0.7659017531843709,0.7232034349966605,0.8529151146753782
0.809788267962513,0.728521254750135,0.7082115036775161,0.8119778201960638
0.8175182481751825,0.7212954630633654,0.6912449974890666,0.8148964896085907
0.8333068867026341,0.7025353205958336,0.7053443400351369,0.8337971020192074
0.8457873620862588,0.7343938279028308,0.7093348511365116,0.8472472810749782
0.8101825710521363,0.6931413780577518,0.7004474062318167,0.8081146880876038
0.8310218667574236,0.6595090945722081,0.6521814680711471,0.8342935094735285
0.8272048397769165,0.7249453617853808,0.7163317674724774,0.8268047564417199
0.8397157520726412,0.7075726323541807,0.6853356094680494,0.8436859297119712
0.8360036275695284,0.6678070544217006,0.6185160481269514,0.844535451911022
0.788828863592514,0.6333510697246448,0.6312429622760918,0.786686733702906
0.832470508359501,0.7481798397917605,0.708748467162589,0.8348997350277443
0.8390522158841597,0.7922814619465597,0.6840504965702097,0.8462277488681641
0.78623681524328,0.679437532332064,0.6597364160530775,0.7856356324506861
0.8166484318016046,0.7076257107916204,0.7051076403864435,0.8152895361361981
0.8470043085927973,0.6887594662487604,0.6752445925132384,0.8489068310172959
0.8346924304201383,0.7004911483021761,0.7016793247080781,0.8332011167652337
0.832274459974587,0.6920207346077843,0.6707442688538134,0.83680627472
0.8408607863974495,0.6974786833616583,0.6908992342664068,0.8428902361065187
0.8552763101527917,0.7299364300750365,0.7161076488632003,0.8545837041391616
0.8333754102499369,0.694670406030524,0.6567028720244696,0.8329727364885011
0.8405797101449275,0.7082920779907192,0.7038936280779123,0.841496644103035
0.8433038451432074,0.7175334931392421,0.6950374169697286,0.845221092467929
0.815295966474594,0.6818259355253622,0.6754093332270936,0.8176137896917691
0.8131651556957036,0.6852820756523,0.6809205265253958,0.8127177737616629
0.8266840009750549,0.711892824376835,0.6881704870678647,0.8263884379419285
0.8235190253376887,0.7165188072660774,0.6951172371628662,0.8243626473234402
0.8625179741172712,0.6924801466111761,0.7000241536170178,0.8634627267367699
0.834224172317511,0.7218463243215063,0.6951164039950952,0.8340828183696033
0.828390735834544,0.7063893133693676,0.6950758096788405,0.8281700862855721
0.8399478445114498,0.7034562375426407,0.65849997395329,0.8444801001338871
0.8481349289663378,0.7021870280497193,0.692116748501961,0.847995948142224
0.852998647226815,0.7133827664446779,0.685659276350002,0.8560940775691058
0.8519167746360796,0.7159783464658155,0.7038431106300272,0.8509467159912694
0.8086594819436567,0.6905542613113456,0.6812237060183325,0.8054069775348166
0.8146558105107328,0.7016313801859075,0.6663994289079229,0.8109040489007449
0.8217671257377929,0.7599754848235586,0.706337349365132,0.8283815527361171
0.8682911541173706,0.7395747846495786,0.655155984190524,0.8734047142592186
0.8207444886158294,0.722116788785136,0.6993860645663017,0.8204449424718182
0.8067571026362939,0.6875688104898745,0.6792189681734246,0.8077706527386923
0.8085488505747126,0.6962716920816565,0.6815179789829076,0.8101753494076824
0.8390131515791495,0.7297545749711838,0.7195419910729532,0.8382962418282236
0.8447107868681605,0.7818681021188063,0.7075350500435438,0.8496831058541584
0.8371152735374205,0.721053831942216,0.696442342872335,0.8385681984500819
0.8458224967490247,0.6970500848246037,0.6682306540867414,0.8499603817572831
0.8108530768629291,0.6446006744173491,0.6431433174003827,0.8078621236965492
0.8494869915720044,0.7454508189097531,0.7478244155975802,0.8475794912039598
0.7911725367810968,0.7095894052993175,0.6928008790299116,0.7861130463062054
0.840393343419062,0.7000899632376741,0.6942472936703509,0.8391375492722261
0.8299501424501424,0.6778868233804912,0.6730841627994809,0.8319773932181825
0.8504666339204267,0.684450855451132,0.6671659462673979,0.8485377427761407
0.8462568951930654,0.692549098110987,0.6466600383196319,0.8578639357040718
0.8562893081761006,0.7083994905549775,0.663408276071141,0.8657972917249794
0.8569343065693431,0.6675488326470533,0.6312351907020989,0.8592711194195866
0.8388991441517033,0.7141958882038968,0.6817573982664631,0.8410186554494908
0.8062008577555396,0.6573125163767197,0.6538924758431278,0.8064311797896418
0.8176558253703866,0.6886121787542852,0.6509193013539057,0.8248313722957668
0.8277015724322516,0.6389655767859242,0.6217169487096776,0.8324411245612081
0.8275572519083969,0.6987706187758714,0.5958974890485058,0.8373968524001363
0.8303341902313625,0.6253757093721769,0.6057905141094897,0.837523530934533
0.838207430595601,0.7102977847382212,0.7013542084422119,0.8407427323485532
0.8573444113497414,0.7565653166909487,0.6591331368056097,0.8593727717545588
0.8104210281460805,0.6989637096262207,0.6828069744893,0.8104838641470172
0.830186871106852,0.7151450249314333,0.6994345437104215,0.8297517699183579
0.8188392857142858,0.7310169539046348,0.7197789471100685,0.8127381486296787
0.8215079500769362,0.7488040375857805,0.6706454665779771,0.8163383906646258
0.8314834390415786,0.6460428476020689,0.6074676216333048,0.8310446549859197
0.8429433456252096,0.7210967556099523,0.712402400501718,0.8436108070050463
0.8529651352231997,0.7343416725046422,0.6984742883800468,0.8558893623270729
0.8229175771348658,0.7314503092962592,0.6909662408269124,0.8261381019180227
0.8291748434725726,0.7177240564756471,0.6926590878107945,0.8293512311636153
0.7975897255453905,0.6851164276934418,0.6705478656411917,0.7963259194697692
0.7855417208697268,0.6529373516375333,0.6424639872041548,0.7889513061979513
0.8339933470616189,0.7026642261315043,0.6999229099925062,0.8323396340494883
0.82705751509374,0.713549440842009,0.7092735022346575,0.8269473150142336
0.8088395933114865,0.6636833224540084,0.6605906519494129,0.8072541598634723
0.8268492672714585,0.7026847581945439,0.7051513178420522,0.8266942079925664
0.8021870728373365,0.6785397382458989,0.6658488390615132,0.8050307963623113
0.8316504178272981,0.709488357495155,0.6582149102584969,0.8350679343581898
0.8401189812232757,0.6697256387016439,0.6748169113565102,0.8407627337792726
0.821023937303007,0.7084319040160334,0.6840304228712799,0.8181227553815393
0.813461053692967,0.6958642192359743,0.672696328051417,0.8146836780100095
0.8415652938590062,0.7160219675703441,0.6514047321284402,0.848964691673904
0.8067360079247152,0.6424912328822956,0.654688367646022,0.8029426842475191
0.8261633011413521,0.6720654226006701,0.6581949109037754,0.8231933702661377
0.8355802514119147,0.7454169926061093,0.6638206410097514,0.8381312717759765
0.8324641999834451,0.6771416984965504,0.6606714658222856,0.8371355964574276
0.8297477431873788,0.6880049903843835,0.6468176835926045,0.8295611858819256
0.8350033903412943,0.7019916450969725,0.6987692481565085,0.8331210425335538
0.8329822196005731,0.7301033040064361,0.6856441807174138,0.8377131820541571
0.8079167040660623,0.6473295136487025,0.6495799657330096,0.8082423445601435
0.8291847644503842,0.6832493813564242,0.6645956918941951,0.834464548148396
0.8172853828306265,0.6758505691863983,0.6767623038608622,0.8149086237636732
0.8311165558277914,0.7200508248461026,0.7179213644142202,0.8291782045777697
0.8430445766441202,0.7737711142280694,0.7119373586920732,0.8450492473154703
0.8651816141634112,0.6623654426676422,0.6615831170448132,0.8648360776434484
0.8423838641964041,0.720617784173599,0.6655966267374036,0.8488983215655324
0.839656466271992,0.709975639075635,0.6703544965365148,0.8457524337636189
0.8189817724701446,0.7341031655423382,0.6808949107724616,0.8240464738669693
0.8434641361032743,0.7116016312465157,0.6864705431088696,0.8455535970912134
0.8153145410794087,0.7186534711317527,0.6993323802890237,0.8167671011696581
0.8127395370228423,0.6909493984801527,0.6673535103007566,0.8092574752887025
0.8038324935987445,0.6871409950094902,0.6680905707260745,0.8018723740982354
0.8088170333068292,0.7357855222966871,0.710128140761781,0.8132238969305887
0.8168977013511143,0.709065210762211,0.6546040828485551,0.8262191972869836
0.8097206276310754,0.735638982817955,0.7061163604011177,0.8095668404966476
0.8446467766848224,0.6887486927490825,0.6765691429872656,0.8468519289677073
0.8385438611274965,0.7283891202800162,0.6852203205790092,0.8433584916908362
0.8619778768367179,0.7017169435659714,0.667006375836596,0.8638931053287582
0.8524467687710123,0.7267702447021019,0.7012905992502609,0.8533693395437477
0.8083111151972051,0.6943779674564262,0.6908884313537471,0.8073449353374141
0.8203039323202256,0.7359108798607548,0.7083102024018209,0.8200956486024218
0.8274865868757738,0.6835077873639444,0.6525031116715267,0.832702503744378
0.8453931500241196,0.7132906894838205,0.7087856305296536,0.8452471464371826
0.8768662459596737,0.7013394950607876,0.6663961383829067,0.881213184024181
0.8758554001785183,0.7358898874284638,0.6577842147174011,0.8833699198831368
0.8274016590848274,0.7192480711170408,0.7147467833354835,0.8266983472912108
0.8090295796574987,0.6968728240970941,0.6618180452194102,0.814832100179273
0.8432942763213352,0.7277473297905078,0.696854186825237,0.845079627786693
0.8001744508762192,0.69024858818466,0.6721587767321665,0.7942988467207179
0.8443905295741655,0.689431042124804,0.6682128255388631,0.8479061131698648
0.8200955388227674,0.7308199089713519,0.7281914732228693,0.8176056701079785
0.8210766349051226,0.6829866728991356,0.6731175098472072,0.8164525660206683
0.8108043599331689,0.6871999394349982,0.6882630133847889,0.8056169453354883
0.8299956653662766,0.7562537867981085,0.6593061671099107,0.8384156215327953
0.809304347826087,0.7217139844595863,0.6891594306340852,0.812975809818471
0.8330808080808081,0.7087669744015892,0.6954255583635666,0.8359537440905231
0.8138105567606653,0.6819052071865701,0.6733659099209665,0.8139156307557655
0.8318254390633315,0.6541217636587828,0.6521943004933657,0.8293994569063243
0.8381159541537689,0.6630127244857189,0.6497640330526733,0.8419196868428315
0.8516143982697358,0.6967901456076139,0.6985999139949677,0.8517904075088304
0.8230860433604336,0.6433719386672891,0.6525204941736014,0.8210305689450293
0.8488328171035733,0.7095362478688623,0.6536021312599023,0.8592450379455834
0.8300732512275618,0.7230222498307644,0.7116460634250266,0.8301265522954725
0.8259209772857415,0.692142510978034,0.6999109689636959,0.8222369263271467
0.8284473398479913,0.7368946119391677,0.7046215714623489,0.8320723408751377
0.852139772281115,0.7161596743645691,0.6996934210306675,0.8549391020071231
0.8496101599549876,0.6968102757884664,0.6903824015308769,0.850218744115598
0.8537216828478964,0.6922811333497846,0.6617944026987022,0.8585210598686044
0.8217510797016098,0.6819599463860139,0.6819618972831334,0.8190962430666678
0.8508174386920981,0.751442966696449,0.7354031723540595,0.8509908993972738
0.8122980172940868,0.6778384276514324,0.6684561263805293,0.8157000823295539
0.8441189657749215,0.7072790339308312,0.6721142164217766,0.8484299537063529
0.8555396550425548,0.7268867471511716,0.6920509928368139,0.8569449505149107
0.8485200751140124,0.695177680397761,0.6906522466434157,0.8472890326360983
0.8289531000435604,0.6857606829974741,0.6563639970170441,0.8248462638612613
0.8248415507449173,0.7066794862470639,0.7002068829152971,0.8179558796724575
0.8636363636363636,0.745457446509245,0.6859811157261257,0.8722727493075408
0.8392737617135207,0.7135465787559803,0.7036874235809332,0.8395336902223631
0.8269797421731123,0.6966930105359103,0.6787548124571205,0.8261707799852834
0.8272758740048459,0.7078566440734344,0.6864253775105507,0.8296577678558359
0.8310204852260927,0.6917919046392298,0.6803581149469837,0.8279187355798493
0.8253571428571429,0.7096689750574035,0.6820986397392406,0.8272478542402244
0.8432635983263599,0.6738213617277826,0.6563873827661295,0.843470034916805
0.8283864458084588,0.7111533033365807,0.7004024642140381,0.8302714652045429
0.814891929407099,0.7272299170390197,0.6937575356862511,0.8165682169052804
0.8583326846734646,0.7069333040512484,0.6665917796798742,0.8621551175563352
0.835296749179839,0.7002713588603462,0.6689024710568409,0.841539956346915
0.8213784636969484,0.7564479925963183,0.6839857182868676,0.8268468984549239
0.8403585897767434,0.7464686348704106,0.698094940826851,0.8427338967110038
0.8239151986578205,0.7194695147518811,0.6985078180284208,0.823346387381454
0.8535440849592492,0.7021124932509797,0.650264792235104,0.8602736518624166
0.8276144459913193,0.7043153938807031,0.6702466117601544,0.8270031595193221
0.8489483747609943,0.7215970717921827,0.6779199420693762,0.8486817191709252
0.8419447738438083,0.6965994761109546,0.6911496837615224,0.8436593647749797
0.8551900897052541,0.7260964830767838,0.6974308600456658,0.8610952258600122
0.8279542780299209,0.7424578880480166,0.7022205520287068,0.833190600264231
0.8485359497163881,0.7101598799085891,0.6950647436336133,0.8509727220241982
0.8734690810729582,0.7019907656442406,0.6609035098733775,0.8758627007290263
0.7999811746987951,0.7012949117023166,0.6679992822801792,0.8013758166939864
0.8279171034593984,0.7008816118303942,0.6792856693666793,0.8301954110611449
0.818522301668369,0.7317518426215903,0.6911895322932576,0.8203873961778057
0.8286490683229814,0.7218313142608574,0.714527346971106,0.826150885776402
0.8380521917107283,0.751549759804545,0.7548771955938316,0.8312249596210359
0.8567303940694498,0.6312561520179831,0.6155232294283668,0.8661339588850017
0.8295313543953422,0.7727085062571258,0.6797392484097129,0.8359365636130279
0.8418503674014696,0.689008357962396,0.6713831427347525,0.8423968034639071
0.8319556640991922,0.7617880201998565,0.7096558218753578,0.8376170037532749
0.8300721801895817,0.7385128980776019,0.7125781742802271,0.8284545213926255
0.8385551948051948,0.7326174373947631,0.6985396200991003,0.8407850726085953
0.8348513490290428,0.6880894957796396,0.6459773968807385,0.8406462874354578
0.8389532841587636,0.7369804803495945,0.6820593903202852,0.8466527762226997
0.8187305652094384,0.714980895154936,0.7091572766271426,0.8181286459191677
0.8288267288267288,0.725143052955187,0.6565653913161573,0.8340826311655107
0.8201943303616147,0.7253473797906242,0.6979585545974311,0.8224366814170965
0.8250961010433827,0.6935102695102503,0.6872076353951149,0.8260770440513193
0.8279969650986343,0.6657923252774797,0.645289373104087,0.8285165664845244
0.8476034091797638,0.698855791279511,0.6781167539292109,0.8501841661641394
0.8233717502010185,0.7189948387174877,0.714143395833845,0.8218509784104985
0.8283882082695253,0.7296942554713068,0.649959163731114,0.8347454230595203
0.8158151326053042,0.6617047040928672,0.6334053304764379,0.8235805226020151
0.8224774261418427,0.7061699468883496,0.7005342073849554,0.8206187525650251
0.8302112736292875,0.7095247887642977,0.7243435384470724,0.8248397001264027
0.8286716431333753,0.7087972972105607,0.6803203531087142,0.8353037665443369
0.8437589876330169,0.7265865096872439,0.7216893930200852,0.8442839221441443
0.8307805717093947,0.7037469720965857,0.6676171358102252,0.8311084897757162
0.8149475300742257,0.69604530086681,0.6952235566481848,0.8170844899261548
0.8379450047409706,0.6917836107333839,0.6554029030337949,0.8408808310643736
0.859616985845129,0.6891628656675433,0.6807112690026811,0.8617607404925516
0.8363447739258235,0.7169378453243929,0.6921050395450385,0.8368307081918981
0.8345717637856863,0.6714276362195557,0.655122823774904,0.8382910631372021
0.8615611192930781,0.773978226332738,0.6949518899228044,0.8663727742039699
0.8440428380187416,0.6844542014383224,0.6453030049387793,0.8498205194597345
0.8402061855670103,0.704173183209119,0.684244890928285,0.8432698973513338
0.8206771080525234,0.659166659639605,0.6647940119801745,0.8194949271308968
0.8478465299981193,0.7133920963716853,0.6861840837733826,0.8490913785134155
0.8310551758626438,0.6940570538738529,0.6930165489619273,0.8292468422333183
0.8121542531868837,0.7131494108410079,0.680813418204444,0.808384368337819
0.8686391449151886,0.757421738720706,0.6974716240849047,0.8747290933228636
0.7841700256504214,0.6776632670683346,0.6651877351521619,0.7867492697380699
0.8373229939312204,0.7121117587851741,0.6920199635371271,0.8384507890592575
0.8547008547008547,0.7677237124400683,0.7096320619405884,0.8598124790625955
0.8379647448233393,0.7163398122010218,0.6676464845675323,0.843753522743285
0.8335307517084283,0.7206724534474559,0.6993182557197302,0.8367352560156794
0.8002958579881657,0.7038023672332232,0.6894998189661847,0.7993815171140064
0.8665670526709003,0.7555604032016034,0.710402524880395,0.8728783812770446
0.8502746159356841,0.716255571524921,0.6929737042948502,0.8529518656326117
0.8754258284298544,0.7257908781948776,0.6839558212873733,0.8796652884571591
0.840945933059979,0.7317972751356645,0.6931577295802825,0.8469739277754276
0.8137412775093934,0.7055406777182187,0.6937694462865586,0.8126114499530978
0.8260834345889024,0.7038453783342162,0.7135124648081664,0.8230983075917445
0.8376823676531888,0.7349808303860177,0.6983030094149834,0.8366788995667712
0.8108837209302325,0.7282080216635305,0.7140009688046725,0.8108533333106381
0.8412080785621642,0.6970185817343633,0.6873641914396778,0.8436525206347972
0.8389038492000633,0.6843747409956964,0.6556376139286727,0.8474258456294425
0.8474449832152182,0.7384852503473179,0.7282986586308096,0.8474018721442903
0.8454250810271753,0.7002451047445628,0.6847592676832328,0.8468766563053692
0.8262877939529675,0.6931938205630132,0.6484693625565203,0.8221077637423871
0.8412134462968024,0.7306029685553028,0.7190995329602572,0.8403372033149379
0.8560496556415271,0.7154300244782804,0.6548343235292119,0.8621165912431404
0.8210805265857412,0.7043047859916105,0.7031973415306334,0.8196504728825669
0.8439813011297234,0.7141044051339376,0.6890090107041299,0.8480176413798551
0.8274047032855081,0.6982361247012407,0.6578051609511483,0.8391806302193706
0.8247104247104247,0.7398086406245508,0.6986280063247456,0.8271383681067381
0.8362502996883241,0.6905165774210918,0.6926866499372564,0.8371076033398922
0.8544453186467349,0.7477126353578104,0.7097769394920259,0.8567604988024874
0.8609582389122693,0.7411227735727812,0.734590973140312,0.8608558651016475
0.8334520206515934,0.6708725463926009,0.6434983915975967,0.8371148560453404
0.8172346955257632,0.663755844766458,0.6453259955554791,0.814192556130615
0.8336645139923828,0.6807593688371611,0.6893359987951861,0.833849075180106
0.8453047775947282,0.7123440719357406,0.6881857621996423,0.8486870275855599
0.8413028990336554,0.69219438364017,0.6587433244525686,0.846559703230302
0.8405351376287867,0.7199417633189337,0.7101358471937873,0.8403903223285717
0.8652207591014718,0.7757424072823245,0.7099597757427908,0.870452441954516
0.8463675393551646,0.7782728089192191,0.6895723591321475,0.8520500010285041
0.8172050869755884,0.7089434667983487,0.6965353370987548,0.8202089397396577
0.8340376170353799,0.7294540731941381,0.7091942418341898,0.837724761446103
0.8311844077961019,0.7113648031268349,0.6879400465309815,0.8372605127766274
0.8440511797939515,0.6563602182411168,0.6564511606871953,0.844840895535255
0.8132035548032163,0.6522600250797923,0.6449486209499945,0.8124662735188914
0.8448607108549472,0.7102115783417151,0.709951405985005,0.84350071257059
0.8379952267303102,0.7215655152542442,0.7000534040117922,0.8401677082693911
0.8582670356278105,0.7397173914460221,0.7072881418093139,0.8612616661145974
0.8092000706339396,0.742580497101796,0.7129356327745482,0.8093323909372626
0.840481219579392,0.736994405472029,0.6858505423833857,0.8455752723467065
0.8041128394410757,0.6978407161130207,0.6826364465024548,0.8026386217045461
0.8333611342785655,0.6936039218325569,0.6989671434872723,0.8342975902087028
0.8202348014656398,0.6944064568098622,0.6908112514319782,0.8220281427913009
0.7940053138492196,0.6537623344058114,0.6479807001143292,0.79068151845932
0.8262288965581569,0.7150475131107807,0.6938070681553918,0.8290759765472667
0.8482691109726795,0.7373129511964427,0.7129505414790697,0.8526949511162705
0.8296471382745231,0.6944654310202842,0.6798552241658626,0.8347902022386146
0.7961254612546126,0.6824968349377722,0.6702645281738362,0.7880645861914695
0.8067558464055432,0.6882884310908952,0.6711006551882674,0.8043768575775708
0.8261196524064172,0.7257442716778306,0.6955771781266548,0.8267350118060667
0.8159422563941628,0.677737851075561,0.6299743028287915,0.8210560439743639
0.8098723265837197,0.7029832579949279,0.7059949463424859,0.8030694258162612
0.8391807134457075,0.7091376205981278,0.6858299784847441,0.8438012093176676
0.8460930085416007,0.6934764155231411,0.6548658121813822,0.8503310751814878
0.823026154974334,0.6913005885301122,0.6758945898614868,0.819212916269811
0.8352799406748239,0.725123457382752,0.688063659743742,0.8381217125207783
0.801712712814762,0.7236669145400598,0.7016201554786473,0.8040086237165913
0.8034527476090128,0.7230448771107547,0.6500826092010894,0.8019894666408895
0.8420777409796061,0.669214899199483,0.6405667412595263,0.8477707679168413
0.8161579267762414,0.744034279615149,0.6873811965150051,0.8178141633000235
0.821768140116764,0.7111108394438634,0.6750538255726212,0.8242875089527799
0.805276886035313,0.670639065346665,0.6152892908235852,0.8175632298885979
0.8582364411063769,0.6988327577485287,0.6648704604371102,0.8651949337811169
0.8106810104696955,0.7104635975573483,0.6803558143491379,0.8138000564383151
0.8259917681057886,0.6772842639739942,0.6592822660618484,0.829611564046194
0.8387167816766995,0.7667308081016045,0.7464050639407511,0.8366846536351532
0.8445336830027864,0.7032826992303559,0.699715889557018,0.8449090342738407
0.8242552781259038,0.7169115092060403,0.6650340080734984,0.8296490297551596
0.8245385045683387,0.7054725412646661,0.7060319516168642,0.8201860986948856
0.8462860267124893,0.7268541279924419,0.69035082487384,0.8496014283025402
0.8614270941054809,0.6730676138195819,0.6461795211564942,0.8643364034874227
0.8145122993636623,0.6340462098063595,0.6333131892445953,0.810545689186927
0.8188394523957685,0.7126827173126489,0.706054121899063,0.8159673411664434
0.7935150694209279,0.6683765631327886,0.6481608267246095,0.7929218203632481
0.8558484349258649,0.7211655521222935,0.7289503816921953,0.8526733568940464
0.8428951204870937,0.7228500011443196,0.7020506218781448,0.8448529064367679
0.8297815186246418,0.7043800930813959,0.6865305596282929,0.8307746599697484
0.849174777824799,0.731746611665084,0.6973345257520522,0.8516119752253413
0.8233031287399556,0.6952148321211091,0.7083822343326645,0.8219251415967757
0.8375971195755164,0.6893863216018513,0.6672975862749482,0.8416409089597967
0.8576246093107419,0.6784782271732075,0.6598836422207763,0.8615035228067521
0.8506000960153625,0.7420454825049394,0.7036125634788428,0.8533169799708714
0.8319874558996472,0.6985379692430451,0.6905237823828076,0.8325017335381679
0.834409515717927,0.7201185555354006,0.69489151959924,0.8317454516396532
0.8484578223708659,0.6835804072786935,0.6618565177948954,0.8513357941295013
0.8735523516899079,0.7681432885021686,0.7209201263100008,0.8775123174025675
0.8432272876352903,0.7109896387397039,0.6733731715548582,0.8447251329649779
0.7994844555538198,0.7281545437463167,0.7196077410680235,0.7970559049061717
0.8442807080600233,0.7545628358159013,0.7300020730379562,0.8453486240513377
0.8327315475690654,0.6729952732505582,0.6732952881559053,0.828725549817793
0.8531549644293226,0.7079955849149226,0.7142904929914987,0.8488974904955859
0.8266902119071645,0.6992825536485014,0.6523703563209001,0.8283219448362907
0.8263321828436737,0.6824322967247434,0.6798079388723702,0.8234140887420103
0.8225145362691831,0.7094775987099993,0.6974258881417398,0.8228500515083781
0.8358466569767442,0.6975572860443571,0.6957481931581224,0.8348165388402179
0.8489740494870247,0.7280939214324489,0.6968173064244273,0.8505064560120094
0.8287850755473327,0.720029263411685,0.6752603155105918,0.8248442293645556
0.8434145258014363,0.7054451611081336,0.6893729107571092,0.8471440161528813
0.7974346160253206,0.6681791508301609,0.6613716180961523,0.797251557041389
0.8113829173873651,0.6627160521672248,0.6591167314827205,0.8067320654223841
0.8040945993646311,0.6742585942753392,0.6658960146483592,0.8072751511399815
0.8508527386028206,0.7527873893850674,0.7300462562827729,0.8513016707058012
0.8243419338024498,0.67357241103675,0.6570415812780667,0.8278574930351142
0.8109953901314666,0.6982666761181326,0.6924376132556469,0.8116044264390835
0.8459160429547673,0.7292588371602975,0.6491459260988606,0.8526763651336965
0.8319439033891702,0.7235574802991749,0.6932043586907808,0.8348377079472711
0.8326337880377754,0.6563083021877476,0.6573182872259324,0.8312722033085006
0.8387350534927628,0.6788813661060884,0.6740959557016004,0.8438491824372076
0.8211579266444378,0.6801153118943729,0.6589954681805893,0.8263791200388264
0.8516884575278736,0.7432960240543722,0.6943314056723917,0.8521153363262208
0.8085259465779296,0.7273091873034176,0.6964279029290437,0.81028238489236
0.8457073551069912,0.7116899578050134,0.6692899676077231,0.8469301770560989
0.8366038318912238,0.7143166741749343,0.7064536253975626,0.8339380332782163
0.8394449950445986,0.7621599853006676,0.6529435543669875,0.8503734981767863
0.8675248055779029,0.7792167823739321,0.7163369017845698,0.870279402500146
0.8793150498021558,0.7207475591216093,0.6526896919743518,0.8813352365661754
0.8464703509479629,0.7171771548307405,0.7144611810769846,0.8455489015829061
0.858376632495436,0.7076863982551127,0.675956846970259,0.8629568773649168
0.7965176470588236,0.6908451685201384,0.6926518309738542,0.7948548466281684
0.8545251752708731,0.7416127991559022,0.7174755877577763,0.8547536018207227
0.8281667557455906,0.704189098073577,0.6891923235665546,0.8260987691154961
0.812983261109695,0.6664964461476168,0.6654266284112484,0.8156547000513161
0.8358747447243022,0.6737834280422729,0.6678630083544839,0.8381135424539085
0.8105028486499876,0.7080433389072391,0.6889113777077833,0.8133758484355719
0.8651338971106413,0.7413226268678936,0.6935450872331524,0.8694765123751846
0.83671875,0.6969523976936525,0.7008290061584379,0.8364735100580232
0.800711743772242,0.7390316260356564,0.673142910453528,0.8047536287511561
0.8284348864994027,0.6980757261451656,0.6961376430854604,0.8237076654143025
0.779031779031779,0.677536801339885,0.672617959836912,0.7797691077271367
0.831798483206934,0.7138361593712483,0.6838710168419847,0.8348221476511005
0.8385959019146793,0.6910932429211073,0.6511282746301992,0.8436721836641484
0.8458211901852026,0.7150583392697331,0.6811296529500832,0.8511842473117629
0.8308003162610911,0.7640619640804029,0.7254018327744506,0.8331786109717797
0.858733525223451,0.6673328585229028,0.6614304835759225,0.864015932577069
0.8097659247889486,0.6670811084198168,0.6435090477730914,0.8100272061748554
0.8288914987803776,0.7050206338171461,0.688762858130164,0.8269943918654319
0.8396119644300728,0.6771103603172968,0.6866971186248977,0.8367438977463818
0.8440442079410561,0.759810229679662,0.7055555598208063,0.8497380856038049
0.8156028368794326,0.6917368605139645,0.6796291049509873,0.8150466989149485
0.8391614629794826,0.7661411063742335,0.7177042492318804,0.8396559544870402
0.8457752255947498,0.7225130987400868,0.7051257086329914,0.8447093083879798
0.8106657432256947,0.6818435164228689,0.6815816900875792,0.8060567675346352
0.8302027152687372,0.7156672768203963,0.7087347204875519,0.8294242515865548
0.8623721881390594,0.7645086002413615,0.7048640961211523,0.8694121113894908
0.8326902299737614,0.7136971703550608,0.6997362682823571,0.8358960030820564
0.8683417085427135,0.7353833681178961,0.7103335989878965,0.8694872939994651
0.825199203187251,0.6691416017675617,0.6464150861861273,0.8304107353765797
0.8623175965665236,0.7416159036156239,0.6727024500407125,0.8670418619294016
0.8310287610619469,0.6972305074740115,0.6846896482765716,0.8338914080318252
0.8569593835286563,0.7279580521107573,0.672153146932775,0.8602104777996601
0.8559921091566661,0.7493694542318395,0.7093887954359979,0.8591043410036818
0.8610147441457069,0.7553878116684303,0.7283814692219094,0.8645535710517529
0.8068930129137091,0.6760338386146647,0.6596693023232318,0.8068035480988169
0.8025826994516186,0.6484033832137506,0.620518209362297,0.8058293713234761
0.8189373424222617,0.7361582811981545,0.6772094353657592,0.8237837715171472
0.8145718844176565,0.6971779765006638,0.6875102204522592,0.8133580452252613
0.8489294210943695,0.7223909322748345,0.7249787686808058,0.846218818735281
0.8275597351501776,0.7562743382731401,0.7267258887362905,0.8238897683356061
0.8484899188488245,0.7137371165777644,0.665315619669806,0.8545383131972358
0.8067313471280158,0.6874982400727639,0.6962623950279568,0.8049923220459745
0.8552755232806493,0.6872649282932168,0.6583080184400435,0.8602743452785973
0.8619610835558947,0.7532618785935918,0.7205584967184319,0.8641785886356256
0.8372449391079926,0.7081970780877569,0.7077272967389636,0.8356465144235908
0.7882991556091676,0.6776102550885671,0.6726038310294975,0.7832551507486358
0.8368533823079277,0.7309483543076062,0.7304597348317197,0.836162664320201
0.8315656165901536,0.6853664373806474,0.6677995762338643,0.832257586809822
0.8035056269295887,0.6761427063844037,0.6798560901314102,0.8026315101204998
0.8143138219380226,0.7146927061982169,0.7131338222094701,0.8139941081978138
0.8452615617892343,0.7025883240717044,0.6693197240341515,0.8523731720622888
0.8134613750318688,0.6655407783820442,0.6630639426619401,0.8140800273156295
0.8116438356164384,0.7290053005634569,0.7322425796470746,0.806777778515657
0.819795679115726,0.7533556296948567,0.7030796764104236,0.8253548447374336
0.8457908357436444,0.7313441095371078,0.6964750830683605,0.8485649025713929
0.8359187442289935,0.7269750525859309,0.7110623018197978,0.8380341034923282
0.847297506582004,0.7483479282047136,0.6389301437170277,0.8530672552596363
0.8399781113195748,0.7459818829826022,0.6946469727922772,0.8445654292468193
0.8354280294047901,0.7035323703075177,0.6547983185219168,0.8361744027193869
0.8457833361500761,0.6630116806922323,0.6495884591845842,0.8495068636014672
0.8526111160201467,0.7264805541268371,0.6907159288049206,0.8588722349748915
0.8270561106840891,0.7581971165569392,0.7247594521962412,0.8318285534996646
0.8596211718888299,0.7400829901021935,0.6866775703109111,0.8640144286406466
0.8250627534273026,0.7071535411030673,0.7064275544280934,0.8250518162408949
0.7714309821127235,0.6752215788461376,0.6631488962386516,0.7709795275890601
0.8363924345476568,0.6566311361722146,0.6326553258956964,0.8471671420236124
0.8489798991191749,0.7020458170859885,0.6751767949773926,0.8534246774248168
0.8236435899805897,0.7208578192926712,0.6947268430909734,0.8246878583296496
0.8176190903382076,0.6928462726857623,0.6549294876815309,0.8197707783198367
0.8317627734071065,0.7549077039018754,0.6812308710484356,0.8364871351315293
0.8346006050200311,0.7419608352462737,0.7005221902841481,0.8351982734183834
0.8577389387498032,0.7004094077132657,0.6759742005183516,0.8605074119814607
0.8372461092060143,0.7312777804519087,0.6960739466224075,0.8413784813401449
0.8396624472573839,0.6886651304996856,0.6811342360524347,0.8389597794846424
0.8257597408783462,0.6885976182872701,0.5918016692375789,0.8321777611037884
0.8335010060362174,0.7221046263840646,0.715634761295503,0.8349324250390018
0.8433725730010702,0.7053999778772413,0.7073331828806944,0.843323165432094
0.8213050314465409,0.687700889694272,0.6665468766360749,0.8253836419537176
0.8187445440838029,0.695830095936955,0.6639034502090828,0.8241965629307779
0.8327349719230415,0.7090176939513013,0.6779090818045683,0.8395380770662737
0.8455671286803904,0.6817329397689537,0.6794521686889803,0.8494960740192394
0.8572180550072378,0.7312307688304089,0.725611438371176,0.8574606747905322
0.8221687638786085,0.6800220377909769,0.6652558133713933,0.8241546169832444
0.8406676783004552,0.688575960754791,0.6813126702946996,0.8445856099618414
0.7714454576156704,0.6970045182351148,0.6832297978171039,0.7627561313988886
0.8275329395729214,0.7450584074413202,0.7188112066411015,0.829963571564929
0.8614658308180482,0.7232566282110766,0.6977225102196988,0.8658779327353591
0.8335375316507392,0.7536031415535154,0.703036094892895,0.8400191382705874
0.8430565641894618,0.6797310853098555,0.6797108697921299,0.8407457457552695
0.8395397652180673,0.7115465989458148,0.7160924725111405,0.8380103889364653
0.8067433402142927,0.6749731657962448,0.6475548354201643,0.8121027825556744
0.8422994422994423,0.6623616379902271,0.6398834682126925,0.8494280818876555
0.8517123774335654,0.7182154492487043,0.7016057402029534,0.8507368915479853
0.845798965469034,0.7089485963807307,0.6487135781185731,0.8499446310564271
0.8172252533125487,0.7142232369325339,0.715382128571594,0.8137627554508414
0.8486871384067646,0.7145839824338069,0.6968854432773373,0.849985004316072
0.8505619021082939,0.7191552009291419,0.6706472246752394,0.8527506512746368
0.8501875713586691,0.7086454496867618,0.6855263403265173,0.8554938953675102
0.8107258201597825,0.7156384206079265,0.6843898758177944,0.8087285474074435
0.8546680197158597,0.7267641824749796,0.7146346809090949,0.8532601793577791
0.7973809945142453,0.72164635064274,0.6645820940796305,0.8062656840092051
0.813602227660113,0.6879070616702079,0.6511609942831251,0.8159963080587896
0.8258401453224341,0.6706164030329762,0.6674913856351093,0.8266034341552438
0.8504886988393403,0.7266069928655846,0.6790182836516307,0.8494930525506763
0.8569624015455491,0.686346208358402,0.6712343472613322,0.854343766818288
0.8420137379358317,0.7434311752485088,0.6910212232758703,0.8479816158853845
0.8347575612097936,0.7281135687588101,0.7056529861111733,0.8374173109476662
0.823592112275715,0.7336951859436408,0.7252941280129269,0.8234485121463211
0.8304347826086956,0.6921091524118552,0.6717488446931081,0.8265741872539584
0.7883021776835614,0.670618606609599,0.6576809600473047,0.790147682596749
0.8239132520871317,0.7191514200583118,0.6786724585979841,0.8294284438420211
0.8681672025723473,0.7326210224461965,0.6816599689271723,0.8732722263017939
0.8346586235261859,0.7634964076718815,0.7371111727984827,0.8371654005700936
0.821781272860278,0.6658726316402348,0.6348825854141387,0.8271489683305739
0.8295482904916396,0.7044845359407597,0.6894657744007655,0.8228572726634213
0.8153901996370236,0.7020432643886558,0.6607999491150628,0.8207850771881285
0.815320874471086,0.705103588851302,0.6623764525006455,0.8129278220671827
0.843334499650105,0.7507529153356485,0.6994666180085869,0.8474339599970611
0.8263845675171126,0.775013049518565,0.7182351068216489,0.8291072478091109
0.8176804812834224,0.6988483419573952,0.6786663677163407,0.8195055120372635
0.8092988562904028,0.6800021543877678,0.6828328453726105,0.8090873400029577
0.8347024178549287,0.7183615841304543,0.6976628839359313,0.8376841313422856
0.8355935041017913,0.6753771016466589,0.6800193275434208,0.8348113664232122
0.8357826512924863,0.7033476939332934,0.6734107205895226,0.8384395945549551
0.8373879641485276,0.7243354571095252,0.7091749308895556,0.8406502147252709
0.8381145875660301,0.663444008781539,0.6510668741798199,0.8457674286940595
0.862320475223701,0.7579121897656624,0.698767879353785,0.8669866779824145
0.8512026410941675,0.7495628369239253,0.7086431293065025,0.8534976533438775
0.8492414390983962,0.6741247196482678,0.655533446751827,0.8532977711429334
0.8416300836577487,0.7273617571686353,0.6875854946584573,0.8489028498288946
0.8130177514792899,0.6912728612274559,0.691646410649507,0.8118598645366171
0.8668916069169127,0.7872377991588109,0.7266094897877504,0.8683959427046578
0.8829684481648422,0.766481717356033,0.7122643848972574,0.8887159092722243
0.803260770561982,0.682468184560477,0.688937628489833,0.7969865375350111
0.7983287475797411,0.6797070239719241,0.6831992485003229,0.796765278930636
0.8474072946013859,0.7440125730852314,0.7168816318998639,0.8529007746704507
0.8543275632490013,0.7585348843018341,0.7007931124598701,0.8612708635217098
0.8390312216821814,0.6618087981121754,0.6537167160032183,0.8428110922837331
0.8568677297588784,0.8030754408001991,0.6985397855823775,0.8633494392041027
0.8276207656845059,0.7115880488052584,0.6988415345654965,0.8309062974014754
0.8178948913681738,0.6571963689920137,0.617233591016428,0.8185181375413376
0.8541367766618843,0.7220758490915525,0.7139684300511219,0.8536534232309527
0.8349953123668286,0.6935193409940321,0.6787677218343846,0.8317589938238032
0.8370973098638326,0.7061689714289452,0.687042459223767,0.8399459650952456
0.8456386172915544,0.7149792248072503,0.694960140578531,0.8493790928694851
0.8425954672461968,0.6698711981416738,0.6479237218241423,0.8464356705341949
0.8536356821589205,0.7769479626828886,0.6938045007177374,0.8584264316801448
0.8405473746839208,0.6883362671561513,0.6796439745745471,0.8421790160406523
0.8266472347932806,0.685234719176512,0.679101827215858,0.8292196281803863
0.8183670005092514,0.7120923651108121,0.657668657550447,0.819538301581244
0.82974255269503,0.7004572435911464,0.6539251409174672,0.8388872103330393
0.8380890792983591,0.6919855377204427,0.6744882115101487,0.8432725221228172
0.8505487662489297,0.7098094634594414,0.6956108309612318,0.8510580875468964
0.8450252623396813,0.7494777354107127,0.7343965790316251,0.8457714327017172
0.8523353394930915,0.68679745685272,0.6841463069227717,0.8512662970020253
0.8379493223335298,0.7123491972132167,0.6769300280889716,0.8420732507851479
0.8047950166594234,0.6606429800235218,0.6499243598306768,0.8070776631605471
0.8280034572169404,0.7099981298737104,0.6996733513038524,0.8265108184935621
0.8533571650606154,0.7762569322394971,0.6977735287600912,0.8598761172955088
0.8181818181818182,0.6982444914457551,0.6909774140532754,0.8193966299449565
0.8179721458351814,0.676715396786169,0.6713341774740337,0.8135209397882844
0.8066018125883428,0.7235446734059523,0.694350747745701,0.8043732631146195
0.8147867138762435,0.7294037712545415,0.7281000297607212,0.8098016514165909
0.8236537323526926,0.698185023412335,0.700929381412607,0.8203493384120405
0.8021281986318723,0.7356882649715457,0.7048867918396391,0.7999123324104496
0.8258714686932099,0.72418477205984,0.6803701580194376,0.8217919038730922
0.8368347338935574,0.6812123585184222,0.6595058139854039,0.837481349471795
0.8407693658879325,0.728415366456968,0.7266852326763602,0.8402606275815373
0.7858256165765105,0.6334025558371843,0.6164597506158735,0.7865656923619968
0.8005112910097998,0.6975230045608922,0.6677974936944092,0.8056768228512229
0.8061640587956378,0.6861775800807162,0.6501754183191066,0.8119479261411359
0.8316708229426434,0.6988453041706388,0.6878812972461491,0.8282016397092051
0.814894959877378,0.7140067714298707,0.7121422086325294,0.8134335654915734
0.8138742116925175,0.6611735256654704,0.6521802428382326,0.8103841006100797
0.8419284726338668,0.7684090934420942,0.6981744355444475,0.8469386287289654
0.8512332323669407,0.7714678121147305,0.6743199242442124,0.8581873224329873
0.8012244494914584,0.7206438968423108,0.666492071420095,0.803944977199776
0.8246457932482071,0.7077734976350282,0.6979204470203371,0.8256776977106131
0.8459377007064869,0.7786516772324177,0.7014638075807279,0.85145761483721
0.8462649210627647,0.7083257026964446,0.6898928536557463,0.8517771328756997
0.8658528708906542,0.7105993363354768,0.7059349440787777,0.8672865755388035
0.7991392938696645,0.6999430974344272,0.6718125162541535,0.8016260294540944
0.8064463216599689,0.6461660188682801,0.636604430537636,0.8062469084151916
0.8280270956816257,0.694600026508015,0.6739247333747094,0.8341994071597416
0.8361836183618362,0.7287365660770662,0.693755849564577,0.8397609748494137
0.821792618629174,0.740278637779139,0.7266565773234948,0.8189416501539516
0.8158710477371358,0.6921611866917741,0.6815986625905892,0.812979249461521
0.8387764855822846,0.661132572201439,0.6664909092467919,0.8372241749796384
0.8395333269580185,0.7158616183401563,0.6850309863413415,0.8422996840130151
0.8314589893537262,0.6833719881464807,0.6845139443876331,0.8307193594444604
0.8341918294849023,0.6974426113882892,0.6887783251721369,0.8345112164564297
0.8330652670786421,0.7692545297401985,0.6978631542781694,0.8373285994499529
0.8396359122879603,0.722970065716332,0.6842138589430882,0.8440866721020759
0.8207530335474661,0.6860269311206459,0.6792157832156969,0.8177807591238004
0.8084343520573672,0.6843379574139659,0.6563716754192666,0.8088160097521871
0.8661584355319855,0.6991768706446,0.6948951657649688,0.8665493602108275
0.8209160436538627,0.7423753484002176,0.6776049751237636,0.8255923643293346
0.8366575872067481,0.7133199320665564,0.6983039175738761,0.8382358738855495
0.8081618105675844,0.6856628120767646,0.6815287450373206,0.8074855659165459
0.8246901886494593,0.6950165213572888,0.683724710651826,0.8262341855858777
0.8651704642795957,0.7643007460035391,0.7204725015377234,0.8693026459265648
0.8019338118022329,0.7120796226996647,0.6855559751470117,0.8022979007492729
0.8467929247811328,0.7521172995362899,0.6955092973307075,0.8514423805904806
0.8380889729463038,0.7347072170831648,0.6712318328966815,0.844240212997005
0.8461602601517552,0.7577588626983921,0.7227258008572286,0.8502054608211035
0.8216663667446464,0.7193512336093393,0.6954762587785677,0.8188376911568356
0.7870800074252831,0.7050816532492454,0.6522508572668686,0.7879489841538708
0.8454164652811342,0.7569774327472001,0.6934756764776444,0.8457859221818971
0.8586797817567048,0.6981360728238748,0.6899640593225054,0.8589273862144933
0.830862114889461,0.7390065529667945,0.6884906688973276,0.8336813947353224
0.8244134186542563,0.7524227813224416,0.7108802129383727,0.8274907820328793
0.7922190451434018,0.6765854722000073,0.6588838382066771,0.7949171520860241
0.8412603021978022,0.6980202992198543,0.6601733137506482,0.8480579232969099
0.8487896466170455,0.6989775268896697,0.6969368766900499,0.8465008410178548
0.844368986983588,0.7236110132038438,0.6729950132676201,0.8500112693673976
0.8381482463115116,0.7299554371725507,0.6764875444416305,0.8463411103642479
0.8356705351386202,0.6878293478177631,0.6495193196215938,0.8378257180827409
0.8361430597132503,0.7412429615649181,0.7139001076389586,0.840071612735525
0.8519147490872039,0.7254826768179765,0.7063502343253616,0.8558246805123568
0.8546855907510105,0.7908475512012144,0.7229410093074554,0.8607213910516658
0.8295786758383491,0.6848229677075004,0.6654328288333744,0.8341785564667543
0.8513798701298702,0.7072554450468834,0.6552333009639468,0.8584075962405888
0.8412844883270277,0.7733464179781088,0.6552012873268982,0.8487725011857459
0.8223223223223223,0.727629552513342,0.6850302813053518,0.8301199936156045
0.8564600448095594,0.7336236646069028,0.6819170651378981,0.8630372792144335
0.8162874051846295,0.7023407685290615,0.6951021669153857,0.8136539722317316
0.8395052001260637,0.7325726998491962,0.6631878806282747,0.8417796533550556
0.8520916334661355,0.7816300034427012,0.7407395885491335,0.8544049049367247
0.8356740316665175,0.6804196821356834,0.6602216183715247,0.8394254678784174
0.8258825285469065,0.7041006080789187,0.6713615949248974,0.8317423264145729
0.8313767342582711,0.6942524877573739,0.6880124464458355,0.8284785583838926
0.8293344289235826,0.756028518296189,0.7284413459706761,0.8305152711752682
0.8068440399089796,0.6285014849823084,0.615903462287346,0.809178667699041
0.8184568835098336,0.7352086350111415,0.7180488954410031,0.819004764253161
0.8290703827835597,0.6727377834110922,0.6584091428775585,0.8317693375598397
0.8196434256606177,0.6665223785872221,0.6424901123083812,0.8198297876225177
0.8395261173936457,0.7031715516040984,0.6865869051242227,0.8404930275395899
0.8214629030848554,0.7383905032005853,0.6764685570876143,0.8281260695500655
0.8370207735179869,0.7341192289117391,0.7076545680001229,0.8383894804579494
0.7974882260596546,0.7162760868476593,0.7055128630405207,0.7922879125260273
0.8448687350835322,0.6695311243953471,0.6599890688627469,0.8486094846836543
0.8182696530522617,0.6989274836932844,0.6886148121550597,0.8175312235740678
0.8163536776212833,0.6969055426379478,0.6886798394833685,0.8145251231296103
0.8788416552391708,0.7642345887317488,0.6742501998642066,0.8838832604887258
0.8054144106622241,0.6887458314988919,0.6691879664796934,0.8055184336906454
0.8080027775366722,0.6617062543251162,0.6202930344193825,0.8129969670453802
0.8112994350282486,0.7169946104641594,0.7113774716661923,0.808837769020961
0.8309010450993315,0.7589879332713373,0.6695572568105969,0.8352412562562679
0.8213297720118287,0.7072153144853969,0.6823632250295079,0.8265301215034516
0.8148727718056878,0.7061912942363706,0.7067713698469135,0.8113995841752467
0.8359727641343432,0.6956529621867122,0.6972390773092361,0.8330635778721888
0.8347708894878706,0.7055981824845494,0.6751468558472637,0.8392885754975383
0.8432299877386582,0.7263054286441397,0.7233623478195039,0.8425508977639923
0.8253039583142884,0.6707491264720655,0.6716224488663621,0.8252910863276915
0.818247061989773,0.7315241107913144,0.6869495644637028,0.8204408050347568
0.8524904214559387,0.6892131222576905,0.6438311063513912,0.8594514903922189
0.8137304906661226,0.7340747421434841,0.689060841442726,0.8122143342396345
0.8352894211576847,0.6884542135956888,0.6788608696453257,0.8358809508354272
0.8451479697178252,0.7009210763596405,0.6836364882309245,0.8504774810828332
0.8142585723333031,0.7317515230771872,0.7182737874878012,0.8168119988479065
0.8445296003753813,0.7518999823320217,0.7024100963063913,0.8513438657613671
0.8311656838193715,0.7161546643705184,0.6780596521692421,0.8366038786892939
0.8176572873853936,0.6810500911786935,0.6487057345685096,0.8234583557144834
0.847796661152053,0.7087226195283214,0.6850676136684319,0.8515762846550116
0.8106067335879897,0.7433829625685622,0.7032721294143969,0.8102217711149976
0.8129200268817204,0.69809183462935,0.685700804781027,0.8112275688814122
0.8469012605042017,0.6968681615913452,0.6884313505417812,0.8471018016477997
0.8390715064651815,0.7205949428698407,0.6921018805906827,0.8362760297519464
0.83719155431188,0.7101069110576019,0.7148761178319425,0.8371414063692484
0.8286926994906622,0.6579907125337577,0.6555975859257295,0.8258921028991955
0.8093797276853253,0.7244411209956148,0.6752910616681428,0.812245206290475
0.7940435066753805,0.7127011199290771,0.6797060448747364,0.7918347710819061
0.8079390164544018,0.696001755695321,0.6912536867790188,0.8090352212326916
0.8202992027232823,0.7171681589508633,0.6918624652381977,0.8241697747493952
0.8186662360729856,0.6939129098272729,0.6929874394072078,0.8214550362468725
0.8227812587674179,0.7201847110369122,0.6858623952764271,0.8278213617000065
0.8224105850733926,0.72436750138654,0.7122059124494032,0.8228118518884894
0.8151587512160609,0.6913069568072925,0.6733736306439473,0.8154897930717055
0.8265416516408222,0.6942096681973502,0.6858884942282357,0.8240200090990725
0.8255549729068344,0.7035203653697804,0.7048571301064808,0.8204832155176058
0.8398971892877871,0.7340398712835438,0.7200544647342491,0.8390645541230176
0.8099049524762382,0.7200589557316665,0.6753399887114925,0.8166976945876172
0.8534553851228764,0.755605428613229,0.6994969710203859,0.8610649408664918
0.8196119986957939,0.6793564552349249,0.6750257295202231,0.8165834382452073
0.8084067323624313,0.7023504809572683,0.6799778373708264,0.8077777985945791
0.8309676302579193,0.7553423110633665,0.702148530487984,0.8350600447649305
0.8143900714790668,0.7263747003206129,0.686543619900443,0.8161774097247064
0.8343528654217643,0.7420553840569586,0.6983700132473323,0.8410555168508651
0.8493112692983267,0.7708025237193021,0.7303483905896435,0.8534356168372182
0.8413025926258186,0.7178753291720588,0.6985387106462,0.8398232361827587
0.8136562695504513,0.7115326914297205,0.6695535787157593,0.8123906752639669
0.8310042248943776,0.6526517967596781,0.6440182268864977,0.8319834429858786
0.8196876478939896,0.6867764858166967,0.6472846685807581,0.8170862939326399
0.8428032047149829,0.705063475538543,0.7039656563580166,0.8452016430289594
0.8238262208158728,0.6805578930465483,0.6814776625172398,0.824531772930804
0.8326201049656843,0.7693224124616556,0.7089029406599219,0.8394452654181717
0.8074837792196249,0.6922857772725017,0.6847627023307437,0.8032430830863116
0.8467840735068912,0.6756560846233661,0.6635236962953428,0.8499986980268335
0.8378319861431871,0.6568204183347272,0.6488463246481158,0.8364037913782959
0.8341562334685241,0.6920309938301314,0.7056493938578972,0.8331261496241107
0.8186787732789771,0.6698494002610134,0.6453298489152725,0.8263933057831455
0.8156398832385927,0.6458272726685508,0.6265267828985119,0.8224513655953344
0.8550713749060856,0.7361007551225537,0.6710836381100376,0.8605429870689941
0.8593354697250801,0.7782985517477994,0.7266584685049662,0.865315999729229
0.8116571428571429,0.7015831005437422,0.6901105692541346,0.8124271879098472
0.8560126582278481,0.7087419290065825,0.70003734387595,0.8602826601224721
0.831199460916442,0.6788857159314792,0.6487606553445816,0.8316068645896242
0.8389602846148261,0.7008646799380254,0.6913359586460557,0.8347866184952236
0.8307923019245189,0.7251009325145048,0.7044420605842283,0.8293811419399992
0.8306643672497331,0.6895225211803316,0.6738580212657554,0.8311198418797601
0.8389845397048489,0.7222078711928585,0.6904998907910183,0.8409756186011266
0.8164304174171823,0.6909291382352178,0.6655173808346291,0.8196908608583188
0.8285554131966688,0.6565120436803721,0.6287036732449006,0.8323342012482305
0.844063302676278,0.7018612381738845,0.6879247808144365,0.8450305980241637
0.8486248624862486,0.7400347316201131,0.6522753584513977,0.8607869419594234
0.8288471754914114,0.6115375866143077,0.5897537114204252,0.8276232645055127
0.7911685994647636,0.6829665948294513,0.687091595448718,0.7860433282783028
0.805863839655458,0.634091832564329,0.6313173611840723,0.8081509574275741
0.8135469774217043,0.6541517219802828,0.645843425801359,0.8131095746587027
0.8438951428796347,0.7317336734467655,0.6990113642088951,0.8465739161126042
0.8263567109086626,0.653856962759309,0.6611250998048748,0.8248316739288047
0.8509763617677287,0.6706707816041652,0.6777951640749668,0.848229851507929
0.8031842818428184,0.6958854770073273,0.6832899164818081,0.8009027759758224
0.8188619180262634,0.6602135982989836,0.6618455310805993,0.8171494035459009
0.8207371556217423,0.7210965844521522,0.6926838556617646,0.8216962508454321
0.832875709317225,0.7298682831850746,0.7062652821552027,0.8353533615655316
0.8331116501056255,0.7072137348258078,0.6836019695084274,0.8367281778019886
0.8604973439063823,0.7162363639358601,0.686828518051224,0.864287873693268
0.8450923832540734,0.6982036178468742,0.683032337874291,0.8456668393923795
0.8212016407946594,0.7030870851527182,0.673556788929502,0.8253150431872893
0.8130841121495327,0.6684201998282168,0.6582893297462259,0.8154053699194647
0.8180507728037159,0.7121787189164781,0.7013767682293693,0.8143948865355783
0.8197862291822023,0.7054857320467678,0.6871869479061474,0.8219399760569409
0.8081924024815161,0.7044510552352236,0.6744308557612415,0.8111789451301045
0.8114530580444098,0.7227591459798186,0.7263504676145569,0.805030838255639
0.8418532943849399,0.685389841864893,0.6540436790902165,0.8482238472828108
0.8408416273790815,0.737221172696243,0.7102018755376069,0.845451456789593
0.8371405337473202,0.7187020222047319,0.6720936902535162,0.8410996102905197
0.792544731610338,0.7193034354769625,0.6980147215638495,0.7906670571274947
0.8247144670050761,0.7244895677653966,0.7022311710855917,0.8242817280522438
0.8411100007686986,0.6863686856428186,0.671769088885458,0.844077828165972
0.8414653035935564,0.7083825312923226,0.7062630957941162,0.8389026014789381
0.8102183481487875,0.6891768029294087,0.6789642187172813,0.8087587014282553
0.8210542659731387,0.6845443308352928,0.6506408219461728,0.8286339849701275
0.8393090813923056,0.7079408782830361,0.7058242744649645,0.8360854964900358
0.8010845006778129,0.6581507460504044,0.6472264879664764,0.802695103936953
0.7744627952406322,0.7038401694972279,0.6850793797595235,0.7728250907020022
0.8174530271398748,0.7352969469031009,0.6769659468995974,0.8186786667110934
0.8301675977653631,0.7437210478359785,0.7047496647541407,0.8319225244665949
0.8195097037793667,0.7450711537241067,0.7052496872552525,0.822708438996008
0.8593269879337481,0.733915461478289,0.6921543424198758,0.8641847536565332
0.8382246376811594,0.7456039008648838,0.6849485263910825,0.8446488904319468
0.8280918727915194,0.7328913298614468,0.6925375109413452,0.8259714877389088
0.8582021237641889,0.7310260899269884,0.6990973768016544,0.8604455858812292
0.8217029190587855,0.6949312016205127,0.6827505543915671,0.8234770216871391
0.8191688172999911,0.7029762175072949,0.7078056461002362,0.8183912264320393
0.8107891217119929,0.702468418703978,0.6936480825094032,0.8094426393597447
0.8321783418218252,0.6996827806875159,0.7102474784821136,0.8273391522152062
0.819247546346783,0.6862919954855689,0.6802739459209384,0.8200170443225516
0.8403264437150714,0.6875136401557486,0.6794712608308524,0.8435482747143948
0.8173374613003096,0.6814186698839177,0.671428919294081,0.8214377559176783
0.8252985074626865,0.6676792267889705,0.6656673826623642,0.8215473708885402
0.7748617489924079,0.7169541315474977,0.6023187074509514,0.7767689559358945
0.8351676048055112,0.7051623322039446,0.6757180105151633,0.8412498505368688
0.8038015762633287,0.6838722080038308,0.6689951601415713,0.8046912169393279
0.8040792312218082,0.6805540865441737,0.6753132126184731,0.8015747124765277
0.8430568216347615,0.7057290840159278,0.6882791392790527,0.8439355046411116
0.8266017842660178,0.7235178739170072,0.6863518943652527,0.8299516328743585
0.8172932330827067,0.7382890405312303,0.7156399230946778,0.8218092115738627
0.7842694515006116,0.7045245202855357,0.6873474753168922,0.7831008323735151
0.8510199025518209,0.7147651023440493,0.6847842092939713,0.8561985987562641
0.8124274618337648,0.6475770165836994,0.6384519772868018,0.816884123074352
0.8461134453781513,0.724148695253454,0.6802956174904753,0.843141113054346
0.843716300290336,0.6777638436686624,0.6684986656311838,0.8500044214175873
0.8346229062154579,0.7250241151550665,0.6878645639514374,0.8373575344858506
0.8137069972154855,0.7059487688603733,0.6827121147236539,0.8154909240372742
0.8394441654110162,0.6515431002172413,0.6453952012438695,0.842421006927471
0.8423285411265614,0.7265509999141346,0.7136810787095513,0.8412553048015811
0.8267337252957427,0.6432339488163915,0.6350719868162857,0.8280536272568795
0.8454721237512085,0.7376162055837154,0.6720187719414943,0.851733794999587
0.8141749536490814,0.7135585080832798,0.6878243562088864,0.814733246977911
0.8293234973593763,0.71344185567914,0.6935951563061343,0.8312931054289204
0.830193708903501,0.7636024362168091,0.6766077657967564,0.83820233661027
0.8197690531177829,0.7132995763973431,0.691907666122486,0.8206650537802803
0.8320421444065695,0.7039565660570148,0.6529292204327355,0.8355367771310247
0.8351658505035573,0.7256968868650338,0.6963688247588256,0.8372482308762573
0.8338461538461538,0.6886603115754993,0.6596456879933821,0.8356409800317557
0.8677411891725149,0.7497180182838727,0.7413702627854037,0.8649218446410749
0.8312387791741472,0.7324416805095447,0.686483071283711,0.8318235317737194
0.8358941132913735,0.7191840617822911,0.6893612744806293,0.8356852794672271
0.8479879654005266,0.7149867931367496,0.697764575824622,0.8508471020048446
0.8039737617644263,0.7237959212354641,0.687357391168424,0.8027258713326233
0.8562226993410824,0.7412899189528728,0.7134842414638759,0.8567249612926158
0.8167470848411741,0.710472712762843,0.6673207061300541,0.819006558483431
0.8174617461746174,0.678192874085645,0.6703452286660355,0.8173016525729413
0.835866811436844,0.7417387332499094,0.6391316682321576,0.8406867282612489
0.7850296270477518,0.712381203637749,0.6899854181250378,0.7796102369593919
0.818506609503394,0.6576150923030255,0.6467208225135777,0.8234934375440625
0.8218783735156531,0.7169608749831122,0.6923137155834325,0.8242142752355491
0.8325403568394223,0.7489855915921051,0.6873153941293706,0.8312997037047962
0.8423963133640553,0.7214771498081896,0.7062506117335001,0.8432712270174167
0.8483222697099209,0.7006155996626221,0.7130684283249396,0.8451079251111389
0.846982404209834,0.7119466575253113,0.6884358119946321,0.8494464566466147
0.8576377952755906,0.7519280051436497,0.7199902833197083,0.8565575194601271
0.8288295427529915,0.7118844563435051,0.683705541112891,0.8316469204944598
0.8150908244061481,0.6491450760227101,0.6434877801448502,0.8169528922775932
0.8215873015873015,0.6983727933593415,0.6834011379926579,0.8221274732101219
0.8247143133836916,0.7163726857219123,0.6442799816818051,0.8308287076281299
0.7978831109065808,0.7216864268961356,0.6542142617542277,0.7968825260249598
0.8590414251378482,0.7202026651756374,0.6975437914106208,0.8572143631076405
0.8410665731076221,0.6754242258391581,0.6615923827711835,0.8411163321212508
0.8509410090147083,0.6890243655239701,0.6635011540534544,0.8552055925212623
0.8472983555207517,0.7312030320782124,0.7181830979655246,0.8446802989775619
0.8193804750293506,0.7094442444981529,0.673960896245563,0.8213933170852006
0.8587772352984041,0.7586222736372823,0.7331703075010916,0.8583665757231141
0.8504692832764505,0.6883838820467828,0.6783538881074056,0.8499382433992586
0.8378223025127278,0.706354533080315,0.6923776280784544,0.8389398895076575
0.8247655122655123,0.7324759498328616,0.6522968404473543,0.8335033434700234
0.843050971763843,0.7537553796098699,0.7419364862256752,0.8435959879800982
0.8053477935676888,0.6850451572388179,0.6975025113594489,0.8031027352129317
0.8208814518029696,0.7440184174859089,0.7275878695994376,0.8195043671247764
0.8657410939049508,0.7566239946122981,0.6976902739335508,0.8715363351326179
0.8238640673594781,0.7343720440879327,0.7243258936820098,0.8210269830759327
0.8356368698419011,0.6864343584917452,0.6950645993870337,0.8332945474412775
0.847684515195369,0.7266948174599337,0.7164736242990355,0.8454572807408575
0.8393273795156488,0.6677672551337832,0.6592509125498762,0.838722890164824
0.8233997612269263,0.680776077039169,0.6688663465742675,0.8231193590075089
0.8186387607119314,0.7217860455290595,0.6933517817694612,0.8217382466192401
0.8199679230152366,0.7399015901619929,0.6827684298876132,0.8290323763070206
0.8035586052820554,0.6731216881764609,0.6741676778514349,0.8013114206810358
0.8292242934455802,0.7144631533583649,0.6941485108910237,0.8331381144804297
0.839202299676608,0.6890794498871062,0.6805639807602621,0.8422592402778314
0.813359375,0.7027731328660223,0.6485516455148286,0.8180314582387844
0.8458149779735683,0.670520299824697,0.6690791169755848,0.8481758250036577
0.8515736040609138,0.7279729201714583,0.7083613327269738,0.854770758063054
0.7986263978163247,0.7064670510302977,0.6704980751276856,0.7961105553550258
0.8558282208588958,0.6914935405126773,0.6936697143914132,0.8558442335332946
0.8234853590953344,0.6725038884558895,0.6724278787849969,0.8223493078483706
0.8269781183639553,0.72804328187977,0.6949038188539952,0.8310012491048516
0.8149360309431717,0.6685339826982157,0.669501121074878,0.8115550456734801
0.8210372534696859,0.7066268753306343,0.6919600026159423,0.8218127248683753
0.8282913638668244,0.7130446703205571,0.662016862288878,0.8351304132320504
0.8724873273903164,0.732171465716428,0.6866107973739938,0.8755623122923691
0.8490432317505315,0.6646378834773563,0.6535246668053916,0.8513131582853879
0.8013211009174311,0.6411158869529267,0.6272813346133231,0.801381029628614
0.8366657780147516,0.7293762843414819,0.6946424791798631,0.8408997386466156
0.8115413393191171,0.6876802255964423,0.6807891900261946,0.8099062191909032
0.8256752561316362,0.7211153038527878,0.6944067559807563,0.8190000342293466
0.8493453226060893,0.6926838898233028,0.6830105147681694,0.8513372134763778
0.8499436204354237,0.7371222500124405,0.6870679931743529,0.8594670651894469
0.8236650019208606,0.6833959155706955,0.6671421918885305,0.822392584252393
0.8251891228787569,0.7597512631468029,0.728776361168816,0.8281930099037362
0.8657276276506163,0.6770591859146067,0.6537734714729968,0.8689662712680307
0.8327314636957357,0.6974707965279257,0.6854433520650784,0.8339938686193126
0.8127605001603078,0.7064758450184965,0.7065935376362191,0.808172379288401
0.8389170081144051,0.7397966131496475,0.703362455982545,0.8445408858183963
0.8075965130759651,0.6751495284850524,0.6739535914420525,0.8031046201057574
0.8268581811888899,0.7130305361153024,0.6663692079186365,0.8287327573187567
0.8509625784122864,0.6994858967273807,0.6920948311136754,0.8507549923522559
0.8322879972506229,0.6872135963101146,0.6781125557268315,0.8354542715556582
0.8355788423153693,0.7169497257845505,0.7117726751051593,0.8347499392380533
0.8258760558668562,0.7055652605838789,0.6989304782697603,0.8239260450290715
0.8283865750101091,0.6740695913462624,0.6386391618287968,0.8374942829322597
0.8211374668009891,0.7264853478774209,0.7106711933782823,0.8212530010212903
0.8006926406926407,0.6504212620077562,0.6515617885228064,0.7968346494696164
0.8569790301441678,0.7578192770420409,0.7195656689524235,0.8600225980784522
0.7964045728248538,0.7161199987284939,0.6905548835777493,0.7965272351784097
0.8414983164983165,0.6950807649807749,0.6697939410681772,0.8490882772501986
0.8384055193560751,0.7081671879907612,0.6647842752659698,0.8461309428493978
0.8316322226908477,0.7191158887637394,0.7061293140554393,0.8321765843671494
0.8462296324365289,0.691946508725903,0.6922627908437249,0.8469412121976481
0.8216154349247874,0.7063151340123575,0.6527748213290234,0.8207938341914017
0.8254542594194919,0.7184785377111484,0.7020635696891075,0.8303125753415124
0.8453711274643408,0.6893488670545829,0.6774935249947507,0.8463005629811624
0.8495893223819302,0.7231025607744921,0.6728622310113881,0.853714043670608
0.8272447366231173,0.7025332165160995,0.6568207236598875,0.8346767561761504
0.8528400111555267,0.7653077851094028,0.715141846956459,0.8549913116943908
0.8400136740449534,0.7323747008603986,0.7205108990646578,0.8373111852202652
0.8483426224699325,0.7363830984576255,0.7237406658940478,0.8483502863953334
0.8320109000561032,0.706371718039387,0.6761834718054769,0.8313347627109398
0.8262330820237987,0.7034281400738134,0.6758844387148573,0.8284306687746725
0.8622585545829414,0.664958542202718,0.6417743198658203,0.8667408163509771
0.8356298337630012,0.6894737425670007,0.6859854051050572,0.838918446753792
0.8505922165820643,0.716275453490636,0.6853818835075773,0.8535423052111376
0.7659955257270693,0.6902745777028928,0.6715064201929346,0.7626826258021049
0.8266259774938013,0.6769097119127482,0.6653650974203638,0.8303808882284266
0.8378238787983128,0.6977742942517774,0.7060197206235688,0.8342875063310538
0.8302782171768865,0.7179971515608115,0.6936135476469945,0.8337886329453135
0.8375125376128385,0.7252564391371765,0.6881405295104921,0.8408674227854572
0.8389653370492945,0.7119143861597927,0.7041860461127715,0.8378315899628224
0.8489845653939886,0.7434869041045264,0.6712060764169387,0.8539313855856049
0.8240692768855007,0.6705338395971744,0.6295381510557909,0.8295653945711304
0.8384367816091954,0.6781493140698273,0.6672993253507806,0.8369029176294497
0.8310857538035962,0.6907040766640317,0.677872018559464,0.8310990592840755
0.8320949765789049,0.7265635373354433,0.7188711686540128,0.829813137679804
0.8157777182167426,0.6835566651157494,0.6330340045167031,0.8177461559208293
0.7951537563254184,0.708309755693625,0.6967963005977239,0.7965131837860676
0.8274116347569955,0.6847694530708535,0.6803688021301412,0.8260183160961867
0.844034879112168,0.73655440305773,0.7160675159584031,0.8460993002114618
0.8366498841205147,0.7133764469450182,0.6706554720971303,0.8409701078078965
0.8247096092925026,0.749493936339775,0.7014142514271073,0.8241894536552525
0.831046441495778,0.6967206061873576,0.6730860681004719,0.8427773210426898
0.8452183984116479,0.7687798570624909,0.7442839498528886,0.8460751527077712
0.8015586546349467,0.7300540799648668,0.7075440468215357,0.8001345737759067
0.8044697792254796,0.6889670662840937,0.6502007338481846,0.8050776441988332
0.8454442466418515,0.7645126548777045,0.6728523867413608,0.8541203946094517
0.8005373355567909,0.7318726343816243,0.7384116299252039,0.7970223689560508
0.8284105593501938,0.6733527988603456,0.6317921061819539,0.8266931444220323
0.8408092197993533,0.6666627807178478,0.6571251713909678,0.8428052396166379
0.8019686800894854,0.7010616981265665,0.6965857800904962,0.7975243222203644
0.8509207365892714,0.7191196161098667,0.6315068174376368,0.8580881849654737
0.8374458021284982,0.6901434891895168,0.6557645511393094,0.8443440600589552
0.825722273998136,0.6702190085473048,0.6342743652253549,0.8294823520505966
0.822962836685987,0.6893381651890444,0.6827505085212795,0.8236972662525136
0.8077066965955855,0.6722557610935884,0.6481935539282666,0.8171128875189808
0.8555906063792499,0.7362298128997672,0.7022638509599446,0.8577951651246912
0.8158312742675609,0.7275930039382049,0.685321006601957,0.8187389966663786
0.8572852869961544,0.7662821793948669,0.7016155548079149,0.8648328651337871
0.8327296674349687,0.6996868939055971,0.6587493948829979,0.8326146118773456
0.825731306126078,0.7315499254712511,0.7141906065000205,0.8228799468688092
0.8454439640838045,0.6945445110967783,0.6770442669137442,0.8511001826184014
0.829750496417163,0.6927451254536631,0.6856054269604677,0.8305338356663516
0.8113524185587364,0.7199929536920213,0.6922215300571732,0.8166253113878861
0.8190275867648249,0.693832906595922,0.6685621862662218,0.8216492956373629
0.8358999429642304,0.7797433714646873,0.7142316901587944,0.8423468250695906
0.8350171387335378,0.7210758769389423,0.6674074336318534,0.8420444924283702
0.8304558326482141,0.7272703018972488,0.7145364274384602,0.8306015662552216
0.8315542827388701,0.6827889246055436,0.6910310700514998,0.8286583730784897
0.8266963077517882,0.7487742061928135,0.6679422247474675,0.8303149819286397
0.8522718506518553,0.699658732089586,0.6866341146902428,0.8529514211739267
0.860180263461983,0.7676533548187848,0.7158588039446658,0.8636089138412603
0.8060928433268859,0.6910229115888215,0.6786902039317146,0.806948060004114
0.8788709962838436,0.7611209965974794,0.7398440521604772,0.8789653672120583
0.8143164190262592,0.6927904116806993,0.6751619281728296,0.8187930481721217
0.8466647621768318,0.6512043602468938,0.655730145573588,0.8472271924590601
0.8205193917649068,0.6653610058841638,0.6734983589847104,0.8202512041275368
0.8401068179921556,0.6851617188928678,0.6421262257849626,0.846863382536887
0.8521615201900238,0.6944195685268828,0.6884614700976308,0.8572146850045798
0.8012665862484921,0.6959608665264949,0.6840269383798463,0.8005231605337148
0.839562591806757,0.70972205911313,0.6966654629429633,0.841803276303059
0.8546682833881863,0.7493515077239937,0.7251704087900622,0.8568694497642629
0.8328988310486923,0.6951168903823632,0.6770961958033979,0.8372832104396077
0.855430768071154,0.702110974215419,0.6541841710674968,0.8594405690195247
0.8488340927365318,0.6732706542873714,0.6629073873001681,0.8485672435890672
0.8215381468602986,0.6949100727735438,0.69653601532221,0.8210994266439409
0.8048351312064876,0.7172557159534849,0.6887005701073173,0.8005412817251278
0.8142381511946729,0.7537597316538528,0.7013382078438635,0.8200319522611956
0.8306529742298004,0.6920519214170572,0.6802437932104242,0.8345794022324265
0.8059218711122169,0.683880255752235,0.68135339306556,0.8046650681339779
0.8165801344795302,0.7400231916530389,0.707225289973484,0.8152305800206572
0.8324629030920998,0.7274996422788487,0.6955423838736425,0.8347913398476555
0.8181125171520048,0.7116580818400493,0.6978160957630303,0.8182412206815658
0.8465711621598712,0.6929564706526766,0.6847660792698699,0.8488216455753809
0.8294872946035736,0.6899442001152696,0.6618606103011435,0.8343573766450884
0.8412698412698413,0.7270271520939164,0.7014030005006826,0.8454235349663958
0.8357590047971379,0.7601954067543688,0.7052370310922688,0.8438013093754773
0.8237635501355014,0.7085358731890157,0.6976760723162496,0.824426104704698
0.8119128329297821,0.7062731913902359,0.6719128315279064,0.8171217983482302
0.8496528609049557,0.7109625336759742,0.6975551991409613,0.8516060838810984
0.8334426229508197,0.6811241107574604,0.6780374489640464,0.8326146902304846
0.8635807004653441,0.708059427585068,0.7073575815474007,0.864352410998193
0.7920338068692682,0.6892140753405949,0.6327289766224856,0.7934431847565517
0.7970390098699671,0.6851321383098854,0.6878372371213117,0.792783034543308
0.8255733747197793,0.7288002775074199,0.7249266836824286,0.8186528979754691
0.8194557601433925,0.7101092570918159,0.6976947425410613,0.8195074613588833
0.8301980198019802,0.7731235681516461,0.733613892893455,0.8326998354510735
0.8196307400978381,0.6803965060618635,0.6686739472466825,0.8220939519983127
0.8309943522163272,0.695574481435256,0.6711496367781128,0.8335590179139595
0.7927269445948385,0.6752634742070645,0.66677793158447,0.7927410641787286
0.8484358657411809,0.7505398646335125,0.6961050574185157,0.8532549883355822
0.8081789840454795,0.6549923178349227,0.6249281485435715,0.8165631594823439
0.847095498783455,0.7176143202542522,0.7085082219260823,0.8476518364290189
0.7956989247311828,0.7008417608408373,0.6855224212512592,0.8014989063287656
0.8134513567174056,0.6702538571618235,0.6591442506864666,0.8169325410166576
0.8296966471527408,0.7052425481626491,0.6645633995872475,0.8314421666323918
0.8288531221033117,0.6420965079780946,0.6161465443851128,0.8345738484511548
0.8548137978376523,0.7670676662119951,0.6702947798184203,0.8608808732321586
0.8461942717000963,0.7006967137675346,0.6511646591938158,0.8501243213561167
0.8365084322298564,0.7150323957023017,0.704214588340642,0.8328482126823202
0.8205492424242424,0.6887730406015522,0.6811495973696984,0.8206461105758915
0.8267330912775479,0.7006115927962949,0.7067803649126281,0.8234032995285372
0.8401334160719827,0.7577998361908049,0.6816826073842168,0.8405926888117159
0.8201289043133366,0.6383477784729772,0.6174180943640777,0.8221638589056466
0.8522427440633246,0.7453950621031951,0.6990881252950467,0.8534787889858839
0.818468752818108,0.6927334277756184,0.6807657761442456,0.8157004526185465
0.7980546995377504,0.707621645161206,0.6711385772011585,0.796435293347649
0.8357055402509947,0.6660330588540536,0.6600510173916002,0.8384758875702151
0.8285876454450856,0.7260768524798529,0.6999430411918257,0.8272791599342223
0.8185680080327489,0.6787043064481296,0.6794734659723494,0.8147302288168332
0.8407538474199654,0.7285914504085094,0.676080073113408,0.8416040822890701
0.8474170918367347,0.7315707279457053,0.6987814676904214,0.8513751987801947
0.8334134615384615,0.7205095249527491,0.7139073014412611,0.828856713465915
0.8634836680723322,0.7380348657035346,0.6962259735856231,0.866882687048392
0.8373863187030447,0.6946879952239622,0.659996622317035,0.8421623649295302
0.7958129175946548,0.7193041997934645,0.6995115347843259,0.7917863120163209
0.8049558390578999,0.6488846985147159,0.648156738792893,0.8044270340816305
0.8361577794010226,0.6791312308280797,0.670380420654554,0.8300960309296074
0.8432697648583596,0.7254203290713476,0.6390295717432611,0.852562527323182
0.8388240200166805,0.7561085958476375,0.7054596324620027,0.8343239968367864
0.8197800366605565,0.6528410986058037,0.6372450850743235,0.8193334076843541
0.866740699611327,0.7644636277313941,0.7524230350284824,0.865054976251071
0.8251441921588669,0.69708307461486,0.6759973971548702,0.8267078538577858
0.8481566820276498,0.7258277015458208,0.6840479278346571,0.8500685282291334
0.8145057128663686,0.7067442698212065,0.6727561788262737,0.8163433971067311
0.8237305035253899,0.6707820684175021,0.6742589638469851,0.8194311996002032
0.8473282442748091,0.736719250041888,0.7110988060992819,0.8491352771017309
0.8246810559255396,0.7574588160230489,0.6707728162820382,0.8259561116069113
0.8365866427342756,0.6946966558575602,0.7018213497068426,0.8347543181150451
0.8250989707046714,0.7088641177468713,0.6951814537920148,0.8256255662455765
0.8276530162923822,0.7124958408217562,0.7064613484237501,0.8250068016767483
0.8469480166636479,0.7427478564085902,0.7297036781238658,0.8473184512978699
0.8203812878033842,0.6860988007525748,0.6805577478597729,0.8184450363502549
0.8380045351473923,0.7323983161603672,0.6737251186336606,0.8424982179866526
0.8400400863398089,0.7038234639000132,0.7025116081196621,0.8374272570439074
0.7715617715617715,0.691458175941712,0.6782317542929678,0.7711291048820904
0.8260176184690158,0.6971451730280949,0.6719482098147911,0.8287718989230228
0.831316571262952,0.6803504707226955,0.6762586285465515,0.8296646893707017
0.8241089020240014,0.7158250428309342,0.6838360247979566,0.8294227489026874
0.8463871407991508,0.7567363585678439,0.7195005598194761,0.8444131921936137
0.83714925116199,0.7044772838525233,0.6821752708471671,0.8380138853875451
0.8638915623997433,0.7280475668719748,0.6904912471423392,0.8691439635098893
0.8462174072713918,0.709829626863596,0.7009216077243265,0.8467123696520777
0.8253745663886634,0.7177434007616195,0.7004979253902136,0.8243248267758698
0.8223862609219644,0.7011680550892111,0.708428154789889,0.8180953129198928
0.8544740288083806,0.6604473859505231,0.6434863605738927,0.8579045256088196
0.8160113690194221,0.7206595060333754,0.7022626232529791,0.8182046326865209
0.8101624770079706,0.6942864046987669,0.6847152975455993,0.8051191246453308
0.8029830038154699,0.68866572273469,0.6550096861651431,0.8131763116669328
0.8280359943861967,0.7139307060681315,0.6878357810909099,0.8264092982104475
0.7993934142114385,0.7215459698206683,0.7018111293434426,0.7949537636662063
0.8408776779543884,0.6847867743313354,0.6481772532362848,0.8448416900859972
0.8037120869171571,0.7230800227382057,0.6711764312941821,0.8103715547077114
0.8389809947432268,0.730365490712875,0.6863997532192727,0.8416555347314773
0.8554814434752864,0.7139414425121382,0.6681524273085653,0.8641181899045952
0.8407407407407408,0.7107718768837119,0.677074803504947,0.839388651289127
0.8306401969836873,0.686052862620665,0.6749974283756413,0.8337800169309221
0.8421052631578947,0.728252520734098,0.6885993388270888,0.8456035087894741
0.80632,0.6814784914225258,0.6654916178586379,0.8139116410263418
0.8485681928490536,0.6933687635771371,0.6683227257761467,0.85521702986878
0.8268300548210255,0.7701484050185996,0.7272132859383194,0.8269993154573169
0.812937206814254,0.6957987044686715,0.6972859364812933,0.8082634367633951
0.804182156133829,0.7031079427774731,0.6594326224489079,0.8114586184845054
0.7984461510984104,0.6431180061227841,0.6468183160270617,0.7989214326899402
0.8409822496091235,0.7290492769951584,0.7257347711382787,0.8417460924639265
0.8720738542697,0.7676986203875202,0.7243520930617594,0.8761029887573197
0.778966757301991,0.6990065587134501,0.684436061331618,0.7750933495784935
0.8365996857686265,0.6838056335142836,0.6816216069087242,0.8367044836055877
0.8743460140108185,0.7396280854739925,0.7255796763839251,0.8766577152426102
0.8375519455987911,0.6753889277363421,0.6687659598703953,0.8389346634337647
0.8164144968332161,0.7399818056893316,0.7237789218265602,0.8160622290710977
0.8596278929057631,0.6936802459713574,0.6885371901175598,0.8610804063982516
0.8211045364891518,0.7248968271064857,0.7130200608573929,0.8208933436551725
0.8490488347195916,0.749212760821048,0.731426080446183,0.8476843882531523
0.7801990852838311,0.6977894454177573,0.6738041950560091,0.7812287395635986
0.8356603773584905,0.779435277019455,0.7369155420289106,0.8399240745723268
0.8262998575498576,0.6410107815014701,0.6404988470480236,0.8261732015457377
0.8272220344711051,0.7065916891080977,0.6949717442293009,0.8242778457295339
0.831278619232124,0.7291850471610444,0.6670182655932761,0.8362014295810851
0.8457803672316384,0.7314969102331859,0.7214700973017864,0.8484237630278779
0.8616690478191444,0.7126626416287678,0.6537505394086971,0.8671823679162161
0.8560668207920054,0.7098979743100597,0.6831579558759187,0.8578822463973761
0.8310287190396596,0.6877235860329372,0.6729423332739073,0.8321904158656932
0.7970548862115128,0.6840243171539315,0.6593959464964367,0.7982947545039865
0.8340895471278144,0.6813413414416911,0.6779430595035009,0.8355686662019677
0.8315886984715146,0.7066749648947247,0.6884653702498675,0.830028289192394
0.8386548913043478,0.6785818711342142,0.6570381037930166,0.8370989897860838
0.8282178620858096,0.6801382459222277,0.6328829707819759,0.8319869467143421
0.8616198958158293,0.7494097512068685,0.7070243779537133,0.8645437723619652
0.8511677109610221,0.7417047474713411,0.7039778509985568,0.8548067226143143
0.8344850553659146,0.7303416441672919,0.7124888238670108,0.8358573268370184
0.8149280575539568,0.6744206915105282,0.6578473917643284,0.8132853595644338
0.8398650588573069,0.7134886355181312,0.6756855742085934,0.8408300898391893
0.8390221041943294,0.6849212756712342,0.6733175004058163,0.8391369080888481
0.8177422044355511,0.7313727985608318,0.7176670610922053,0.8159539701794749
0.8094831600186249,0.6976067230936474,0.653524473320686,0.8157534217385665
0.8447740600206968,0.7368736971071459,0.6658687816391486,0.8562303405688158
0.8160164596027538,0.70614613707307,0.638226786657961,0.8210423884908313
0.7956197907430396,0.6542167246843006,0.6374948550099918,0.7939236009032127
0.8312059439893313,0.7570153558281794,0.7215212824327393,0.8338974158796808
0.8064571087826902,0.6920171380451381,0.6423517127104184,0.8108258023578103
0.8546813052759987,0.7055625546412185,0.7139053314362291,0.8530824248320416
0.848670256159243,0.741282797574387,0.7180112732551613,0.8538566326980258
0.8357646124838741,0.7077469070751119,0.6896385696826899,0.8410300230003382
0.8242889962766379,0.6866603836887855,0.6533493715808965,0.8336581530198961
0.8440587893382048,0.7196285842417348,0.660818244998061,0.8451277659406765
0.8152833131173107,0.6735671931517009,0.6699987220918717,0.812547337186976
0.8338697051404714,0.7240446611040681,0.711857637473825,0.8361675493699436
0.8586260598719502,0.7809653548645819,0.7438462508957511,0.8610304182803116
0.8241345379729851,0.683352433424238,0.6886151397582012,0.8201505946228065
0.8605349344978166,0.77720929829875,0.7435774684559507,0.8618053044434598
0.8355811356412679,0.6940504593264005,0.6666681932267057,0.8343241325462802
0.8330975954738331,0.7121815062071908,0.6972425786250688,0.832379209462291
0.8156102251782995,0.6806223437354996,0.6492343121829095,0.8159099985582907
0.7940780619111709,0.7014216182471488,0.6763029017351945,0.788992060355598
0.8316132031613204,0.6843079048557162,0.6531268082573911,0.8321396032252584
0.8225621727748691,0.6356957432905253,0.610376155564202,0.822794057581612
0.8175562417291575,0.7043309359546277,0.6796992837462061,0.822305428996886
0.8247702756691969,0.7580805148922116,0.6861868267886331,0.8233113637189308
0.843433052075343,0.7679988521969391,0.7072912998415388,0.8460018454915021
0.8425402348847325,0.694641441376922,0.660519448599018,0.8475353877479819
0.8432437324644764,0.7352889875589634,0.7200090669364102,0.8437757561084213
0.8264047510278666,0.7381583665827801,0.7137754105155663,0.826725937129188
0.876238028976017,0.7130590653395534,0.6620947103907382,0.8799564106796934
0.8749303103512358,0.7328469680277676,0.7033471611789645,0.8818496884301947
0.8431892513038097,0.725741211659301,0.7268478755087995,0.8419679883440435
0.8347038790597225,0.7220442002318503,0.6944531549869531,0.8395611421601897
0.8254160607529488,0.7177532840170651,0.6949634726466476,0.8255660898950866
0.8218797598781471,0.7514166024639186,0.7331799814105744,0.8192666918796185
0.8527852477910104,0.7379474256271153,0.6718837125540637,0.8589189516608642
0.8015701136978884,0.691510277523203,0.6776412661626825,0.7975685529217796
0.8580786026200873,0.7056441723606082,0.694973019256685,0.861025780904621
0.8415570175438597,0.7418939372282458,0.7129094101833642,0.8414696719683679
0.8295345719210879,0.7367975789368941,0.7070294211196203,0.8299568033562613
0.8064201472022701,0.6960736557255832,0.6819662857730405,0.8067135260397356
0.8534582132564842,0.694073450747912,0.6871614971358768,0.8544212063729246
0.8475927023644866,0.7059056169730293,0.6853547167324175,0.8484834593202784
0.8293097281831188,0.7237100802616794,0.6918981588210951,0.8343545027240963
0.824624683174108,0.7172921777131127,0.6977683380793469,0.8264880307872366
0.8116976961659441,0.7234261174847038,0.7056477968659619,0.8074082661791764
0.8342922899884925,0.6963209234121422,0.6636141618697926,0.836204596511134
0.8388308594465824,0.6994155390934134,0.675813859098859,0.8424310892015962
0.8244005641748943,0.6666689849052052,0.634624313075139,0.8289223507945178
0.8465246735033746,0.7441771698938207,0.7118745050846178,0.8491805999380633
0.8446494464944649,0.7055695789397056,0.6514422105613531,0.8447895143288396
0.8373130168168726,0.6991242881681041,0.699947777484097,0.8366239507643601
0.8282513539580088,0.713156449814038,0.7010572418105085,0.826078575366484
0.811586593156559,0.7311018527506931,0.7113645676520726,0.808189570480504
0.8205652025876745,0.6776969437849486,0.6331188198306394,0.82103575880177
0.8561843870865893,0.6813428872855856,0.6675966092061503,0.8585210023290495
0.8479223593705832,0.7534019151259861,0.689684769261143,0.8548484409088116
0.7959605026929982,0.696379750103779,0.6664056298634601,0.7976659579292761
0.8534209692746278,0.766660938135103,0.7134187538101984,0.8552492318960618
0.8404301075268817,0.7173142787714532,0.7100095960626506,0.8392382643367646
0.824289893366047,0.6754421887123936,0.6673682423079828,0.8247727148529096
0.8697747925721059,0.735881642682465,0.6955785608854881,0.8750040459443554
0.8628571428571429,0.7190158228940006,0.7157237157315774,0.8644804521897009
0.7716871138954146,0.680636502465964,0.6588476179973363,0.7676073088781573
0.8497535018389545,0.7623557109558845,0.7446393846320946,0.8488084871668643
0.8448197994761087,0.7771345633122297,0.7371160919024393,0.8445945086935154
0.7996576884965318,0.6860259804676688,0.6899328291588294,0.7984969571449071
0.8333475116971502,0.7021717958207954,0.6828659258716088,0.8295407500166674
0.8119352241209626,0.6625262598255569,0.6611976812092089,0.8143509780342708
0.8394859174186492,0.6277571480284425,0.6368138872224769,0.8415741911933988
0.8288742627575006,0.699025062936906,0.6670332004008775,0.8288084802652188
0.8312375909993381,0.6966544871306802,0.67242686908353,0.8343031634769449
0.8533009456059686,0.6518070602956003,0.6372750303164254,0.8596894104636094
0.8418570615497195,0.6920226504739607,0.6781303001058592,0.8458483562903336
0.8158904109589041,0.6877817669193376,0.685615565570349,0.8157732285291031
0.835561197819431,0.7112224650648596,0.7214720844609632,0.8323641905606468
0.8245948522402288,0.6861466205594775,0.6487630178499245,0.8253440574118401
0.8467147499405564,0.7268554681178006,0.7044191606924086,0.8477352170510164
0.8019830028328612,0.7174336734943785,0.6785783659696436,0.8035223833898184
0.8036138849262958,0.7350121191991966,0.7053118269896385,0.8003223008500583
0.8228037712573795,0.6970019301964696,0.6959372734131412,0.8255821874578451
0.8259193585691157,0.7023882422351675,0.6925223606823937,0.8278175438942746
0.821667799242792,0.7153411796863803,0.649575686431122,0.8255979304964172
0.8247252747252747,0.6822381241460442,0.6647144994749088,0.8265181969900052
0.8197232084631548,0.6973525788397595,0.6854552598037689,0.8206953490154305
0.8589276014588345,0.7467768152038728,0.701356888309818,0.8631000465951418
0.8401760772030814,0.7344157348236167,0.6817087978761254,0.8397322575125205
0.817513009151265,0.7149371684916075,0.6872480884587697,0.8239495306181698
0.8303464755077659,0.6920174058536599,0.637629100995656,0.8353765320722261
0.8310856049736968,0.7011925651795898,0.659689297977885,0.8354393842099848
0.8462965951266742,0.7112104204987069,0.6939640573232148,0.8478299155977247
0.8310725266775185,0.7034941397333504,0.6862422671930364,0.8360408073096176
0.8251208548893224,0.7149596024160152,0.6802563691568062,0.8307528743369419
0.8243888990994303,0.6839742066598602,0.6825038932397319,0.8248888514605378
0.8320126782884311,0.6756918558991113,0.6526203778932134,0.8322103471077608
0.8386543643341227,0.774548325925515,0.7670562420872125,0.8339099747896505
0.8299447043811145,0.6551267503038462,0.6380341352169718,0.8324477306181861
0.8294767394985084,0.6929963582721029,0.6842689697126989,0.8272128669181464
0.827959656084656,0.6353401582426428,0.6077534218843259,0.8373351590633106
0.858477387812118,0.7837442350213324,0.7374307759738034,0.8616519701703174
0.802479732951836,0.6757701301836254,0.6734598010766595,0.8028353039603372
0.8463850249012537,0.7129693485661593,0.6729352105505831,0.8522902909308228
0.7866790477798413,0.652984647629427,0.6377423261428499,0.7848409655169678
0.8233630952380953,0.6956067619659814,0.6686338417956155,0.8239243894128027
0.788822639494527,0.7168171092031987,0.6876198769831354,0.7886376770446626
0.8570026761819803,0.7330573930800981,0.6965207554436788,0.861021566892833
0.8381190830138486,0.7337283301094901,0.7210680280973218,0.8384739644641188
0.819600662655855,0.7232793833661189,0.7049299770772564,0.8196973472984544
0.856428630947421,0.6758539317808154,0.6549402440972186,0.8591994712801625
0.8239871210088543,0.6846402561963639,0.6854399372606891,0.8248743107253095
0.8185389580020578,0.7132557620349548,0.7018555162327507,0.8194472949645952
0.8161825345917713,0.6742633433770739,0.6559548885556625,0.8227454163217529
0.8381407471763683,0.68741551082317,0.683036015554476,0.8381805808374215
0.8456014362657092,0.7331231254703373,0.6950804780791225,0.8480196644313946
0.8294055575096729,0.6712433222408719,0.6681424853487196,0.8286575556688786
0.8469907607287799,0.732694509882743,0.6892443809117139,0.8545465239627515
0.8322317421460629,0.7098966056457212,0.6697859048870627,0.8371268456364275
0.8540094130183821,0.7331839560508409,0.6903605595121165,0.8587802566215517
0.8379479441720106,0.7322446475502484,0.7011797510367102,0.8390975202770169
0.860189772441011,0.6878046278798442,0.6616499222808632,0.8663116077748771
0.8457457661701694,0.7496513389010464,0.7232058092737628,0.8471121941465917
0.7880499914398219,0.6930288653563577,0.6821420234143318,0.7842798822831836
0.7944564097761962,0.6809426445617016,0.6641271342831929,0.7970636270906156
0.8274843641417651,0.6762435471383477,0.6513061753406018,0.8319002029108652
0.840658330268481,0.7251411412657155,0.7144031771803677,0.8417153125439057
0.8390937910770896,0.7005222153310076,0.6991378391070858,0.8388802846139692
0.8512911016161991,0.7401662828501108,0.6859485958576589,0.8574755308537063
0.8151486263974348,0.6965951772070743,0.6928959023525296,0.8166474344965897
0.821853878339234,0.6966945027668852,0.6944767854620135,0.8226184739900402
0.8339355978479082,0.756012072506425,0.7375626220680401,0.8347549113067892
0.8115971515768057,0.7085605646259588,0.7046026981195672,0.8095391992530789
0.8210493195941163,0.6826744130023377,0.6536698355373258,0.8178906804524732
0.8122291766971593,0.7582046858269125,0.639643735604724,0.8155709395397169
0.8021956479121741,0.6853565923536555,0.6747829517303348,0.8053246630339781
0.8075526506899056,0.6860690853369228,0.6803132490732393,0.8052334394077522
0.8338223308883456,0.677193185068053,0.6693116290276849,0.8354729424370712
0.8345095271700776,0.6871645214162321,0.6601120469952937,0.838289641874351
0.8085842148087876,0.6971424508355759,0.6975378499071149,0.8057006187975728
0.8120294665263499,0.7008687571418517,0.700132142253005,0.8095809295975216
0.8366122840690979,0.6947720056527137,0.6944700368820789,0.8372337329015506
0.8665494763055739,0.7170463576872113,0.6872568316850963,0.8710337624085572
0.8434435161641846,0.7271864156572891,0.7092081337504412,0.8451374369267164
0.8479600333055787,0.7452425178979867,0.7179402187597912,0.8484886965198853
0.8589071223143292,0.7279192395249496,0.6574569368441509,0.8660896015456566
0.8162237276359214,0.7300704908809221,0.6905668434413086,0.8199780157266696
0.823594470046083,0.7248555542060355,0.6770479379057546,0.8290074712940788
0.8054506481575993,0.6529844220142571,0.660587721871236,0.8053247162958415
0.8353392639106925,0.7336637810398181,0.7069696705626104,0.8354273903845357
0.8367981666393846,0.7088536591016126,0.6849467836942603,0.8413662177760648
0.8334075723830735,0.7310492583481711,0.7169445077183778,0.8367401914542119
0.8493344425956739,0.7492914422368012,0.7066752248580421,0.8534798056245264
0.8466711499663753,0.7422107502248232,0.7161762896276564,0.8501199146015281
0.8227896707305367,0.6120011472134557,0.585849411176242,0.8241846147966337
0.8188432157148053,0.6711797634714094,0.6661765474608591,0.815040108490099
0.8147056113516999,0.6977361881623092,0.681417934196817,0.8177360752893784
0.8268047659839577,0.7473617839243469,0.6867702037240262,0.8319016906870487
0.8255095222185098,0.6913274592893744,0.6545510078898117,0.8268630960003391
0.8170266836086404,0.7374601317689611,0.709667472066549,0.8136992176381725
0.8205374280230326,0.6849056049020592,0.6404097132332383,0.8246131847207988
0.8461988793175546,0.6924057438592168,0.6912732836182717,0.8479501021684323
0.8323325635103926,0.6822095683324296,0.6790264963045789,0.8306837531225464
0.8314322896731225,0.6975607193254747,0.6885642803950549,0.8342266285073829
0.8364560639070443,0.7341851170703351,0.7102415973791977,0.8392924696453847
0.8285714285714286,0.6832647537510135,0.6434403852760956,0.8255435621030037
0.8396416754095715,0.7244360645615288,0.696992237960162,0.840594110774773
0.847437220502236,0.7189564006174101,0.6996930417291999,0.848140400769576
0.8293783094724456,0.6839354827858419,0.685904523619895,0.8306941219908299
0.8385029276784302,0.7143045585155587,0.7047975672565701,0.8363124663869317
0.8200055985816926,0.6971641419825798,0.6881721277379791,0.8199362031220163
0.8274600767240611,0.6837169425630769,0.6837517404215684,0.8269770597279643
0.838485054347826,0.6874884341664034,0.6851513610485662,0.8401972391048665
0.8242987579172493,0.6827169189278421,0.6905822076524699,0.819899421130602
0.83896218117854,0.7830857415852339,0.7203654059880586,0.8428415855791648
0.8365190663721064,0.7215702190546494,0.6878492097013748,0.8381597000205623
0.8253377208174576,0.6992698400208287,0.6881216140120777,0.8271541766326593
0.8384152262575257,0.6812754665163201,0.6869584391136073,0.8349997119257144
0.8252289092363766,0.7525426552778145,0.6740686930197106,0.8305239072776063
0.8442158973132424,0.6797266010712556,0.6692020663185428,0.8475548451751431
0.8618903115979573,0.7627772328588179,0.7110395296287743,0.8677372909547687
0.8518073990398193,0.698838361618922,0.6857013548493611,0.8516331994128998
0.8349166910260157,0.6984515879952874,0.6809093650284235,0.8389280115307702
0.7836953558120513,0.6970937406843123,0.7008326972613075,0.7768025178684826
0.8324030661606013,0.6847217273662423,0.6759520551301759,0.8340580773899731
0.8074400138097704,0.6888909857532237,0.6950495221076234,0.8081275516456483
0.8247794399693134,0.6751308109567777,0.6688451089939346,0.8254584827707299
0.849741782113288,0.696828764432507,0.6766299280089269,0.855897357817649
0.808852140077821,0.7138853596631822,0.6842154004411642,0.8072672103423684
0.8365151922559828,0.7087879936448656,0.6806395898666548,0.8447222352261888
0.8407120743034056,0.7308292607761482,0.7213184422608737,0.8385258401886285
0.8066642586238035,0.7009279211939546,0.669178567403836,0.8052239345226738
0.8333949704142012,0.7055440841814886,0.6664696822061271,0.8353755736292671
0.8553161427057577,0.6939038746742454,0.6794554867565432,0.8577726721117214
0.8585268337690297,0.7443100237214653,0.6846515626505794,0.8647682447480209
0.8621797901502978,0.7500216142434261,0.7198283298076508,0.862850107051542
0.8220949263502455,0.7254963839078965,0.7040595554042398,0.823043266863951
0.8305589063128267,0.6702568448904438,0.6444654182855876,0.8256149820770181
0.8234909972945238,0.7328185142382682,0.7061334775437222,0.8242952167701219
0.8163483701020744,0.7402870184557138,0.6970092816741622,0.8189851366231553
0.8210451601455062,0.7304575032718422,0.7213013410924609,0.8157084307514262
0.8322851153039832,0.6650899568794467,0.6237250443140696,0.8350032172375249
0.8241767004226138,0.7072447521666718,0.6750412422641706,0.8213046998213928
0.8101667270750272,0.6922928083400206,0.6664362300605282,0.8103460944476047
0.8383846935320014,0.7294398936908839,0.6930730236321336,0.8426531449098451
0.8306703561546015,0.7373735614696816,0.703524554005095,0.8305787107452207
0.8125053386862561,0.7382069438115657,0.6759776429715072,0.8170583041255278
0.8197885084670561,0.7428709144547354,0.7103254029095927,0.8175481135905454
0.8422995366370848,0.6999566638083587,0.6864826294176181,0.8418370621526002
0.8367346938775511,0.7142137401268918,0.7149234005583324,0.8339955987322245
0.8117322637252444,0.654532157415499,0.6364700997044918,0.8117114829331145
0.8500550401006448,0.6902313270211016,0.6726341073502594,0.855401472877784
0.8478884788847888,0.7129129312057797,0.7211109511509292,0.8442606840155553
0.7965416379903648,0.7193769887438626,0.7032097188193298,0.7962690076691692
0.8386454183266933,0.6961687152480682,0.6525760568689226,0.8480595083586576
0.8092407975460123,0.6813484668066512,0.6715584840960632,0.8097336114092928
0.8399707709170625,0.6584462271134786,0.6395623834068938,0.8426195195133496
0.8473669388904534,0.6721603495719092,0.6582179374926214,0.8488276074157125
0.8302397525135344,0.6970378999402971,0.6918287755270063,0.8294391724839829
0.8661338661338661,0.7061494031414183,0.6674297371708378,0.8716243053147962
0.8589388787854827,0.7241198805435263,0.7006780831414395,0.8631641383795081
0.845054945054945,0.7276735166978665,0.6927263025787959,0.8475577621382624
0.820515113575389,0.7046772251795265,0.6839041711856186,0.824477599070367
0.8483937331856306,0.7152566882853821,0.7027301324982076,0.8483283450646434
0.8520812685827552,0.7256831012620455,0.7172332667164946,0.8534654235927336
0.8663322983838866,0.7242280437258146,0.7145994487079816,0.8678611952615527
0.8319437206878583,0.7220373228469108,0.6963556349335795,0.8332944490272413
0.7957641130619636,0.722761598924615,0.7070003142071439,0.7898011855394074
0.8524247814989558,0.7392946320315257,0.7053848400794132,0.8583296700827878
0.8337673246535069,0.7494907070317446,0.6923746654554945,0.8355114414108294
0.838472348516161,0.7471672467340938,0.7154909842364848,0.8383456766207393
0.8378005198180637,0.7369118133764792,0.66868064395228,0.8456817255229298
0.8411030860144452,0.6559229607474677,0.6378121492760074,0.8484982802925636
0.8226207754509641,0.7122744250779136,0.7077951768791951,0.8234723493595859
0.8397626112759644,0.7097532525888273,0.6621859190834269,0.8421787999368857
0.8097323198942499,0.7226036299467173,0.6152926965196273,0.8110107721095065
0.8537699923838538,0.7138872812171794,0.6809836135886046,0.859901512207664
0.8601483153312913,0.7249544369821895,0.6942482756196016,0.8651124514531475
0.8341579935164648,0.7397408917375969,0.6877012699138894,0.8386342497728138
0.8346111719605696,0.7318786517022866,0.7145638288989983,0.8342283047742698
0.8375341396800624,0.6879090614398953,0.6905784546311484,0.8384701023746868
0.8298552675866712,0.729631411243453,0.7244170096969185,0.8277779205713599
0.8482473137220363,0.7618034570090406,0.7373905988551566,0.8458169727728395
0.7847792503455565,0.7613439976203357,0.7400826946159289,0.7736867295318257
0.8391743892165122,0.7381443248427728,0.6982339999608069,0.8443339181927311
0.8211059518784297,0.7138917481092527,0.714746788950766,0.8192064066085835
0.8352932364616883,0.725946121961986,0.7107827937874908,0.8351169240278878
0.8385068128678546,0.733105650629984,0.657640671158803,0.8412757994194197
0.8266566426807003,0.754976345875221,0.710148499884894,0.8295454288560039
0.8313073484432594,0.6493902740094561,0.6375024090960753,0.835515009498111
0.8192642615958771,0.7164237517709476,0.6931281288135221,0.8202437225232766
0.8351790967295379,0.7045001341390058,0.6762031422117221,0.8358904831187164
0.8483981693363845,0.7533623601386051,0.6951361368726452,0.8511446885027876
0.812034852060265,0.705575167240355,0.7165384931351377,0.8042853801444231
0.7982768308672036,0.6698596378156008,0.6641833931213028,0.7973711779965826
0.8260601794826676,0.710121779243009,0.7029673978728544,0.8200266518929882
0.8275586353944563,0.744149128326267,0.6886258263169056,0.8296407242296183
0.8459893962715923,0.6946522043374721,0.682430652052787,0.8441575168693854
0.8279569892473119,0.6747555203723731,0.6545520201380007,0.8314232057222918
0.8304283604135894,0.7464827671936047,0.6823168451293765,0.8283569172504109
0.8383592433039895,0.7530226430572429,0.723740837951774,0.8421181132091995
0.854680456112437,0.7469460597407602,0.7102053659530544,0.8576894723831235
0.8388287608020807,0.6628381069928214,0.6437825806687547,0.8433304225114102
0.8456890920966689,0.7201633510506845,0.7095619224369805,0.8503199651682253
0.7985110090289878,0.6465793860655413,0.6474497889526132,0.7973127840629919
0.8475424632805448,0.7149531242360289,0.6709567369356421,0.8498109596034894
0.8386884165430878,0.7440049506466436,0.6980826118104494,0.8412024737423942
0.7975057958270045,0.7259686624458132,0.6990261588685673,0.7928770469115091
0.825950647249191,0.7522014144573519,0.69826298142482,0.8305221603278056
0.8430377829938669,0.693569446277142,0.6555212434184384,0.8477766781016634
0.8239079720054702,0.6618853477143346,0.6542996237063035,0.8248906504990567
0.80020366598778,0.7319496428387724,0.7293004936770988,0.7992123206370733
0.8281945456016833,0.7296155659585217,0.68965574699409,0.830467461623459
0.8090130611538794,0.7081085948208469,0.701436562826199,0.8082148205965197
0.8402341761411845,0.7289260384279613,0.6956575886169971,0.8438565933650147
0.827274388016076,0.7171242508793544,0.7202488444966029,0.8243539484131809
0.777301703417285,0.6601203181640862,0.6308759166346305,0.7832926823151118
0.8385893523228213,0.7005702897932305,0.6784291285502706,0.8372565976116138
0.8157650434635835,0.7118696095223598,0.6929317417947667,0.8182143280284132
0.8320666830105418,0.6740713285699864,0.6448860440889935,0.8319124533422713
0.8406263224714347,0.6926222890558775,0.6294363574546133,0.8444455957033792
0.8070397569004811,0.6852948818253143,0.6585430899713136,0.8101411665263261
0.7813945370451174,0.6798162989954684,0.6522364818086035,0.787571382590593
0.8394591160722389,0.7092694463042393,0.6612257545846769,0.8473861259120162
0.8631324616259238,0.6870802211939531,0.6882384927313436,0.8644464008918791
0.8364171173735648,0.7157448943903861,0.7013413004411633,0.8377963336488895
0.8301415487094088,0.7099411308563628,0.6915970570167302,0.8329504612268634
0.8272370144041903,0.7006698200173728,0.6830366678277465,0.8295231518053194
0.8288399322138346,0.7430714129015785,0.717930971838094,0.8273182489057982
0.8412232204561161,0.705452222726348,0.6393593620194975,0.8467959784687056
0.8131429584959206,0.726016548195098,0.7316229729300923,0.8139236588785286
0.8196967422308963,0.6652524739606351,0.6380255433880765,0.8186885410607053
0.8318659471740982,0.7172658904540243,0.6931826883920786,0.8298234357340558
0.8127892698592614,0.6581043039382626,0.6254675536792749,0.8162022104367427
0.8019037356321839,0.7245107230864616,0.7067591578522878,0.7997254810198394
0.866474868844136,0.7498524428433763,0.687773402443239,0.8719867654049667
0.8479947186004291,0.6581105956211797,0.6250934669432419,0.8551301165843331
0.7987427197929186,0.7151168846534222,0.6939364281219182,0.7990897450080724
0.8542412386581204,0.7206771762262251,0.6827650740500215,0.8570170281367558
0.8760769788227716,0.7428033496575461,0.7068383920851093,0.8787985165150364
0.8017473667020495,0.6948206262952088,0.6748819917644571,0.7959846741580109
0.8504365997462497,0.7450408176157803,0.7331707081341285,0.8506723709711008
0.8014388489208633,0.755257346219163,0.7180685145292462,0.7958132074876391
0.8456755679553607,0.7147097967840108,0.692037206606051,0.847622962588109
0.8184938421158894,0.7203001028267607,0.6837219493794628,0.8202276452922393
0.8567803330689928,0.7263745708421441,0.6964508413475066,0.8583130935647332
0.8095064318949001,0.6893242753983928,0.6683923864592434,0.8120301695620592
0.8068993839835729,0.7447979907681547,0.7335741637590638,0.8050999834359217
0.8489659979862133,0.7580377019004678,0.6424463503946989,0.8590141166076084
0.8245969443741031,0.7234808340855277,0.7171002411316686,0.8191842394947667
0.8257153474544779,0.6702077495964365,0.6461386493418542,0.8284266420432279
0.815583531813542,0.7343253318414753,0.699217997159977,0.8122556379700938
0.8330180442374855,0.6701077196538193,0.6374604706011495,0.8381561897347273
0.8512002630713581,0.7214719381916659,0.699365709714511,0.8504651637787827
0.8134007112109302,0.731634974273407,0.685099085392646,0.8152513647580918
0.8120334562460653,0.7073913219373924,0.703505353894757,0.8117592106781387
0.8471183988425368,0.771539278837407,0.6744524413852631,0.8542585498771437
0.8230240549828178,0.7326041306782124,0.698193837339482,0.8262549574667204
0.8442982456140351,0.733105358641696,0.7019357773140256,0.8509587342645019
0.8490989120504941,0.7155752229303933,0.710787761563321,0.8493167576582558
0.8376186367558239,0.7182216946631913,0.7176358069895649,0.8346637304448422
0.8536140457551114,0.7120724644570879,0.6929913453181222,0.8537956632532032
0.8398561274299906,0.698369550754043,0.6724373029976637,0.8449680600374212
0.8323743766781742,0.7277386304398772,0.6910773592307722,0.8352238805218135
0.8196778711484594,0.7056902350631542,0.7007962955302964,0.8177066566196524
0.8192815249266863,0.6792537973901833,0.6775800414059885,0.8170538668696578
0.8390361809804366,0.7133709156677749,0.7125776106269981,0.8367931180388606
0.8229559748427673,0.7044746715539226,0.7024413586886974,0.8193110702473281
0.8423603435082051,0.7203896300565859,0.7033762656578345,0.842932634976814
0.8532890473104342,0.6978298129937899,0.6582073389891612,0.8596676196017141
0.8098960646708715,0.6875562988811418,0.6594966826729174,0.815541257223887
0.8516577907576018,0.7210838074816965,0.7107778031855624,0.8529033647043661
0.8176659891598916,0.6973430377503662,0.6979945529124199,0.8122801503952418
0.8559305178014984,0.7103858663126503,0.6865035785540957,0.8584620618283899
0.8259469696969697,0.6967279376606844,0.6788384692840599,0.8292038234729346
0.8557489451476793,0.7170428203563877,0.7038365602590576,0.8560422855705455
0.8523369075877875,0.6841610614118552,0.6833957386344953,0.8530874057586552
0.8568827083850674,0.7259064334342303,0.7063249576118291,0.8591064888649896
0.8019155030433226,0.669975368364861,0.6783092561641413,0.7959791305386479
0.8451765132952174,0.7468442875812218,0.6987899048443308,0.8486114003654146
0.8585985133216404,0.7196183597026666,0.7096160860953209,0.859218417248357
0.8329280374673511,0.7118971239590263,0.6789152657411268,0.835028155084028
0.8237299139750041,0.7270797675052437,0.7217008938115101,0.8240484303161477
0.823123068532994,0.6766516490956072,0.6570707119728687,0.8242251702049675
0.797579372039993,0.6741213964924333,0.6629084503510849,0.7987330243609004
0.8026074022224167,0.7129829272610424,0.6995306857723461,0.7999417344501669
0.8381659388646289,0.7275984506870257,0.7107732254272852,0.8402366917259618
0.8477222769650572,0.7264661039917237,0.7291898582902842,0.845916687215401
0.8017779297375844,0.7025501778360452,0.7050821935742825,0.7949026176422326
0.8518611670020121,0.7909714033727173,0.7242139397906169,0.8569063940786497
0.8415557295745236,0.6894848324466709,0.667846001034317,0.8475920665715742
0.8356956211893262,0.7260054751427346,0.7096992146290312,0.8367836305005388
0.7720122769998081,0.6833874181801431,0.6704598449831196,0.7669715881542706
0.8492154950802234,0.74478244823363,0.7067955915188113,0.8500502353328102
0.7862577270565858,0.7066992755899333,0.6813633907285308,0.7817310605468873
0.8301408896628146,0.7170419343096428,0.6964591613509841,0.8334554995741636
0.8264150943396227,0.6815668148370588,0.6574850823448567,0.8303533965144884
0.8210583320439424,0.6901521121852026,0.6879352344388038,0.819517272773195
0.8003093315002577,0.6371036519068305,0.6205356523047459,0.8038839757580656
0.8490356716163168,0.7149738349619013,0.6929531072195054,0.8528656253714004
0.8435040950698571,0.7082676523679149,0.6951329507506203,0.8460874717298337
0.802039440418001,0.6711560576493396,0.657237138390262,0.8019537462544337
0.8170538018661901,0.68609461626399,0.6776991305464072,0.8154629097126154
0.8259801980198019,0.7070874719201563,0.6895639370985531,0.8237145707001778
0.8552985476062399,0.751873772782234,0.7192879841384354,0.8563376228129546
0.8194998187749184,0.6869350651592189,0.6719511999882546,0.8178686116167136
0.815568757644592,0.7173969604772003,0.674065787157126,0.8230034168212912
0.8377955493741307,0.7466108864074656,0.7190406552755553,0.840017480042342
0.8297926364790521,0.6820098916284694,0.68156452049834,0.8301326610405183
0.8513133208255159,0.6987578357379001,0.6842666233064499,0.8506026246550771
0.8153096626559386,0.7104185112678033,0.6975701526208495,0.814847870034076
0.8413758970551843,0.7143022592255678,0.691538471128986,0.8457577224487539
0.8346089850249584,0.7090216337764146,0.6773488155150769,0.8325748605146501
0.845322496973889,0.7294047301824798,0.6762867641157606,0.8464260079737167
0.8416569233338901,0.6981712616519093,0.6597816663208441,0.8479942433933955
0.8261758691206544,0.6879638956237821,0.699526281758919,0.8239355442725969
0.8407600470825627,0.6554969755240707,0.6368901308025015,0.8431435147358638
0.8142728684705305,0.6983175061387983,0.6671977224646776,0.8157938009756301
0.8402639667329597,0.7131471332528849,0.6959847843412197,0.8412454652407814
0.8460672470729511,0.7507750704793857,0.678219252048215,0.8526797021163499
0.8223655913978495,0.6973369332266854,0.6950351393782874,0.8178570038660602
0.8503631561571475,0.7308794613225199,0.7069423444273235,0.8496397248995363
0.8320913656244938,0.7045943940140404,0.693710592905135,0.8350073287664919
0.8055555555555556,0.6682894646152513,0.6629699178346058,0.8032052726437074
0.8349864080523106,0.7307735626468052,0.7028602798258872,0.8328348380077117
0.8438796680497925,0.7031777222650665,0.6935434770422344,0.8469032934401887
0.8377736744922184,0.67488956759853,0.6531741403172533,0.8404172805071632
0.8282113821138212,0.6994569939656159,0.6745302276215542,0.8312536080693133
0.8503992278669825,0.739026717460198,0.706420303826108,0.8546515802083151
0.8334228909188608,0.7180918583995417,0.6673595170391551,0.8420535832168223
0.8331182795698925,0.6859580401905383,0.6947197003689113,0.8309220981143851
0.8183710407239819,0.6567836791799896,0.6311287037956542,0.8150962721635486
0.847764705882353,0.719883735533231,0.7098815561230076,0.8462615846817871
0.8506794317479925,0.7096873984505585,0.6755861038515186,0.8518383832178578
0.8404468412942989,0.6864990689015235,0.6759914609544904,0.8424851226066364
0.8667222938633088,0.7471475200270766,0.7062793594175807,0.873802590006842
0.8384244372990354,0.6460583678806651,0.6293760452015036,0.8427985223298922
0.8201917954182205,0.7289622166280888,0.7096356088571132,0.8179176937006665
0.8082469896387566,0.6848346211483975,0.6604536842650732,0.7998295678848883
0.8203468591818106,0.7094549631018323,0.6974283690567327,0.8161801595811358
0.8447738747448705,0.7511338295103935,0.7158962199211845,0.8450913132232305
0.8365780872530908,0.7166504263152467,0.7009405378186896,0.8343496897121159
0.8383646713817492,0.7565773143758031,0.6932539275226564,0.846243193619373
0.8508675941847741,0.7358134082629328,0.7225240377423087,0.8486408224155593
0.8640906062624917,0.698762803771518,0.6534234289201608,0.8695110299461479
0.8371974522292993,0.7622789609657669,0.7039805004282549,0.8416601533655692
0.8489956331877729,0.7069562276977951,0.6822776117160506,0.8525679671185459
0.8252354362863572,0.7083420674607739,0.7003151274898513,0.8246783315841169
0.8407805655117483,0.6995469068810352,0.6442449006624571,0.8460735122601106
0.8343579834884947,0.7232404579578654,0.6891185506100477,0.8346352469294211
0.833744404859779,0.7225160214867077,0.6988881749539995,0.8337283677024682
0.8308519834790126,0.6977162697496401,0.6802103657464028,0.8315106051192798
0.8420604512558536,0.7493340591390447,0.7180932566798276,0.8435671995359643
0.8323424494649228,0.6787235040508928,0.6463074666796175,0.8377883161631293
0.8351068357878607,0.7218631350423651,0.7247811425556513,0.8323827964238685
0.8011149615790266,0.7132206786851366,0.6700606836174511,0.8057844116900582
0.8461538461538461,0.7424676671103668,0.7314807549812476,0.8448143284120457
0.8555869302137958,0.7390405863052686,0.7013022654690508,0.8570656687812312
0.8173102295716422,0.6958225458243334,0.7042698955498066,0.8144518710076807
0.8173987941429802,0.6937876694124585,0.6869701756008161,0.8125125849363929
0.8259905523956426,0.7155271506324086,0.7122594386978756,0.8230414705576015
0.803184188855339,0.692828269180582,0.6514699894119236,0.8069053598832424
0.8536764032597748,0.7129707763825088,0.6888251700920367,0.8558109568862702
0.8107590695893558,0.6916775581792882,0.6898809882809679,0.808344872739468
0.8690215965725278,0.7369702724670408,0.6943718948805673,0.872538910475031
0.8414152449785697,0.7067446714726016,0.6843060741593787,0.8436419072896107
0.8202608018684313,0.7012977667495304,0.7082617466896259,0.8185682071441425
0.8245804988662132,0.7578367755691462,0.7281087113663879,0.8279220058602533
0.8023113860177423,0.6816235030434563,0.6519342709219371,0.7912461427915468
0.81727454182544,0.7185875929087631,0.6925317034477461,0.8194540648999793
0.8132073790214775,0.7085024131854207,0.7107378830389683,0.8132367699519473
0.8366379310344828,0.7202823343741284,0.6971414071599096,0.8395848604415705
0.8270682255438804,0.6824104455811308,0.666167315273722,0.8287502039791085
0.875249807840123,0.8043747564163737,0.7291732018743318,0.8804800365244297
0.8218943033630748,0.713286066345937,0.6741962139546115,0.8266373405670318
0.8162133414374715,0.7020760696157139,0.6755753047541393,0.8189538273646804
0.8278174918365546,0.6966082238818807,0.6346273009210177,0.8325178517613522
0.8495245969408847,0.7293412500738172,0.6914491592007176,0.852175260287614
0.8354841620792347,0.7139157504739498,0.65485427928977,0.8421555828486811
0.8318351039680377,0.6524615342702089,0.6341359806175729,0.8374286570637435
0.8212466650497211,0.6576320971075436,0.6292271622049517,0.8245583802767372
0.8235555161089908,0.6777982869274424,0.6605185454980607,0.8313514146863409
0.8508410945058118,0.6940654137168878,0.6632532870128325,0.8556448576591039
0.8118535839553916,0.6994354961684606,0.6995761659743341,0.8109712536098215
0.8477338877338877,0.6724608566331044,0.6458983586509219,0.8537890750068444
0.8525756160643725,0.6884960308631694,0.6653495454988895,0.8520392384533932
0.8238667394866194,0.6989942748960936,0.668837715705211,0.8307846560980046
0.8559307795698925,0.7664221637780275,0.6882010682942099,0.8603465844165027
0.820627385274132,0.6937647976862089,0.669721976443822,0.8185976774142354
0.8198141297482631,0.685601894056478,0.663567330051871,0.8226692543147269
0.8224412010783676,0.7398136687854793,0.7076288407674789,0.8222478679375905
0.7981711837877914,0.7215356287900406,0.6961421770947718,0.7942322228609031
0.8212014134275618,0.6709338363258291,0.6632984949754398,0.8224415773099338
0.8529838771299764,0.7468145414133868,0.6899005270976968,0.8584649102766378
0.8706085319949812,0.6518062554763855,0.6326628062089947,0.872813037468378
0.8583978078658929,0.7240956726012157,0.6910728262744447,0.8635266294168719
0.8284023668639053,0.6708584421811399,0.6503634946856676,0.8309857668728434
0.8368223295759528,0.7502268146702387,0.7413539231391307,0.8320832570002081
0.7808207634617005,0.7321982966483421,0.6963053609621168,0.7790674449281396
0.7400780189959294,0.6931005521076575,0.6801373602994134,0.7329534186775609
0.8363544450061385,0.7201372416929268,0.7186573963303355,0.8327255927879107
0.8460907599781301,0.7142777017600266,0.7044050510815496,0.8434464313109946
0.8370108054117861,0.6979503899539974,0.6817293918328604,0.8378301259621384
0.8423298089408273,0.7002258148819528,0.6683179281226584,0.8427185803780809
0.8285230798157375,0.73642274636865,0.7163918514683398,0.8312477492694049
0.8340984974958264,0.7201246956260953,0.6430500076509458,0.842657493144768
0.8314102564102565,0.7068950434316605,0.6308661254640985,0.8358884138740167
0.8443132142035432,0.7040634407340922,0.6954676148389274,0.8429536310032307
0.8336521539521003,0.6717777849193357,0.6496597990978814,0.834679939511246
0.8355036084091623,0.6985744107687328,0.6722658446348964,0.8400469499450641
0.8502817511920243,0.713571557372966,0.6566733229647916,0.854939678428067
0.8349781172230327,0.6827828078270115,0.6280999525333957,0.845085619585714
0.8344773901351639,0.706170684654778,0.6959130222877625,0.8353736826915127
0.8152986607509655,0.6947386081547098,0.6947659726527904,0.8113173152982349
0.8121243219469286,0.7160396132588391,0.6851389993087671,0.8082163238318719
0.8062509966512518,0.7155218213754657,0.6977642525071381,0.8051247589404869
0.8086688894588356,0.6593256965125636,0.633199820437481,0.811675194561722
0.8235753995830438,0.731608937083707,0.7126163526727156,0.8248406318836505
0.7998483124762988,0.6578824946138238,0.6587154753651283,0.7979887877962313
0.822077815250473,0.6549267015731417,0.6386744088486834,0.8260830756402727
0.8401374800905357,0.7093239913103601,0.7129859777649681,0.8385246442079353
0.851065673193554,0.6952647045431639,0.6719667918576269,0.8563000982956231
0.7878899760014768,0.6987766887285367,0.6899093067626996,0.7911743897684623
0.8378973320419125,0.7141439906786942,0.694161863235336,0.8375253671604311
0.8505988285689309,0.7343083240134347,0.7105908968926828,0.8536005221875167
0.8434674832312627,0.760029959856531,0.714983590165523,0.8427765351199632
0.8343720491029273,0.7255545922321467,0.6767866968178475,0.8386027453682345
0.8259543315321597,0.7187993722144096,0.6627033797310358,0.8308247253587064
0.82221269296741,0.707347065910964,0.7035038324988749,0.8199859962334548
0.842159032862251,0.7098089768472858,0.6915982003323485,0.8443143955607281
0.827945498263425,0.6940966131737727,0.648782078873326,0.8263647090758547
0.8097213989330172,0.6831441822184003,0.6710208533605427,0.8095850460662065
0.8541364996621296,0.7746306842860319,0.7583524434528868,0.8548460247493114
0.8418055784782967,0.7332588892333745,0.6947372498637031,0.8405655553531621
0.820831084727469,0.6630677169054675,0.6528562286029568,0.8235933386470484
0.8168241115609537,0.7282341003188837,0.7091460093259087,0.8188849901347615
0.8448901797059357,0.7255655696791765,0.7089463423366861,0.8486175873345194
0.8104805110637904,0.681111304316182,0.6547800867778195,0.8169852122681779
0.8287392679620424,0.7160279216407378,0.6873060926938792,0.8320999025864527
0.8084179970972424,0.7198145455399265,0.7015698794136266,0.8057984921603172
0.8519157435990558,0.7202922227749045,0.6590158078819259,0.8599907380200765
0.8259179622891167,0.7022021163680733,0.6899023649508532,0.8255969347688467
0.7983896431954531,0.7024638575794941,0.6529631301134744,0.7976388506775718
0.8098005340034553,0.7010204347800117,0.6839888908786413,0.8048850596786383
0.8459841129744042,0.7381582067849352,0.7205247522129906,0.8480174663330362
0.8505278909302519,0.7561294747809737,0.7146721349488883,0.8537345100551519
0.8202328966521106,0.6895058309765703,0.6702797379263815,0.8164024649624023
0.8727709190672154,0.7196750320032548,0.6785047396427668,0.8751055124625337
0.8233817464586696,0.6967711337681816,0.6970898520450655,0.8209327152636111
0.8374393094767129,0.7158545196269284,0.6795662255431719,0.8443798401146584
0.8450003711676936,0.7139660773006076,0.7063613608339987,0.8461032921942517
0.8365884861407249,0.6966382624507084,0.700863601987057,0.8323807064338594
0.8220660243247512,0.6939066626130668,0.6937565126334225,0.8189645121645662
0.8136080498322952,0.6931502054359558,0.676882276527505,0.817803219258967
0.8113611007809595,0.6596663277413815,0.6730786286433466,0.8074480091583299
0.7824130879345603,0.6612042999184369,0.667691207567763,0.7762857029294803
0.8214395334561081,0.646582672549904,0.6337241798591089,0.8217102345164327
0.8404598461665702,0.7154666361663917,0.6758775880908496,0.8437838289292924
0.8133323357773455,0.6930636919168619,0.6881875978499511,0.8109505001985078
0.8026645768025078,0.6756376427035112,0.6512990047827774,0.8032580377243326
0.8013927310884289,0.7065759947273562,0.7014328845748858,0.7977885100304475
0.8179299924452279,0.6852685775307155,0.679737789198551,0.8203403387655217
0.8111248837929966,0.651311836961068,0.653593519238447,0.8078827491242943
0.8242861625352996,0.6983360315586573,0.6843123439437452,0.8223616814119815
0.8119494112516354,0.6537525710632546,0.6490370794851663,0.8105066469761181
0.8208901651112707,0.6591732176420638,0.6366682779224945,0.824543173667406
0.8498558616271621,0.7472632084910854,0.7371549488642672,0.8482860152910074
0.8140499677330137,0.6944129621714913,0.6919454546355993,0.8147228938553159
0.8034657650042265,0.6401247187618885,0.63353482438664,0.8041783058468343
0.824861600402617,0.6985243993207308,0.6883167671417276,0.8194019105854055
0.8122539791203149,0.7153272496207732,0.6853152380382643,0.8115282938866561
0.813450820906763,0.6894693300470643,0.6726049117840769,0.811393073565477
0.8146937370956642,0.6762223665549485,0.6733405585523322,0.8134564584531787
0.8514536644457904,0.7134247693764737,0.6829733082802953,0.85580472054738
0.842144452717796,0.686582793942186,0.6954794906924893,0.8411473392978255
0.8408279146441981,0.7463363089837979,0.714707276727317,0.8448252793848781
0.8061353266673138,0.7027145014224601,0.6844559934235919,0.8049434897364505
0.8336103974610851,0.7009180044535803,0.6762786119753521,0.8337783738673056
0.8280162905141694,0.7122629954401215,0.695119947214219,0.8313595636677092
0.8530740680974666,0.6746066318285739,0.6615430780155529,0.853137310425149
0.8388446057927551,0.7182332186834879,0.7036024932154274,0.8360230634275205
0.8846015921968012,0.723787584213732,0.6900134014947783,0.8879318283179755
0.8188855806039983,0.6766997102784028,0.6672066791794018,0.8148843489827962
0.8550968084165856,0.692754759990946,0.6591675996694712,0.859616890868069
0.841319285387082,0.6903860961135102,0.65867857613191,0.8444284759196667
0.8680720245937638,0.7044399060185809,0.6763125963928878,0.871654069276116
0.8335751859241792,0.711729696917756,0.6817428922247246,0.8383463892067137
0.8427316001464665,0.7364112948954598,0.7168817372660955,0.8445769326463631
0.8083712756609953,0.7216574055710882,0.664828927361858,0.8080994956785159
0.8199849595788682,0.6508484747872734,0.6394255770044721,0.8159728460263809
0.8281547241597971,0.735262969439774,0.7220471133319266,0.8261503054167159
0.8531146481376747,0.708851856267959,0.6939443577734103,0.8556021312756568
0.7998687664041995,0.6844834997156617,0.6888844041786095,0.7953533172712216
0.8172336485037528,0.6830548441301748,0.6507311658921269,0.8197911927323845
0.8211348400027645,0.7368441100040296,0.690673849425334,0.8149669847018248
0.8439891384843249,0.7578583545623774,0.6907460933025816,0.8445937714696936
0.8308036825080866,0.6942973357860782,0.6884437227973335,0.830280788993595
0.8659632346879894,0.7717675120942955,0.7145107349416039,0.8706244642459706
0.8395998063579151,0.7274979368204554,0.7335841239552545,0.8363745346291757
0.8307870818023593,0.7182886586319883,0.700888802427012,0.8336601154723993
0.8242746219861055,0.7306124463555754,0.6563314388066321,0.8281357062933836
0.8595201551013814,0.7231839717683761,0.6770834663807586,0.8641936512477121
0.8139381503737358,0.7053996082092152,0.6700383422237566,0.8118769742618315
0.8450195384501954,0.7257705027517396,0.7062366358174084,0.8435673685269606
0.8370712976699537,0.7271216817107342,0.7034857933208684,0.8400741636515335
0.8028144694811361,0.6767487904679972,0.67070437642139,0.7999757679763232
0.8298636037329504,0.7585528544012001,0.6679131354325987,0.8296242631223938
0.824346475713916,0.7215518822153348,0.6971782412886791,0.8186424171605258
0.7969314961399394,0.6762410505534416,0.6697503246184087,0.793720707924087
0.848489691545469,0.7474051951954761,0.716321646326715,0.8528911313018662
0.8309282189740248,0.690122787389122,0.6651148249002145,0.831083130414607
0.8083485679463741,0.6951877647207036,0.6815519101447952,0.8076291067545934
0.8284854563691073,0.6923213229767391,0.6643874713222564,0.8312954665889504
0.824545102593883,0.6894803813247481,0.6438546969846491,0.8226910442602899
0.8570042057586541,0.7003438158298988,0.66663249044482,0.8655739540765623
0.85326278659612,0.6862109886684354,0.6443736359244567,0.8552745923855712
0.8092533978774902,0.6615999776237549,0.6519616407362978,0.8115500528064302
0.8316141874773797,0.7577736363494413,0.6947553832778341,0.8346066455298202
0.8057821922667613,0.6997100030495801,0.6998118096851638,0.8048940023320748
0.8132504828281132,0.723446405727671,0.7064921027778048,0.8113863253825295
0.8317329332333083,0.6658687342503143,0.6356834533668234,0.8341483913059657
0.8016289008950891,0.6753478405526563,0.6719554284984226,0.8030734389986619
0.8461285008237233,0.7640273968324033,0.712922670438705,0.8512854903015553
0.8393567773897507,0.7581794234872277,0.6833310762319849,0.8446312501090403
0.8602674086096298,0.709963507566642,0.6704610006797638,0.8648905072047689
0.8330502076255191,0.7348212607523642,0.7073149608273033,0.8328720508183032
0.8472891335933318,0.7093094601453473,0.6968974415205706,0.8501345900265653
0.8015961691939345,0.6557616958805704,0.6395389184187767,0.7990643951010248
0.7865049571662335,0.6944207165808789,0.6755290299506478,0.7887678266090157
0.7905703422053232,0.6510389002421324,0.6384305200138811,0.7807441105452947
0.8284242164018892,0.7620898219656838,0.6998537625805992,0.8269797781835334
0.8240871046589141,0.7086185695447949,0.7074403096650874,0.8232000465502821
0.832954330111806,0.7169993173681264,0.7227628626929063,0.8305446032984994
0.8621781856574352,0.6668864000718558,0.6643060666835564,0.8630660521264976
0.8148468865622294,0.6780052881891538,0.6787450671926298,0.8101351002349109
0.8230234866027125,0.6998123116365976,0.6890755783050572,0.8235495446712507
0.8193673229008918,0.7284084580617922,0.726460609823308,0.8164482805345863
0.8077685652487383,0.6660905981286618,0.6484319477393545,0.8127669683866955
0.8284378652123101,0.6904663349790996,0.696333726195709,0.8241900195110244
0.8511667178385017,0.6978051732150063,0.6757865764056036,0.8544302658667001
0.8235246498826196,0.6736737540834741,0.6393262635523707,0.831349160080451
0.8276806802078412,0.7109267012702825,0.7145944722609004,0.8290468486658824
0.832281262485018,0.6725656809425273,0.6707343152525986,0.8334152497460784
0.8403258655804481,0.7416819639628822,0.6803386146563151,0.8376585946399391
0.8472877926582523,0.6600056843781024,0.6595909276931181,0.8500074497862802
0.8358141632837167,0.7616056933036599,0.7171397538254235,0.8391991170338146
0.8139750115687182,0.7182988069097747,0.6913313969041399,0.812180966687705
0.8364219529579473,0.7248923971600931,0.688562291247,0.8406247242702032
0.8188207062050051,0.659973244767654,0.6553129781110987,0.8181731793024714
0.8257610384861505,0.694434224766462,0.7030142354106218,0.8238156369619419
0.8109272495838638,0.6951266749622185,0.6784751846015799,0.8161861017699311
0.7937516317117744,0.6978394274668962,0.6897766342331544,0.787764668282503
0.8408073509777743,0.6736766940617971,0.6580602158558699,0.8403058653310107
0.822913918930801,0.7288258109994417,0.704447669909816,0.8226459936724436
0.8342470447147508,0.7245644123624431,0.7135520940613029,0.8348815012183219
0.8243443839683325,0.7144826427538179,0.6630830871556255,0.8298861027521653
0.8095624718087505,0.661933856033543,0.6624816721217177,0.8098666913423495
0.8574579752034684,0.7078484441853679,0.676329371138392,0.8625595010227185
0.828094048746878,0.6952015705518451,0.6392363286947058,0.8272812704291089
0.8157464880757922,0.6990785341156494,0.6797596550922608,0.8207494432025396
0.8201895413775596,0.6725068525071929,0.6578658153730192,0.8195648886516903
0.8117932148626817,0.7203781219678955,0.7054938852829937,0.8111397738813066
0.8167859984089101,0.6819789700546185,0.6802984954064851,0.8123670126600253
0.8306231943871234,0.6933326016422856,0.6872485259989591,0.8307209275260753
0.8339486356340289,0.7216184818181564,0.6895137415147597,0.8344252639428597
0.8435516052965717,0.7605792667704239,0.6766269119604664,0.8483273443883586
0.8054519844229017,0.7300095973605136,0.7062291135920852,0.8062764174390571
0.8365931721194879,0.7267225256612018,0.6998657726369895,0.839646687885389
0.8252293125554788,0.7210460675900621,0.7240962829158915,0.8233822070112012
0.8359796888853067,0.6676780499904927,0.6641903105666573,0.8344000031793741
0.8290417509656061,0.6891666467566171,0.6930678299619657,0.8267551878780328
0.8342680170754164,0.6907904436112573,0.688235287983215,0.8330341788754138
0.8544898918664786,0.7356382242453905,0.6876351717844791,0.8601160144107723
0.8446276732800825,0.7510355092034102,0.7127419693295974,0.8486508485924672
0.858808618504436,0.7225552612940344,0.7092434580790442,0.8586966628827182
0.8056448731689889,0.6912466521483409,0.6875343651637935,0.8069787998127347
0.835818214478175,0.6951713757813411,0.6715961040210955,0.8355378883715439
0.8541350984927027,0.7215243605047266,0.6808844684920399,0.8594840261846859
0.8472117400419287,0.7247517524415537,0.7316763020055734,0.8464492316895477
0.8269309525759686,0.6916099433642169,0.685236223565585,0.828564671764595
0.8433920883762489,0.6920746241282149,0.6562265444431168,0.8479797111237765
0.8166239002932552,0.7107771129006951,0.7042137788829956,0.8135487231065331
0.8243928959768032,0.7226528748943735,0.684161553352882,0.8208897371973426
0.8099329078710522,0.6653006131025793,0.666348568058871,0.806141737544792
0.8330985915492958,0.6972400511224321,0.6869757761387991,0.834059012444863
0.8041550139832201,0.6978586029338631,0.6776331781934815,0.8005822003456816
0.810009196811772,0.6764340990402941,0.6471602730569652,0.8123125219357514
0.8469594594594595,0.7593690290460944,0.7142425037010476,0.8482904407457265
0.8332149901380671,0.7283875261274684,0.6875819954704597,0.8352919812347696
0.8331928587847675,0.6777585668907251,0.6660585427300318,0.8350922337114247
0.8393603342976534,0.6720311088545405,0.6831267624599637,0.8388153686910758
0.8364061066155001,0.7133757673232353,0.6811206759178784,0.8427071533469661
0.7988228999464955,0.74825611289279,0.6422629353549051,0.8018422296629737
0.8319246558802221,0.7087991121594975,0.6680463632672191,0.8370520501605537
0.8257088846880908,0.7683740237003587,0.7198575867409984,0.8312572764770125
0.8317867253853413,0.675039840956116,0.6719475827363328,0.8315192924363064
0.8251716247139588,0.7318214894462138,0.7043884001896753,0.8241843972299912
0.8180914512922465,0.6894559844845205,0.6828204755891122,0.816162734444286
0.83224043715847,0.7125772689777621,0.6971712589051344,0.8330305918919451
0.8473550311430827,0.6658378365859089,0.6631502495399854,0.8481622063493055
0.8299615448921585,0.727713932671173,0.7025792217709155,0.8310891302592928
0.8505853357979051,0.7265327900227952,0.7028676544940015,0.8510045667856857
0.8355716557695706,0.7141040530346565,0.6751451094163892,0.8366285254207604
0.8448057097541634,0.7096388868008341,0.7067083865382002,0.8455869426471053
0.845945945945946,0.723259135063416,0.6859605589526151,0.846857405771472
0.805126434797618,0.6926365690837957,0.687142438036092,0.8002941418678571
0.8076651982378855,0.6859002766180011,0.6809636137030107,0.8051288898983232
0.813972135912599,0.6751538380794004,0.650363553795205,0.8210625462132853
0.8125115676476032,0.6959865348108273,0.6858110755549072,0.8107798586927673
0.8225192264615844,0.6966211537801551,0.6774295508493007,0.8243529071097407
0.8427178357974205,0.7322719238810762,0.7022049066315919,0.8439109549356342
0.8486300218524122,0.7533494669715564,0.7234436034782186,0.8528238735168616
0.8271276595744681,0.7113651488866083,0.7117745351490032,0.8270787383810838
0.8297476017509546,0.6530458174786447,0.6366256491880966,0.8338052584784312
0.834921906287545,0.7604742221133982,0.710890800509581,0.837924040205788
0.8633870111484693,0.7575985682208879,0.7041574328427828,0.8684095473678418
0.822713942948547,0.6913000818694446,0.6994688204733042,0.8220131295589045
0.8479222694543246,0.6910383505701776,0.6616159678513703,0.8549875061203612
0.8218016783695838,0.6521881332560031,0.6502694376492181,0.8222404575013694
0.8439012180877691,0.7130817101816578,0.7183074342880598,0.8434687233164623
0.8148148148148148,0.7028392084588572,0.6863588582554132,0.816783267169883
0.8265281852057401,0.7141323307950475,0.6978361255347558,0.8293969864176215
0.8362691776929946,0.7386733397246773,0.7138432284292943,0.8364832297003314
0.8081091930951425,0.7178239268691213,0.7042130358726274,0.8056790735712096
0.8253784432128382,0.6922327876675989,0.685843462437812,0.828520371225475
0.8551307847082495,0.7522618960976246,0.7247563768169671,0.858375235158095
0.8023013424497624,0.7100748110229944,0.69326011522281,0.7982635329698481
0.8517126505509525,0.7709996642739685,0.6864441710920303,0.8558461903851443
0.8299923634975181,0.7191182376488356,0.6917694061551538,0.8263022271547553
0.8118038237738986,0.7037978832097929,0.6910072292639351,0.8128092893504739
0.8457968024755028,0.7619393160124063,0.7039757442232768,0.8490734523190542
0.828048663665102,0.7276298320459944,0.6959034758358423,0.8328032384463672
0.8613846034576323,0.7327840051466891,0.6815069680831551,0.8663046754522439
0.8415036625613781,0.7149411334919089,0.6975325680714461,0.8417699220915599
0.8727102658040378,0.7624778499888714,0.7025353166084982,0.8765970409143827
0.8224397063963649,0.7006144057761396,0.693970004286158,0.8218536142807478
0.8423584045111535,0.7284537143270031,0.708015417869862,0.8414490708180449
0.8320044209362911,0.7257547935321544,0.6886606777432338,0.8302707390711535
0.8283921425973081,0.7161601865312074,0.7123257416012512,0.8271050712111753
0.8319394312879654,0.7434183045403244,0.732044704779339,0.8328279515183795
0.8106564285045417,0.6800826790098766,0.6832659609166816,0.8086960647656246
0.8045379537953795,0.669705395398863,0.6630062730722927,0.8013367292306397
0.8337201089698315,0.7098049859744309,0.6625440194324519,0.8394908358599344
0.8303020049065223,0.7423273187881655,0.6864215766962583,0.8337031203098239
0.8392239023501549,0.7043366814931059,0.6913806683375545,0.8395481229274087
0.8542370155973629,0.6945347297031461,0.679923207524564,0.8590527765998237
0.8661596958174905,0.6982270761453253,0.6914990878823633,0.8682773162117804
0.8042785988405323,0.6946858813166396,0.6901148459666868,0.8007399591023064
0.8332881539712659,0.7376377007605142,0.6476316348534625,0.8391366403702198
0.8601969733365361,0.705553825693824,0.6811233603989746,0.8620948779726799
0.8076888690210103,0.6937136262378945,0.6685812801845423,0.8103697696305585
0.8438892425206874,0.7335000362887982,0.7270641007567967,0.8409835774011131
0.8156718380226137,0.6664703057501533,0.6613532305621422,0.8169540350493772
0.8345486547648981,0.7186969317240317,0.6866597452860306,0.8385418697470088
0.8497245075100007,0.7056192173385025,0.6372356706690979,0.8539720082705865
0.8150988726667898,0.6980618490978918,0.6900345633734395,0.8162341330569748
0.8472536422043254,0.7352478105068458,0.7222844910875752,0.8456359220674896
0.8672508925673482,0.6963310719922807,0.6860373792775378,0.8688817726265177
0.8494215473608099,0.7131011681196854,0.6725036756651679,0.8537020146487035
0.8212683092032851,0.6764603200975041,0.653586872730972,0.8271713575488542
0.848477325388944,0.735951086425686,0.6997309239862665,0.8504665620866495
0.8299115196288979,0.6864778770251776,0.6687417066580503,0.833183490147525
0.8323563892145369,0.7201510413919854,0.7050550986920368,0.8284497983769343
0.8371548117154811,0.7249483270400138,0.7118882154252204,0.8340468244216188
0.8081511800052251,0.7257907098648047,0.6828677188658738,0.807152818297471
0.861784267257855,0.7346281307946421,0.7227995312506899,0.8625752960905331
0.8306918882072256,0.6584916058188475,0.6446181819770368,0.8327679640142984
0.8072895851650548,0.7015600621854933,0.6825553920070737,0.808896407120641
0.8291831156999696,0.6791983277946105,0.6643271766312611,0.8282729648878041
0.8151729887453105,0.7135094635927284,0.671026122949145,0.8133338594891225
0.8044436448682198,0.6439083231324502,0.6351032952787217,0.8081956402406104
0.8535786959214368,0.669024532931106,0.6606934037636015,0.8602582520389299
0.8482320809035211,0.7104351850173172,0.691359618462061,0.8483898734189336
0.8545440934271598,0.6773549968174546,0.6788958291446975,0.8545397125144837
0.8527138749101366,0.7670070194768894,0.7297232477426323,0.8563769729211361
0.8059865852437681,0.7017087055972246,0.6922503355738472,0.8079941440277911
0.8448771145866582,0.7041870761440749,0.6596932810721189,0.8490063547786773
0.8484997195737521,0.7018304437708643,0.6888642660277253,0.8481938431689013
0.8190138214419126,0.6815022617700015,0.6682737875346876,0.8227102242359668
0.8073178919100369,0.7231837448256722,0.6796210479519269,0.7982222813257185
0.8270590314598798,0.6763653604098379,0.6541401232873998,0.8310093729202515
0.836402198014075,0.727197812131746,0.6811997471299508,0.8397820619772046
0.8428704251542558,0.7795017481493951,0.7216178989922006,0.8463569659534873
0.8153007326631453,0.7422113598359021,0.706981794487145,0.8118437894399264
0.8395285584768812,0.7135094475770603,0.7187426601296892,0.836299555602858
0.8473741794310722,0.6710523137298475,0.628556208476041,0.8514934761397028
0.8408051235132662,0.6928956298910953,0.6883533507784007,0.8412755685082085
0.8290229885057471,0.7036899338551348,0.6864495786925248,0.8315883812894925
0.8225259189443921,0.6958803681470895,0.6700552300248862,0.8240788040328746
0.8377673008924061,0.7100877524202671,0.7039696185740755,0.8364397705499703
0.8299162345432788,0.6917550906135093,0.659649812560811,0.8346226220802002
0.8546099290780141,0.719964620440694,0.6540808214503201,0.8599594254827241
0.8293817253328469,0.7139311059444797,0.6973861958788821,0.832780916944819
0.841945749355963,0.7248799308173857,0.7112438624497059,0.8441229474537383
0.8198465963566635,0.7383800134526531,0.7256432110669948,0.8216510025288902
0.8235589475798353,0.7006447996533877,0.6938432976184938,0.8208828928064881
0.8277957860615883,0.6830504332898404,0.6640567590619177,0.8354061299646238
0.8375399928901529,0.6978523406026307,0.6720282029893418,0.8409872179907291
0.844685553546313,0.7087268079343538,0.6814415172827035,0.8479474082763077
0.8349635278514589,0.7150573746905635,0.6884995155306733,0.8390514074152777
0.852008281573499,0.7625151253398511,0.7001981239627197,0.8553278886020995
0.8336385037928329,0.6976696405288141,0.6876787186057318,0.8396454601627071
0.8376343242607264,0.7034733122799688,0.6907175272139217,0.8397554085460304
0.8337649724830042,0.7327224388504898,0.72301015525117,0.8330727707620748
0.8414352840666381,0.7070887860189251,0.6751519131798174,0.8494054965552928
0.833064949006978,0.6760635048353852,0.6832478842848447,0.8322035823540179
0.8524629363940698,0.6973066359297703,0.6679691644374149,0.8570799975781345
0.8233050112710248,0.6974828698247675,0.6776871672768551,0.8258676604754749
0.8548579613272858,0.6768499913470588,0.675606572902156,0.8621889220441082
0.8251461064602749,0.6608497687964769,0.6551068071814632,0.8257222306701929
0.8449349179400113,0.7462021005058078,0.7130445536402585,0.848203857734754
0.8269731943410276,0.7186539362638169,0.6910839396328059,0.8276766506830107
0.8371512612532311,0.7354985742793699,0.7122389828521881,0.8349042984705196
0.8547717842323651,0.7419791247062524,0.7147368120195565,0.8573133951133437
0.7997110808973488,0.6771494130478246,0.6417290603842578,0.7946390026320325
0.829542209955268,0.6567640283923293,0.6571284267045857,0.8306950139536572
0.8438299628559637,0.6957605037344855,0.6832743860286632,0.8477436070612951
0.8347795904199931,0.7424423757979692,0.6814087852542173,0.8396045959250695
0.844807878308274,0.7143050963026336,0.6914139568200606,0.8498975501795273
0.827150428047289,0.6489938231930632,0.6490147236229072,0.8251653294482358
0.8215456674473068,0.6811127296946357,0.6758370870384023,0.8212271183145069
0.8321299638989169,0.7241590509817726,0.7019670227250192,0.8321358764073052
0.8440912010276173,0.6676189686146842,0.6589736280507639,0.8434484269944814
0.7995208433157642,0.7193222655256734,0.6888543840405754,0.801033617878533
0.8473339291033661,0.7280780674028756,0.7126987286718441,0.844118085674344
0.8350369816338403,0.6919442067320212,0.6709523226784523,0.8370737719881975
0.8216313887454827,0.7267398577565503,0.7113265500546861,0.8215123479731232
0.8404551788202508,0.696567157361069,0.6844960655558396,0.8399997214729541
0.8183598967144511,0.7166710816959778,0.7082492308146862,0.8188394343275066
0.8345159255755282,0.730419737227564,0.6848715573109923,0.8406080489863469
0.8138210680700544,0.7109090931619735,0.7068756446551023,0.8124038429786131
0.8534318901795143,0.6953469840580441,0.6657885911025356,0.8589713614998462
0.830706207142221,0.7071923418999129,0.6698506989868878,0.8365970322996872
0.8298562412342216,0.7235854268634224,0.6895630321509135,0.83342375471917
0.8498026898606749,0.7292651889519829,0.7146941852202192,0.8514619183217463
0.8351536703073407,0.7235878546432415,0.7238656930053622,0.8332276095811195
0.8491776315789473,0.7106001612529066,0.6778187396789925,0.8486380038777686
0.8344863823452141,0.7098062212250708,0.6209778511072102,0.8350779274285239
0.8324392288348701,0.6873709628493772,0.6584235604755694,0.8325912628356844
0.8377444203041675,0.734465854729504,0.70298256656221,0.843965221201182
0.8308572404371585,0.7157899757850059,0.6370792130085852,0.8377894013666485
0.8266835016835017,0.6595625894900028,0.640473057172988,0.8299817894874885
0.8147379814196807,0.7068082788615908,0.6595736393034597,0.8152338272014281
0.8289185085203307,0.6549168090666572,0.6426606185630416,0.8330752066443075
0.8556662975267626,0.7199845461985146,0.6543562613595186,0.8594185008594246
0.82017222425797,0.6623682077902528,0.6502438336642281,0.8231434158367869
0.8319577112120932,0.7423095653311663,0.6964202360798273,0.8343316212959062
0.8264477401129944,0.7433348924403247,0.7090512058127437,0.8275099448967685
0.8537293619845682,0.7044361719794148,0.6881898926337424,0.8552996948322175
0.8172523961661342,0.6824351024262767,0.6816515862711063,0.8158412771011235
0.801540719002201,0.661552486953439,0.644118584227439,0.8062203309718952
0.8261173795154377,0.7017545388735784,0.6895222217793108,0.8266800873692737
0.8248907590224955,0.7243965909543175,0.7093260790931764,0.8212234554207793
0.8166903745851114,0.6843617269991531,0.6727596064454647,0.8192488473532615
0.843404255319149,0.6955196187423005,0.6575228414804886,0.8494250042265286
0.8468951646694042,0.7097259775221352,0.6889362281373809,0.8502560300958906
0.8261991634777965,0.6960164378044136,0.6199934606314297,0.8325935438041479
0.8359392703376388,0.7848121638516348,0.7271935891808473,0.8395628398115432
0.8307050564655611,0.7419464984317526,0.7052563738412483,0.8323098915572906
0.8396805380411938,0.6446915817488587,0.6330130493851653,0.8413258227703838
0.8180013236267373,0.7071077437161111,0.6890947900949,0.8204927633478312
0.862912064750021,0.7256892932516541,0.7206815346134641,0.8635062264619102
0.835746827204686,0.6669261527507658,0.6372953060341693,0.8451895550460107
0.8120032885722116,0.7149159997613961,0.695605821714638,0.806355195714255
0.8411648418491484,0.7325183534740698,0.6797325114777009,0.8433994908947803
0.8490987124463519,0.7368985790738929,0.6919256970205776,0.8512731064594232
0.8223759082552744,0.6809974391885438,0.6591635236061104,0.8252073822186353
0.8179406800096455,0.7119331041856671,0.6831000933204042,0.8160985380898126
0.8302718589272594,0.7170207994386368,0.701033580808331,0.8313299320657404
0.8259540570581697,0.7427482086689985,0.6788927202500947,0.8305764463895705
0.8244793880152996,0.7135023376222543,0.6850278461322932,0.8257873638467362
0.8199545626656569,0.6785865610050796,0.6582378917755634,0.8257633532062746
0.8133937914196023,0.7098361018870815,0.7088587348983412,0.8089789440717475
0.8289316621903909,0.7008290471127057,0.7025336289656912,0.8250969718244748
0.8470565033034217,0.677573810104557,0.6640854944532759,0.8488246494957724
0.7946927374301676,0.6892283349883985,0.6689281574201298,0.7954867956189703
0.783621945298592,0.7253265600122695,0.6664230153183202,0.7823061390966441
0.8717795979151154,0.7187626444533264,0.6796497112206366,0.8780895251458435
0.8064741907261592,0.6759944714991235,0.6607825310754449,0.803635208733272
0.8381133952254642,0.7252952070537895,0.7153711298107988,0.8391219701028634
0.7977620838301385,0.6978237671093862,0.6909700491236098,0.7931507406514088
0.8425993364085134,0.7204193149823491,0.7168261260755887,0.8403157517984502
0.8119425406065158,0.7339902684603895,0.7054978721466433,0.8108990571382131
0.8208766151507474,0.7496455560328292,0.7299547575830188,0.8179632655250849
0.8505471683041776,0.6948424850996293,0.6700081712547982,0.8547836347323733
0.8279534384545529,0.6946315185691481,0.6757951960647198,0.8288428114793374
0.8653898956617243,0.7463458246977939,0.7301298056328509,0.8643722057417966
0.8245886370692331,0.706651747215402,0.703475484059465,0.8247206993848076
0.8210479175996417,0.7292486930061114,0.6872041008958569,0.8223707362487418
0.80326970499589,0.7184106317809137,0.7058195244604559,0.7989946751602753
0.8112059427848901,0.6759491931949828,0.6812043459561845,0.8061013304286968
0.8032361166600079,0.7055436086356219,0.6863201410227056,0.8055247002016226
0.8131790823106386,0.6981220228461367,0.6914156454331397,0.8086409994983451
0.831399845320959,0.7322753001767948,0.7152472029686945,0.8282850831799852
0.8254995242626071,0.7448360178079656,0.6871122477026056,0.8327288950211977
0.8324249572927682,0.7111622584130532,0.7004108940134905,0.8339109212161915
0.8421013357212148,0.7071220812299679,0.6930647576721896,0.8435748554287751
0.8376075806311397,0.6865826598042432,0.631180495452456,0.8416567320459997
0.8217596641595242,0.7034511208817893,0.7012388944672882,0.8200365743339518
0.8394370973211258,0.7187091428833778,0.6887604169586916,0.8431432716437562
0.814321542852201,0.712538108323151,0.686970222291797,0.8177377002939397
0.8282531733010966,0.7123531784577304,0.7055498691174213,0.8278347207970753
0.8167918923641447,0.709908582871871,0.6807591217549034,0.8157672255764833
0.8114051094890511,0.6900766579907187,0.6554108250462964,0.8135412021492694
0.8273638968481375,0.6844622692984441,0.6767511031166975,0.8278748579268699
0.8557955582598114,0.70656871964064,0.7101991184343819,0.8554284566237662
0.8191504783995361,0.6908975296395463,0.6827753195911903,0.8168264077531564
0.8190167949615116,0.7147039300939583,0.7117228035597931,0.8177685081048631
0.7828560219693997,0.6677252074459425,0.6639902607417436,0.7760637047404391
0.7845885800269264,0.6547848274699292,0.6560074867154347,0.7788799562538417
0.8330195629041499,0.7023658980118666,0.6922012132677269,0.8344912227766407
0.7942145082331998,0.7048654271573571,0.6665830028512698,0.7957419380354126
0.7527916827108202,0.695352037883318,0.6411599365793598,0.7510494452023588
0.7988389905667983,0.6680353750235821,0.6703357174957887,0.7950688734650759
0.8444634703196348,0.7005655215748847,0.6770777498545235,0.8453237299054555
0.8242413129183094,0.6737731729563355,0.6836977763471571,0.8200775472680305
0.8159561395216939,0.6792617043379241,0.6419044965529426,0.8178074242184218
0.8201093815734118,0.6923902735365155,0.684294327542632,0.8201946945740484
0.8210932701588137,0.7023229885181808,0.6996275863303563,0.8166117531153869
0.8327793403221683,0.7230380013736009,0.7208672787189715,0.8327978310029588
0.8199457042478442,0.7349367505110386,0.6483069874892765,0.8256818945698942
0.7765028930077473,0.65746872039812,0.6610381740727372,0.7733993362105488
0.8226780323210797,0.6573416403710638,0.6330691331720695,0.8264570776086411
0.8244267835936786,0.7126324780305919,0.7015627891848113,0.8228234752409865
0.8324830720712364,0.7120517295461121,0.7031946082397961,0.8331590229156617
0.832337531023072,0.7139273273386728,0.6770898318287206,0.8354228805842426
0.837158381315384,0.6919603546228696,0.654513022920554,0.8435529861476523
0.8293930595879995,0.6868255038750655,0.6450263848874662,0.8307768347028786
0.8315676212547591,0.694213519043054,0.6946403135250728,0.8293338675558662
0.8505209615226844,0.7028032018882133,0.688889036961898,0.8541251274451546
0.833145751266179,0.7278163556889348,0.681054932381761,0.832671983540291
0.8219890592771949,0.6858867384525205,0.6678516776919399,0.8253272045693603
0.7868063639891346,0.7183579956978148,0.6720019419753933,0.7876209048731116
0.8226600985221675,0.6834763777927377,0.6765361442808551,0.8237170914172581
0.8412491420727523,0.7267216482255953,0.7218826421886056,0.8402437719993959
0.8255729208842821,0.7220444285972433,0.711732362575662,0.8211203053640777
0.8170430486944248,0.7498148342775369,0.7091996581009489,0.8172814547752401
0.8376658231730696,0.7346289480144157,0.711933823134869,0.8390251562759697
0.8055377720870679,0.6856122246323881,0.6862106466116632,0.8010218704619744
0.8401780465272529,0.7127143246846628,0.6778303717153149,0.8422768442926917
0.8364928909952607,0.7193118410337869,0.6845577027665488,0.8430092262018926
0.8233256351039261,0.6982189567880284,0.690493122327607,0.8253390438899229
0.8344434636064522,0.6833470845880452,0.6804117687693327,0.8320374963005664
0.8211368131395649,0.7377227875666018,0.6704528367095699,0.8256244531338669
0.8362578255885724,0.7131507159862793,0.6908266160201313,0.8379863752862561
0.8624815257935111,0.7894531707977431,0.7352229450357286,0.8651810723937744
0.8210626844938357,0.7275421301049805,0.6777019170261381,0.8292614093807876
0.8644125976143482,0.7010151059803069,0.6673996749019788,0.8676342755457089
0.8265331457419515,0.7031091894496279,0.7051446945216528,0.8260432222355396
0.808059080805908,0.7204242020776562,0.6955231446878778,0.8029047834892534
0.811134056100499,0.7025303019161754,0.6876358921778354,0.8120156813201963
0.8407816333683842,0.7095391758526346,0.6818565150586231,0.8422460821424621
0.8502698183476476,0.7042647670730832,0.7067376150934916,0.8455722267788269
0.807968496641186,0.674006443623441,0.6528481915513931,0.8108912890163792
0.8360549191648388,0.6993992164032496,0.6806308810356151,0.8388598964561028
0.8613796493527773,0.7265337941769029,0.68501651997508,0.8649614385282204
0.7985108100834305,0.7117568046096261,0.6836799353425589,0.7996970566033472
0.8283908152830715,0.7299703737727383,0.6834880782551624,0.8357981892650662
0.8074384157140557,0.7201020247026406,0.6968378162458521,0.8098567680264694
0.806370283217077,0.6758912060853745,0.6650057047354357,0.8070763303645451
0.8283470189218136,0.6583712981443467,0.6468841391576283,0.8282982991726813
